name,canonical_name,target_type
Hyderabad,"Hyderabad,Telangana,India",City
Nellore,"Nellore,Andhra Pradesh,India",City
Vijayawada,"Vijayawada,Andhra Pradesh,India",City
Visakhapatnam,"Visakhapatnam,Andhra Pradesh,India",City
Warangal,"Warangal,Telangana,India",City
Guwahati,"Guwahati,Assam,India",City
Silchar,"Silchar,Assam,India",City
Dhanbad,"Dhanbad,Jharkhand,India",City
Jamshedpur,"Jamshedpur,Jharkhand,India",City
Patna,"Patna,Bihar,India",City
New Delhi,"New Delhi,Delhi,India",City
Ahmedabad,"Ahmedabad,Gujarat,India",City
Anand,"Anand,Gujarat,India",City
Bharuch,"Bharuch,Gujarat,India",City
Gandhinagar,"Gandhinagar,Gujarat,India",City
Jamnagar,"Jamnagar,Gujarat,India",City
Rajkot,"Rajkot,Gujarat,India",City
Surat,"Surat,Gujarat,India",City
Vadodara,"Vadodara,Gujarat,India",City
Valsad,"Valsad,Gujarat,India",City
Faridabad,"Faridabad,Haryana,India",City
Gurgaon,"Gurgaon,Haryana,India",City
Panipat,"Panipat,Haryana,India",City
Srinagar,"Srinagar,Jammu and Kashmir,India",City
Bengaluru,"Bengaluru,Karnataka,India",City
Belgaum,"Belgaum,Karnataka,India",City
Dharwad,"Dharwad,Karnataka,India",City
Mangaluru,"Mangaluru,Karnataka,India",City
Mysuru,"Mysuru,Karnataka,India",City
Shivamogga,"Shivamogga,Karnataka,India",City
Kochi,"Kochi,Kerala,India",City
Kottayam,"Kottayam,Kerala,India",City
Kozhikode,"Kozhikode,Kerala,India",City
Thiruvananthapuram,"Thiruvananthapuram,Kerala,India",City
Aurangabad,"Aurangabad,Maharashtra,India",City
Kolhapur,"Kolhapur,Maharashtra,India",City
Mahape,"Mahape,Maharashtra,India",City
Mumbai,"Mumbai,Maharashtra,India",City
Nagpur,"Nagpur,Maharashtra,India",City
Nanded,"Nanded,Maharashtra,India",City
Pune,"Pune,Maharashtra,India",City
Sangli,"Sangli,Maharashtra,India",City
Solapur,"Solapur,Maharashtra,India",City
Shillong,"Shillong,Meghalaya,India",City
Bhopal,"Bhopal,Madhya Pradesh,India",City
Bilaspur,"Bilaspur,Chhattisgarh,India",City
Durg,"Durg,Chhattisgarh,India",City
Gwalior,"Gwalior,Madhya Pradesh,India",City
Indore,"Indore,Madhya Pradesh,India",City
Jabalpur,"Jabalpur,Madhya Pradesh,India",City
Bhubaneswar,"Bhubaneswar,Odisha,India",City
Amritsar,"Amritsar,Punjab,India",City
Chandigarh,"Chandigarh,Chandigarh,India",City
Ludhiana,"Ludhiana,Punjab,India",City
Sangrur,"Sangrur,Punjab,India",City
Puducherry,"Puducherry,Puducherry,India",City
Jaipur,"Jaipur,Rajasthan,India",City
Kota,"Kota,Rajasthan,India",City
Udaipur,"Udaipur,Rajasthan,India",City
Chennai,"Chennai,Tamil Nadu,India",City
Coimbatore,"Coimbatore,Tamil Nadu,India",City
Erode,"Erode,Tamil Nadu,India",City
Madurai,"Madurai,Tamil Nadu,India",City
Sivakasi,"Sivakasi,Tamil Nadu,India",City
Thanjavur,"Thanjavur,Tamil Nadu,India",City
Vellore,"Vellore,Tamil Nadu,India",City
Agartala,"Agartala,Tripura,India",City
Allahabad,"Allahabad,Uttar Pradesh,India",Municipality
Dehradun,"Dehradun,Uttarakhand,India",City
Ghaziabad,"Ghaziabad,Uttar Pradesh,India",City
Haldwani,"Haldwani,Uttarakhand,India",City
Haridwar,"Haridwar,Uttarakhand,India",City
Kanpur,"Kanpur,Uttar Pradesh,India",City
Lucknow,"Lucknow,Uttar Pradesh,India",City
Mathura,"Mathura,Uttar Pradesh,India",City
Noida,"Noida,Uttar Pradesh,India",City
Varanasi,"Varanasi,Uttar Pradesh,India",City
Kolkata,"Kolkata,West Bengal,India",City
Kharagpur,"Kharagpur,West Bengal,India",City
Andaman and Nicobar Islands,"Andaman and Nicobar Islands,India",Union Territory
Andhra Pradesh,"Andhra Pradesh,India",State
Assam,"Assam,India",State
Bihar,"Bihar,India",State
Delhi,"Delhi,India",Union Territory
Gujarat,"Gujarat,India",State
Haryana,"Haryana,India",State
Jammu and Kashmir,"Jammu and Kashmir,India",State
Karnataka,"Karnataka,India",State
Kerala,"Kerala,India",State
Maharashtra,"Maharashtra,India",State
Meghalaya,"Meghalaya,India",State
Madhya Pradesh,"Madhya Pradesh,India",State
Odisha,"Odisha,India",State
Punjab,"Punjab,India",State
Puducherry,"Puducherry,India",Union Territory
Rajasthan,"Rajasthan,India",State
Tamil Nadu,"Tamil Nadu,India",State
Tripura,"Tripura,India",State
Uttar Pradesh,"Uttar Pradesh,India",State
West Bengal,"West Bengal,India",State
Goa,"Goa,India",State
Arunachal Pradesh,"Arunachal Pradesh,India",State
Chhattisgarh,"Chhattisgarh,India",State
Himachal Pradesh,"Himachal Pradesh,India",State
Jharkhand,"Jharkhand,India",State
Manipur,"Manipur,India",State
Mizoram,"Mizoram,India",State
Nagaland,"Nagaland,India",State
Sikkim,"Sikkim,India",State
Uttarakhand,"Uttarakhand,India",State
Chandigarh,"Chandigarh,India",Union Territory
Dadra and Nagar Haveli,"Dadra and Nagar Haveli,India",Union Territory
Daman and Diu,"Daman and Diu,India",Union Territory
Lakshadweep,"Lakshadweep,India",Union Territory
Tezpur,"Tezpur,Assam,India",City
Imphal,"Imphal,Manipur,India",City
Shimla,"Shimla,Himachal Pradesh,India",City
Moradabad,"Moradabad,Uttar Pradesh,India",City
Meerut,"Meerut,Uttar Pradesh,India",City
Sonipat,"Sonipat,Haryana,India",City
Karnal,"Karnal,Haryana,India",City
Roorkee,"Roorkee,Uttarakhand,India",City
Patiala,"Patiala,Punjab,India",City
Pilani,"Pilani,Rajasthan,India",City
Jalandhar,"Jalandhar,Punjab,India",City
Kangra,"Kangra,Himachal Pradesh,India",City
Jammu,"Jammu,Jammu and Kashmir,India",City
Jodhpur,"Jodhpur,Rajasthan,India",City
Nadiad,"Nadiad,Gujarat,India",City
Bhavnagar,"Bhavnagar,Gujarat,India",City
Ajmer,"Ajmer,Rajasthan,India",City
Alwar,"Alwar,Rajasthan,India",City
Agra,"Agra,Uttar Pradesh,India",City
Aligarh,"Aligarh,Uttar Pradesh,India",City
Jhansi,"Jhansi,Uttar Pradesh,India",City
Sagar,"Sagar,Madhya Pradesh,India",City
Satna,"Satna,Madhya Pradesh,India",City
Gorakhpur,"Gorakhpur,Uttar Pradesh,India",City
Bareilly,"Bareilly,Uttar Pradesh,India",City
Siliguri,"Siliguri,West Bengal,India",City
Bokaro Steel City,"Bokaro Steel City,Jharkhand,India",City
Ranchi,"Ranchi,Jharkhand,India",City
Durgapur,"Durgapur,West Bengal,India",City
Bardhaman,"Bardhaman,West Bengal,India",City
Cuttack,"Cuttack,Odisha,India",City
Rourkela,"Rourkela,Odisha,India",City
Sambalpur,"Sambalpur,Odisha,India",City
Raipur,"Raipur,Chhattisgarh,India",City
Bhilai,"Bhilai,Chhattisgarh,India",City
Eluru,"Eluru,Andhra Pradesh,India",City
Rajahmundry,"Rajahmundry,Andhra Pradesh,India",City
Kakinada,"Kakinada,Andhra Pradesh,India",City
Brahmapur,"Brahmapur,Odisha,India",City
Guntur,"Guntur,Andhra Pradesh,India",City
Tirupati,"Tirupati,Andhra Pradesh,India",City
Sembakkam,"Sembakkam,Tamil Nadu,India",Neighborhood
Irumbuliyur,"Irumbuliyur,Tamil Nadu,India",Neighborhood
Virudhunagar,"Virudhunagar,Tamil Nadu,India",City
Tirunelveli,"Tirunelveli,Tamil Nadu,India",City
Kollam,"Kollam,Kerala,India",City
Mavelikara,"Mavelikara,Kerala,India",City
Ernakulam,"Ernakulam,Kerala,India",City
Alappuzha,"Alappuzha,Kerala,India",City
Kannur,"Kannur,Kerala,India",City
Thrissur,"Thrissur,Kerala,India",City
Palakkad,"Palakkad,Kerala,India",City
Tiruchirappalli,"Tiruchirappalli,Tamil Nadu,India",City
Salem,"Salem,Tamil Nadu,India",City
Chittoor,"Chittoor,Andhra Pradesh,India",City
Hosur,"Hosur,Tamil Nadu,India",City
Anantapur,"Anantapur,Andhra Pradesh,India",City
Kurnool,"Kurnool,Andhra Pradesh,India",City
Ballari,"Ballari,Karnataka,India",City
Hubballi,"Hubballi,Karnataka,India",City
Manipal,"Manipal,Karnataka,India",City
Margao,"Margao,Goa,India",City
Panaji,"Panaji,Goa,India",City
Vasco da Gama,"Vasco da Gama,Goa,India",City
Pimpri-Chinchwad,"Pimpri-Chinchwad,Maharashtra,India",City
Vijayapura,"Vijayapura,Karnataka,India",City
Secunderabad,"Secunderabad,Telangana,India",City
Karimnagar,"Karimnagar,Telangana,India",City
Latur,"Latur,Maharashtra,India",City
Jalgaon,"Jalgaon,Maharashtra,India",Municipality
Nashik,"Nashik,Maharashtra,India",City
Dhule,"Dhule,Maharashtra,India",City
Vapi,"Vapi,Gujarat,India",City
Ambernath,"Ambernath,Maharashtra,India",City
Ulhasnagar,"Ulhasnagar,Maharashtra,India",City
Dombivli,"Dombivli,Maharashtra,India",City
Kalyan,"Kalyan,Maharashtra,India",City
Virar,"Virar,Maharashtra,India",City
Vasai,"Vasai,Maharashtra,India",Municipality
Mira Bhayandar,"Mira Bhayandar,Maharashtra,India",City
Thane,"Thane,Maharashtra,India",City
Navi Mumbai,"Navi Mumbai,Maharashtra,India",City
Chhatrapati Shivaji International Airport,"Chhatrapati Shivaji International Airport,Maharashtra,India",Airport
HAL Bangalore International Airport,"HAL Bangalore International Airport,Karnataka,India",Airport
Sardar Vallabhbhai Patel International Airport,"Sardar Vallabhbhai Patel International Airport,Gujarat,India",Airport
Vadodara Airport,"Vadodara Airport,Gujarat,India",Airport
Netaji Subhash Chandra Bose International Airport,"Netaji Subhash Chandra Bose International Airport,West Bengal,India",Airport
Indira Gandhi International Airport,"Indira Gandhi International Airport,Delhi,India",Airport
Rajiv Gandhi International Airport,"Rajiv Gandhi International Airport,Telangana,India",Airport
Jaipur International Airport,"Jaipur International Airport,Rajasthan,India",Airport
Chennai International Airport,"Chennai International Airport,Tamil Nadu,India",Airport
Pune Airport,"Pune Airport,Maharashtra,India",Airport
Ambala Cantt,"Ambala Cantt,Haryana,India",City
Angul,"Angul,Odisha,India",City
Ankleshwar,"Ankleshwar,Gujarat,India",City
Baddi,"Baddi,Himachal Pradesh,India",City
Badlapur,"Badlapur,Maharashtra,India",City
Barnala,"Barnala,Punjab,India",City
Bathinda,"Bathinda,Punjab,India",City
Bhimavaram,"Bhimavaram,Andhra Pradesh,India",City
Bhiwandi,"Bhiwandi,Maharashtra,India",City
Bhuj,"Bhuj,Gujarat,India",City
Bikaner,"Bikaner,Rajasthan,India",City
Boisar,"Boisar,Maharashtra,India",City
Chengannur,"Chengannur,Kerala,India",City
Dharamshala,"Dharamshala,Himachal Pradesh,India",City
Dibrugarh,"Dibrugarh,Assam,India",City
Dindigul,"Dindigul,Tamil Nadu,India",City
Malda,"Malda,West Bengal,India",City
Ferozepur,"Ferozepur,Punjab,India",City
Gandhidham,"Gandhidham,Gujarat,India",City
Girinagar,"Girinagar,Maharashtra,India",City
Greater Noida,"Greater Noida,Uttar Pradesh,India",City
Kalaburagi,"Kalaburagi,Karnataka,India",City
Hisar,"Hisar,Haryana,India",City
Hoshiarpur,"Hoshiarpur,Punjab,India",City
Hosapete,"Hosapete,Karnataka,India",City
Howrah,"Howrah,West Bengal,India",City
Jharsuguda,"Jharsuguda,Odisha,India",City
Kakkanad,"Kakkanad,Kerala,India",City
Karaikudi,"Karaikudi,Tamil Nadu,India",City
Karur,"Karur,Tamil Nadu,India",City
Khammam,"Khammam,Telangana,India",City
Korba,"Korba,Chhattisgarh,India",City
Kurukshetra,"Kurukshetra,Haryana,India",City
Mehsana,"Mehsana,Gujarat,India",City
Sahibzada Ajit Singh Nagar,"Sahibzada Ajit Singh Nagar,India",City
Mullana,"Mullana,Haryana,India",City
Nagercoil,"Nagercoil,Tamil Nadu,India",City
Namakkal,"Namakkal,Tamil Nadu,India",City
Navsari,"Navsari,Gujarat,India",City
Nizamabad,"Nizamabad,Telangana,India",City
Ongole,"Ongole,Andhra Pradesh,India",City
Pathanamthitta,"Pathanamthitta,Kerala,India",City
Purnea,"Purnea,Bihar,India",City
Raigarh,"Raigarh,Chhattisgarh,India",City
Raysan,"Raysan,Gujarat,India",City
Rishikesh,"Rishikesh,Uttarakhand,India",City
Rohtak,"Rohtak,Haryana,India",City
Rudrapur,"Rudrapur,Uttarakhand,India",City
Samastipur,"Samastipur,Bihar,India",City
Satara,"Satara,Maharashtra,India",City
Tiruppur,"Tiruppur,Tamil Nadu,India",City
Thoothukudi,"Thoothukudi,Tamil Nadu,India",City
Udupi,"Udupi,Karnataka,India",City
Unnao,"Unnao,Uttar Pradesh,India",City
Yamuna Nagar,"Yamuna Nagar,Haryana,India",City
Telangana,"Telangana,India",State
Hampi,"Hampi,Karnataka,India",City
Khanna,"Khanna,Punjab,India",City
Gokul Shirgaon,"Gokul Shirgaon,Maharashtra,India",City
Chadasna,"Chadasna,Gujarat,India",City
Bagaveli,"Bagaveli,Tamil Nadu,India",City
Barshi,"Barshi,Pune Division,Maharashtra,India",City
Kolar Gold Fields,"Kolar Gold Fields,Karnataka,India",City
Kilmudalambedu,"Kilmudalambedu,Tamil Nadu,India",City
Ola,"Ola,Gujarat,India",City
Doddaballapura,"Doddaballapura,Karnataka,India",City
Alathur,"Alathur,Kerala,India",City
Mulanthuruthy,"Mulanthuruthy,Kerala,India",City
Pali,"Pali,Haryana,India",City
Burgul,"Burgul,Telangana,India",City
Pimpalgaon Baswant,"Pimpalgaon Baswant,Maharashtra,India",City
Mayiladuthurai,"Mayiladuthurai,Tamil Nadu,India",City
Neral,"Neral,Maharashtra,India",City
Saeo Patti Banger,"Saeo Patti Banger,Uttar Pradesh,India",City
Kandi,"Kandi,Telangana,India",City
Chowttahalli,"Chowttahalli,Tamil Nadu,India",City
Pithampur,"Pithampur,Madhya Pradesh,India",City
Satauli,"Satauli,Uttar Pradesh,India",City
Kasurdi,"Kasurdi,Maharashtra,India",City
Ratnagiri,"Ratnagiri,Maharashtra,India",City
Mamandur,"Mamandur,Tamil Nadu,India",City
Hindaun,"Hindaun,Rajasthan,India",City
Pargaon,"Pargaon,Maharashtra,India",City
Karaipudur,"Karaipudur,Tamil Nadu,India",City
Theekariya,"Theekariya,Rajasthan,India",City
Kartarpur,"Kartarpur,Punjab,India",City
Chittaranjan,"Chittaranjan,West Bengal,India",City
Churu,"Churu,Rajasthan,India",City
Luharli 139 Basantpur Bangar,"Luharli 139 Basantpur Bangar,Uttar Pradesh,India",City
Cuddalore,"Cuddalore,Tamil Nadu,India",City
Kesra,"Kesra,Gujarat,India",City
Delhi,"Delhi,Delhi,India",City
Ravulapalem,"Ravulapalem,Andhra Pradesh,India",City
Jejuri,"Jejuri,Maharashtra,India",City
Nerul,"Nerul,Goa,India",City
Mirpur,"Mirpur,Punjab,India",City
Tatarpur,"Tatarpur,Uttar Pradesh,India",City
Dodka,"Dodka,Gujarat,India",City
Auraiya,"Auraiya,Uttar Pradesh,India",City
Mettathur,"Mettathur,Tamil Nadu,India",City
Kayamkulam,"Kayamkulam,Kerala,India",City
Thenhipalam,"Thenhipalam,Kerala,India",City
Vaikundam,"Vaikundam,Tamil Nadu,India",City
Haripad,"Haripad,Kerala,India",City
Perumbairkandigai,"Perumbairkandigai,Tamil Nadu,India",City
Halvad,"Halvad,Gujarat,India",City
Ojhar,"Ojhar,Maharashtra,India",City
Umbraj,"Umbraj,Maharashtra,India",City
Sokhada,"Sokhada,Gujarat,India",City
Ten,"Ten,Maharashtra,India",City
Macharam,"Macharam,Telangana,India",City
Harishchandri,"Harishchandri,Maharashtra,India",City
Aikaranad South,"Aikaranad South,Kerala,India",City
Adoor,"Adoor,Kerala,India",City
Uruli Kanchan,"Uruli Kanchan,Maharashtra,India",City
Poiya,"Poiya,Uttar Pradesh,India",City
Perundurai,"Perundurai,Tamil Nadu,India",City
Kalipalayam,"Kalipalayam,Tamil Nadu,India",City
Nuniawal,"Nuniawal,Haryana,India",City
Benaulim,"Benaulim,Goa,India",City
Majorda,"Majorda,Goa,India",City
Varkala,"Varkala,Kerala,India",City
Garh Mukteshwar,"Garh Mukteshwar,Uttar Pradesh,India",City
Ramnagar,"Ramnagar,Gujarat,India",City
Shendre,"Shendre,Maharashtra,India",City
Motichur Range,"Motichur Range,Uttarakhand,India",City
Garhi Multan,"Garhi Multan,Haryana,India",City
Bapatla,"Bapatla,Andhra Pradesh,India",City
Nandurbar,"Nandurbar,Maharashtra,India",City
Motihari,"Motihari,Bihar,India",City
Panruti,"Panruti,Tamil Nadu,India",City
Samalkha,"Samalkha,Haryana,India",City
Moodadi,"Moodadi,Kerala,India",City
Kanniyakumari,"Kanniyakumari,Tamil Nadu,India",City
Saswad,"Saswad,Maharashtra,India",City
Kalikavundanpalayam,"Kalikavundanpalayam,Tamil Nadu,India",City
Orwad,"Orwad,Gujarat,India",City
Pali,"Pali,Maharashtra,India",City
Suratgarh,"Suratgarh,Rajasthan,India",City
Karamadai,"Karamadai,Tamil Nadu,India",City
Betul,"Betul,Madhya Pradesh,India",City
Rampura Dabri,"Rampura Dabri,Rajasthan,India",City
Vav,"Vav,Gujarat,India",City
Mudichur,"Mudichur,Tamil Nadu,India",City
Kolar,"Kolar,Karnataka,India",City
Adhe kh.,"Adhe kh.,Maharashtra,India",City
Javara,"Javara,Uttar Pradesh,India",City
Birjapur,"Birjapur,Uttar Pradesh,India",City
Baladare,"Baladare,Karnataka,India",City
Edamulackal,"Edamulackal,Kerala,India",City
Jamtha,"Jamtha,Maharashtra,India",City
Pallippuram,"Pallippuram,Kerala,India",City
Bankura,"Bankura,West Bengal,India",City
Barabanki,"Barabanki,Uttar Pradesh,India",City
Jetpur,"Jetpur,Gujarat,India",City
Sirsala,"Sirsala,Haryana,India",City
Marampally,"Marampally,Kerala,India",City
Lakhimpur,"Lakhimpur,Uttar Pradesh,India",City
Jhanghar,"Jhanghar,Gujarat,India",City
Oddanchatram,"Oddanchatram,Tamil Nadu,India",City
Handia,"Handia,Uttar Pradesh,India",City
Ambala Sadar,"Ambala Sadar,Haryana,India",City
Nangal,"Nangal,Punjab,India",City
Kamarkuchi N.C.,"Kamarkuchi N.C.,Assam,India",City
Haloli,"Haloli,Maharashtra,India",City
Vadacheri,"Vadacheri,Tamil Nadu,India",City
Jinjar,"Jinjar,Gujarat,India",City
Bhimadole,"Bhimadole,Andhra Pradesh,India",City
Nala Sopara,"Nala Sopara,Maharashtra,India",City
Simrauli,"Simrauli,Uttar Pradesh,India",City
Anjuna,"Anjuna,Goa,India",City
Durves,"Durves,Maharashtra,India",City
Chandauli,"Chandauli,Uttar Pradesh,India",City
Budaun,"Budaun,Uttar Pradesh,India",City
Jhajjar,"Jhajjar,Haryana,India",City
Ettumanoor,"Ettumanoor,Kerala,India",City
Vadape,"Vadape,Maharashtra,India",City
Omalur,"Omalur,Tamil Nadu,India",City
Palasa at Kasibugga,"Palasa at Kasibugga,Andhra Pradesh,India",City
Thikariyala,"Thikariyala,Gujarat,India",City
Madhanur,"Madhanur,Tamil Nadu,India",City
Joya,"Joya,Uttar Pradesh,India",City
Maduranthakam,"Maduranthakam,Tamil Nadu,India",City
Ponmudi,"Ponmudi,Tamil Nadu,India",City
Pimpalner,"Pimpalner,Maharashtra,India",City
Tarn Taran Sahib,"Tarn Taran Sahib,Punjab,India",City
Singh,"Singh,Punjab,India",City
Motiwada,"Motiwada,Gujarat,India",City
Ramagundam,"Ramagundam,Telangana,India",City
Pantnagar,"Pantnagar,Uttarakhand,India",City
Dibiyapur,"Dibiyapur,Uttar Pradesh,India",City
Kashipur,"Kashipur,Uttarakhand,India",City
Arasur,"Arasur,Tamil Nadu,India",City
Pen,"Pen,Maharashtra,India",City
Karhans,"Karhans,Haryana,India",City
Murugampalayam,"Murugampalayam,Tamil Nadu,India",City
Kasganj,"Kasganj,Uttar Pradesh,India",City
Muzaffar Nagar Ghusval,"Muzaffar Nagar Ghusval,Uttar Pradesh,India",City
Rayamangalam,"Rayamangalam,Kerala,India",City
Karanampettai,"Karanampettai,Tamil Nadu,India",City
Ch. Sir Chhotu Ram Nagar,"Ch. Sir Chhotu Ram Nagar,Haryana,India",City
Hazira,"Hazira,Gujarat,India",City
Davanagere,"Davanagere,Karnataka,India",City
Gaya,"Gaya,Bihar,India",City
Payradanga,"Payradanga,West Bengal,India",City
Patti Kalyana,"Patti Kalyana,Haryana,India",City
Bhigwan,"Bhigwan,Maharashtra,India",City
Sonepur,"Sonepur,Saran Division,Bihar,India",City
Nakrekal,"Nakrekal,Telangana,India",City
Teelawas,"Teelawas,Rajasthan,India",City
Dhampur,"Dhampur,Uttar Pradesh,India",City
Madanapalle,"Madanapalle,Andhra Pradesh,India",City
Chilakaluripet,"Chilakaluripet,Andhra Pradesh,India",City
Tandur,"Tandur,Telangana,India",City
Vattamkulam,"Vattamkulam,Kerala,India",City
Deoria,"Deoria,Uttar Pradesh,India",City
Nimgaon Mhalungi,"Nimgaon Mhalungi,Maharashtra,India",City
Mathikere,"Mathikere,Karnataka,India",City
Sarola,"Sarola,Maharashtra,India",City
Venkannaguda,"Venkannaguda,Telangana,India",City
Bhavani,"Bhavani,Tamil Nadu,India",City
Banur,"Banur,Punjab,India",City
Hulthar State Forest,"Hulthar State Forest,Karnataka,India",City
Pallichal,"Pallichal,Kerala,India",City
Achrol,"Achrol,Rajasthan,India",City
Aradi Socorro,"Aradi Socorro,Goa,India",City
Farah,"Farah,Uttar Pradesh,India",City
Sirhind,"Sirhind,Punjab,India",City
Chelari,"Chelari,Kerala,India",City
Malappuram,"Malappuram,Kerala,India",City
Chithode,"Chithode,Tamil Nadu,India",City
Firozabad,"Firozabad,Uttar Pradesh,India",City
Dungri,"Dungri,Gujarat,India",City
Moga,"Moga,Punjab,India",City
Surendranagar,"Surendranagar,Gujarat,India",City
Kota,"Kota,Uttar Pradesh,India",City
Kuna,"Kuna,Gujarat,India",City
Alamgir,"Alamgir,Gujarat,India",City
Nagaur,"Nagaur,Rajasthan,India",City
Taliparamba,"Taliparamba,Kerala,India",City
Nawalgarh,"Nawalgarh,Rajasthan,India",City
Akbarpur,"Akbarpur,Ayodhya Division,Uttar Pradesh,India",City
Diwancheruvu,"Diwancheruvu,Andhra Pradesh,India",City
Akola,"Akola,Maharashtra,India",City
Reis Magos,"Reis Magos,Goa,India",City
Ladakh,"Ladakh,India",Territory
Abhanpur,"Abhanpur,Bastar Division,Chhattisgarh,India",City
Akaltara,"Akaltara,Raipur Division,Chhattisgarh,India",City
Akaltara,"Akaltara,Bilaspur Division,Chhattisgarh,India",City
Akaltara,"Akaltara,Raipur Division,Chhattisgarh,India",City
Arang,"Arang,Chhattisgarh,India",City
Baloda,"Baloda,Raipur Division,Chhattisgarh,India",City
Baloda Bazar,"Baloda Bazar,Chhattisgarh,India",City
Balrampur,"Balrampur,Chhattisgarh,India",City
Basna,"Basna,Chhattisgarh,India",City
Bastanar,"Bastanar,Chhattisgarh,India",City
Bijapur,"Bijapur,Chhattisgarh,India",City
Bilaigarh,"Bilaigarh,Chhattisgarh,India",City
Bilha,"Bilha,Chhattisgarh,India",City
Champa,"Champa,Raipur Division,Chhattisgarh,India",City
Champa,"Champa,Bilaspur Division,Chhattisgarh,India",City
Chhuikhadan,"Chhuikhadan,Chhattisgarh,India",City
Darbha,"Darbha,Chhattisgarh,India",City
Dhamtari,"Dhamtari,Chhattisgarh,India",City
Kasdol,"Kasdol,Chhattisgarh,India",City
Kondagaon,"Kondagaon,Chhattisgarh,India",City
Kuakonda,"Kuakonda,Chhattisgarh,India",City
Kurud,"Kurud,Durg Division,Chhattisgarh,India",City
Lundra,"Lundra,Chhattisgarh,India",City
Mainpur,"Mainpur,Bastar Division,Chhattisgarh,India",City
Manora,"Manora,Chhattisgarh,India",City
Mungeli,"Mungeli,Bilaspur Division,Chhattisgarh,India",City
Mungeli,"Mungeli,Durg Division,Chhattisgarh,India",City
Narayanpur,"Narayanpur,Surguja Division,Chhattisgarh,India",City
Narayanpur,"Narayanpur,Chhattisgarh,India",City
Narayanpur,"Narayanpur,Chhattisgarh,India",City
Narayanpur,"Narayanpur,Bilaspur Division,Chhattisgarh,India",City
Narayanpur,"Narayanpur,Bilaspur Division,Chhattisgarh,India",City
Nawagarh,"Nawagarh,Bilaspur Division,Chhattisgarh,India",City
Nawagarh,"Nawagarh,Chhattisgarh,India",City
Nawagarh,"Nawagarh,Bastar Division,Chhattisgarh,India",City
Palari,"Palari,Durg Division,Chhattisgarh,India",City
Palari,"Palari,Raipur Division,Chhattisgarh,India",City
Pamgarh,"Pamgarh,Chhattisgarh,India",City
Pandariya,"Pandariya,Durg Division,Chhattisgarh,India",City
Pandariya,"Pandariya,Chhattisgarh,India",City
Pandariya,"Pandariya,Durg Division,Chhattisgarh,India",City
Pendra,"Pendra,Chhattisgarh,India",City
Pratappur,"Pratappur,Chhattisgarh,India",City
Premnagar,"Premnagar,Chhattisgarh,India",City
Rajim,"Rajim,Chhattisgarh,India",City
Rajpur,"Rajpur,Raipur Division,Chhattisgarh,India",City
Rajpur,"Rajpur,Durg Division,Chhattisgarh,India",City
Rajpur,"Rajpur,Raipur Division,Chhattisgarh,India",City
Rajpur,"Rajpur,Bilaspur Division,Chhattisgarh,India",City
Rajpur,"Rajpur,Bilaspur Division,Chhattisgarh,India",City
Phek,"Phek,Nagaland,India",Municipality
Moman Barodiya,"Moman Barodiya,Madhya Pradesh,India",Municipality
Bengabad,"Bengabad,Jharkhand,India",Municipality
Rangjuli Circle,"Rangjuli Circle,Assam,India",Municipality
Nandikotkur,"Nandikotkur,Andhra Pradesh,India",Municipality
Kajuluru,"Kajuluru,Andhra Pradesh,India",Municipality
Jagannathpur,"Jagannathpur,Jharkhand,India",Municipality
Dergaon Circle,"Dergaon Circle,Assam,India",Municipality
Ballabgarh,"Ballabgarh,Haryana,India",Municipality
Sohawal,"Sohawal,Uttar Pradesh,India",Municipality
Markaccho,"Markaccho,Jharkhand,India",Municipality
Ghansaur,"Ghansaur,Madhya Pradesh,India",Municipality
Nadoti,"Nadoti,Rajasthan,India",Municipality
Palus,"Palus,Maharashtra,India",Municipality
Koliana,"Koliana,Odisha,India",Municipality
Lilia,"Lilia,Gujarat,India",Municipality
Peshrar,"Peshrar,Jharkhand,India",Municipality
Dhuri,"Dhuri,Punjab,India",Municipality
Vedurukuppam,"Vedurukuppam,Andhra Pradesh,India",Municipality
Medak,"Medak,Telangana,India",Municipality
Pedda Cherlopalli,"Pedda Cherlopalli,Andhra Pradesh,India",Municipality
Palghar,"Palghar,Maharashtra,India",Municipality
Amadagur,"Amadagur,Andhra Pradesh,India",Municipality
Kamalapuram,"Kamalapuram,Andhra Pradesh,India",Municipality
Rajnagar,"Rajnagar,Odisha,India",Municipality
Karanjia,"Karanjia,Odisha,India",Municipality
Muli,"Muli,Gujarat,India",Municipality
Biswan,"Biswan,Uttar Pradesh,India",Municipality
Kodakandla,"Kodakandla,Telangana,India",Municipality
Sitapur,"Sitapur,Uttar Pradesh,India",Municipality
Chotila,"Chotila,Gujarat,India",Municipality
Chintamani,"Chintamani,Karnataka,India",Municipality
Rakar,"Rakar,Himachal Pradesh,India",Municipality
Bahuriband,"Bahuriband,Madhya Pradesh,India",Municipality
Palakollu,"Palakollu,Andhra Pradesh,India",Municipality
Pen,"Pen,Maharashtra,India",Municipality
Komana,"Komana,Odisha,India",Municipality
Sanchor,"Sanchor,Rajasthan,India",Municipality
Kumharsain,"Kumharsain,Himachal Pradesh,India",Municipality
Ranapur,"Ranapur,Odisha,India",Municipality
Haidargarh,"Haidargarh,Uttar Pradesh,India",Municipality
Attur,"Attur,Tamil Nadu,India",Municipality
Iragavaram,"Iragavaram,Andhra Pradesh,India",Municipality
Kaliabar Circle,"Kaliabar Circle,Assam,India",Municipality
Peddaparupudi,"Peddaparupudi,Andhra Pradesh,India",Municipality
Kulsaram,"Kulsaram,Telangana,India",Municipality
Lokeshwaram,"Lokeshwaram,Telangana,India",Municipality
Ratnagiri,"Ratnagiri,Maharashtra,India",Municipality
Bano,"Bano,Jharkhand,India",Municipality
Devgarh,"Devgarh,Rajasthan,India",Municipality
Baijnath,"Baijnath,Himachal Pradesh,India",Municipality
Prattipadu,"Prattipadu,Andhra Pradesh,India",Municipality
Gopikandar,"Gopikandar,Jharkhand,India",Municipality
Medchal,"Medchal,Telangana,India",Municipality
Morshi,"Morshi,Maharashtra,India",Municipality
Amarpatan,"Amarpatan,Madhya Pradesh,India",Municipality
Begusarai,"Begusarai,Bihar,India",Municipality
Borio,"Borio,Jharkhand,India",Municipality
Kamjong,"Kamjong,Manipur,India",Municipality
Surgana,"Surgana,Maharashtra,India",Municipality
Gaddamanugu Konduru,"Gaddamanugu Konduru,Andhra Pradesh,India",Municipality
Saiha,"Saiha,Mizoram,India",Municipality
Panvel,"Panvel,Maharashtra,India",Municipality
Lakhipur,"Lakhipur,Assam,India",Municipality
Nizampatnam,"Nizampatnam,Andhra Pradesh,India",Municipality
Nilagiri,"Nilagiri,Odisha,India",Municipality
Songadh,"Songadh,Gujarat,India",Municipality
Karempudi,"Karempudi,Andhra Pradesh,India",Municipality
Mandal,"Mandal,Gujarat,India",Municipality
Ashti,"Ashti,Maharashtra,India",Municipality
Bailhongal,"Bailhongal,Karnataka,India",Municipality
Mulchera,"Mulchera,Maharashtra,India",Municipality
Talod,"Talod,Gujarat,India",Municipality
Tamar,"Tamar,Jharkhand,India",Municipality
Shirpur,"Shirpur,Maharashtra,India",Municipality
Shohratgarh,"Shohratgarh,Uttar Pradesh,India",Municipality
Narsinghgarh,"Narsinghgarh,Madhya Pradesh,India",Municipality
Vinukonda,"Vinukonda,Andhra Pradesh,India",Municipality
Doboka Circle,"Doboka Circle,Assam,India",Municipality
Muddebihal,"Muddebihal,Karnataka,India",Municipality
Khelari,"Khelari,Jharkhand,India",Municipality
Tirurangadi,"Tirurangadi,Kerala,India",Municipality
Kodinar,"Kodinar,Gujarat,India",Municipality
Gudibanda,"Gudibanda,Andhra Pradesh,India",Municipality
Mehekar,"Mehekar,Maharashtra,India",Municipality
Ambattur,"Ambattur,Tamil Nadu,India",Municipality
Mahudha,"Mahudha,Gujarat,India",Municipality
Mal,"Mal,West Bengal,India",Municipality
Dongergaon,"Dongergaon,Chhattisgarh,India",Municipality
Penumur,"Penumur,Andhra Pradesh,India",Municipality
Kotabommali,"Kotabommali,Andhra Pradesh,India",Municipality
Gadhinglaj,"Gadhinglaj,Maharashtra,India",Municipality
Pollachi,"Pollachi,Tamil Nadu,India",Municipality
Tehri,"Tehri,Uttarakhand,India",Municipality
Manihari,"Manihari,Jharkhand,India",Municipality
Chainpur,"Chainpur,Palamu Division,Jharkhand,India",Municipality
Forbesganj,"Forbesganj,Bihar,India",Municipality
Kunnamkulam,"Kunnamkulam,Kerala,India",Municipality
Kharsia,"Kharsia,Chhattisgarh,India",Municipality
Tiruttani,"Tiruttani,Tamil Nadu,India",Municipality
Sangareddy,"Sangareddy,Telangana,India",Municipality
Kashipur,"Kashipur,Odisha,India",Municipality
Sitampeta,"Sitampeta,Andhra Pradesh,India",Municipality
Baldwara,"Baldwara,Himachal Pradesh,India",Municipality
Jhajjar,"Jhajjar,Haryana,India",Municipality
Gadwal,"Gadwal,Telangana,India",Municipality
Bhind,"Bhind,Madhya Pradesh,India",Municipality
Chintakommadinne,"Chintakommadinne,Andhra Pradesh,India",Municipality
Gondpipri,"Gondpipri,Maharashtra,India",Municipality
Manoharthana,"Manoharthana,Rajasthan,India",Municipality
Vemuru,"Vemuru,Andhra Pradesh,India",Municipality
Dera Gopipur,"Dera Gopipur,Himachal Pradesh,India",Municipality
Shiggaon,"Shiggaon,Karnataka,India",Municipality
Patancheruvu,"Patancheruvu,Telangana,India",Municipality
Peddavegi,"Peddavegi,Andhra Pradesh,India",Municipality
Veldurti,"Veldurti,Andhra Pradesh,India",Municipality
Saraswati Vihar,"Saraswati Vihar,Delhi,India",Municipality
Patharighat,"Patharighat,Assam,India",Municipality
Nagaram,"Nagaram,Andhra Pradesh,India",Municipality
Kubir,"Kubir,Telangana,India",Municipality
Khordha,"Khordha,Odisha,India",Municipality
Dhod,"Dhod,Rajasthan,India",Municipality
Fatehpur,"Fatehpur,Himachal Pradesh,India",Municipality
Paderu,"Paderu,Andhra Pradesh,India",Municipality
Solapur-N,"Solapur-N,Maharashtra,India",Municipality
Agiripalle,"Agiripalle,Andhra Pradesh,India",Municipality
Bhadra,"Bhadra,Rajasthan,India",Municipality
Tharad,"Tharad,Gujarat,India",Municipality
Kamavarapukota,"Kamavarapukota,Andhra Pradesh,India",Municipality
Kallur,"Kallur,Andhra Pradesh,India",Municipality
Harihar,"Harihar,Bangalore Division,Karnataka,India",Municipality
Barkot (Rajgarhi),"Barkot (Rajgarhi),Uttarakhand,India",Municipality
Trissur,"Trissur,Kerala,India",Municipality
Munak,"Munak,Punjab,India",Municipality
Ghatampur,"Ghatampur,Uttar Pradesh,India",Municipality
Chaurah,"Chaurah,Himachal Pradesh,India",Municipality
Kamakhyanagar,"Kamakhyanagar,Odisha,India",Municipality
Sheoganj,"Sheoganj,Rajasthan,India",Municipality
Baloda Bazar,"Baloda Bazar,Chhattisgarh,India",Municipality
Nandapur,"Nandapur,Odisha,India",Municipality
Jammalamadugu,"Jammalamadugu,Andhra Pradesh,India",Municipality
Mandvi,"Mandvi,Gujarat,India",Municipality
Rahatgarh,"Rahatgarh,Madhya Pradesh,India",Municipality
Bongaigaon Circle,"Bongaigaon Circle,Assam,India",Municipality
Chinna Chinthakunta,"Chinna Chinthakunta,Telangana,India",Municipality
Shahabad,"Shahabad,Uttar Pradesh,India",Municipality
Jaisinghpur,"Jaisinghpur,Uttar Pradesh,India",Municipality
Mulbagal,"Mulbagal,Karnataka,India",Municipality
Sirsa,"Sirsa,Haryana,India",Municipality
Sinapalli,"Sinapalli,Odisha,India",Municipality
Duldula,"Duldula,Chhattisgarh,India",Municipality
Giddalur,"Giddalur,Andhra Pradesh,India",Municipality
Wankidi,"Wankidi,Telangana,India",Municipality
Devikulam,"Devikulam,Kerala,India",Municipality
Basna,"Basna,Chhattisgarh,India",Municipality
Boko Circle,"Boko Circle,Assam,India",Municipality
Nallamada,"Nallamada,Andhra Pradesh,India",Municipality
Tokapal,"Tokapal,Chhattisgarh,India",Municipality
Venkatapuram,"Venkatapuram,Telangana,India",Municipality
Jhabua,"Jhabua,Madhya Pradesh,India",Municipality
Kolayat,"Kolayat,Rajasthan,India",Municipality
Hayathnagar,"Hayathnagar,Telangana,India",Municipality
Kosgi,"Kosgi,Telangana,India",Municipality
Santanutalapadu,"Santanutalapadu,Andhra Pradesh,India",Municipality
Patan,"Patan,Maharashtra,India",Municipality
Musiri,"Musiri,Tamil Nadu,India",Municipality
Ghantasala,"Ghantasala,Andhra Pradesh,India",Municipality
Jaura,"Jaura,Madhya Pradesh,India",Municipality
Safipur,"Safipur,Uttar Pradesh,India",Municipality
Coonoor,"Coonoor,Tamil Nadu,India",Municipality
Pahari,"Pahari,Rajasthan,India",Municipality
Kambham,"Kambham,Andhra Pradesh,India",Municipality
Kakdwip,"Kakdwip,West Bengal,India",Municipality
Jaldega,"Jaldega,Jharkhand,India",Municipality
Bommanahal,"Bommanahal,Andhra Pradesh,India",Municipality
Peddanayakkanpalayam,"Peddanayakkanpalayam,Tamil Nadu,India",Municipality
Karanprayag,"Karanprayag,Uttarakhand,India",Municipality
Kadur,"Kadur,Karnataka,India",Municipality
Jalalpore,"Jalalpore,Gujarat,India",Municipality
Himatnagar,"Himatnagar,Gujarat,India",Municipality
Devarkadra,"Devarkadra,Telangana,India",Municipality
Saluni,"Saluni,Himachal Pradesh,India",Municipality
Relmagra,"Relmagra,Rajasthan,India",Municipality
Pakur,"Pakur,Jharkhand,India",Municipality
Dalsinghsarai,"Dalsinghsarai,Bihar,India",Municipality
Mangalvedhe,"Mangalvedhe,Maharashtra,India",Municipality
Deori,"Deori,Madhya Pradesh,India",Municipality
Chhura,"Chhura,Chhattisgarh,India",Municipality
Raipur Karchuliyan,"Raipur Karchuliyan,Madhya Pradesh,India",Municipality
Ootacamund,"Ootacamund,Tamil Nadu,India",Municipality
Vedaranyam,"Vedaranyam,Tamil Nadu,India",Municipality
Barrackpur,"Barrackpur,West Bengal,India",Municipality
Satari,"Satari,Goa,India",Municipality
Sringeri,"Sringeri,Karnataka,India",Municipality
Chakrata,"Chakrata,Uttarakhand,India",Municipality
Soegaon,"Soegaon,Maharashtra,India",Municipality
Gola,"Gola,Jharkhand,India",Municipality
Salekasa,"Salekasa,Maharashtra,India",Municipality
Hiriyur,"Hiriyur,Karnataka,India",Municipality
Jilugumilli,"Jilugumilli,Andhra Pradesh,India",Municipality
Balumath,"Balumath,Jharkhand,India",Municipality
Khunta,"Khunta,Odisha,India",Municipality
Nawabpet,"Nawabpet,Telangana,India",Municipality
Herhang,"Herhang,Jharkhand,India",Municipality
Sulya,"Sulya,Karnataka,India",Municipality
Bagicha,"Bagicha,Chhattisgarh,India",Municipality
Chitvel,"Chitvel,Andhra Pradesh,India",Municipality
Meliyaputti,"Meliyaputti,Andhra Pradesh,India",Municipality
Tondangi,"Tondangi,Andhra Pradesh,India",Municipality
Garbada,"Garbada,Gujarat,India",Municipality
Korukonda,"Korukonda,Andhra Pradesh,India",Municipality
Amaravati,"Amaravati,Andhra Pradesh,India",Municipality
Pachora,"Pachora,Maharashtra,India",Municipality
Ron,"Ron,Karnataka,India",Municipality
Peda Kakani,"Peda Kakani,Andhra Pradesh,India",Municipality
Ganganagar,"Ganganagar,Rajasthan,India",Municipality
Mangaldai,"Mangaldai,Assam,India",Municipality
Kotagiri,"Kotagiri,Tamil Nadu,India",Municipality
Sagar,"Sagar,Karnataka,India",Municipality
Mandal,"Mandal,Rajasthan,India",Municipality
Pratapgarh,"Pratapgarh,Rajasthan,India",Municipality
Bagora,"Bagora,Rajasthan,India",Municipality
Kudavasal,"Kudavasal,Tamil Nadu,India",Municipality
Jupadu Bungalow,"Jupadu Bungalow,Andhra Pradesh,India",Municipality
Ramagiri,"Ramagiri,Andhra Pradesh,India",Municipality
Baragarh,"Baragarh,Odisha,India",Municipality
Singarayakonda,"Singarayakonda,Andhra Pradesh,India",Municipality
Barkatha,"Barkatha,Jharkhand,India",Municipality
Dehari,"Dehari,Bihar,India",Municipality
Jogindar Nagar,"Jogindar Nagar,Himachal Pradesh,India",Municipality
Pulkal,"Pulkal,Telangana,India",Municipality
Gangolihat,"Gangolihat,Uttarakhand,India",Municipality
Sahara,"Sahara,Rajasthan,India",Municipality
Khirkiya,"Khirkiya,Madhya Pradesh,India",Municipality
Narsipatnam,"Narsipatnam,Andhra Pradesh,India",Municipality
Palladam,"Palladam,Tamil Nadu,India",Municipality
Georai,"Georai,Maharashtra,India",Municipality
Govindaraopet,"Govindaraopet,Telangana,India",Municipality
Uluberia,"Uluberia,West Bengal,India",Municipality
Shikarpur,"Shikarpur,Uttar Pradesh,India",Municipality
Jaisinghpur,"Jaisinghpur,Himachal Pradesh,India",Municipality
Chodavaram,"Chodavaram,Andhra Pradesh,India",Municipality
Proddatur,"Proddatur,Andhra Pradesh,India",Municipality
Dharapuram,"Dharapuram,Tamil Nadu,India",Municipality
Kanth,"Kanth,Uttar Pradesh,India",Municipality
Meherma,"Meherma,Jharkhand,India",Municipality
Sangam,"Sangam,Telangana,India",Municipality
Tirupparankundram,"Tirupparankundram,Tamil Nadu,India",Municipality
Rahe,"Rahe,Jharkhand,India",Municipality
Purola,"Purola,Uttarakhand,India",Municipality
Tamenglong,"Tamenglong,Manipur,India",Municipality
Manvi,"Manvi,Karnataka,India",Municipality
Bhupalsagar,"Bhupalsagar,Rajasthan,India",Municipality
Sikandra Rao,"Sikandra Rao,Uttar Pradesh,India",Municipality
Gurla,"Gurla,Andhra Pradesh,India",Municipality
Bishrampur,"Bishrampur,Palamu Division,Jharkhand,India",Municipality
Goelkera,"Goelkera,Jharkhand,India",Municipality
Majuli Circle,"Majuli Circle,Assam,India",Municipality
Betalghat,"Betalghat,Uttarakhand,India",Municipality
Kapileswarapuram,"Kapileswarapuram,Andhra Pradesh,India",Municipality
Chhuikhadan,"Chhuikhadan,Chhattisgarh,India",Municipality
Burja,"Burja,Andhra Pradesh,India",Municipality
Kuravi,"Kuravi,Telangana,India",Municipality
Rajura,"Rajura,Maharashtra,India",Municipality
Chhatarpur,"Chhatarpur,Madhya Pradesh,India",Municipality
Karsiyang,"Karsiyang,West Bengal,India",Municipality
Buchchayyapeta,"Buchchayyapeta,Andhra Pradesh,India",Municipality
Barh,"Barh,Bihar,India",Municipality
Bahalda,"Bahalda,Odisha,India",Municipality
Kotkhai,"Kotkhai,Himachal Pradesh,India",Municipality
Itwa,"Itwa,Uttar Pradesh,India",Municipality
Reddigudem,"Reddigudem,Andhra Pradesh,India",Municipality
Jaoli,"Jaoli,Maharashtra,India",Municipality
Sikrahna,"Sikrahna,Bihar,India",Municipality
Koch Bihar,"Koch Bihar,West Bengal,India",Municipality
Rangia Circle,"Rangia Circle,Assam,India",Municipality
Dharmaram,"Dharmaram,Telangana,India",Municipality
Donakonda,"Donakonda,Andhra Pradesh,India",Municipality
Chitalwana,"Chitalwana,Rajasthan,India",Municipality
Wani,"Wani,Amravati Division,Maharashtra,India",Municipality
Chandwara,"Chandwara,North Chotanagpur Division,Jharkhand,India",Municipality
Basheerabad,"Basheerabad,Telangana,India",Municipality
Pasaur,"Pasaur,Chhattisgarh,India",Municipality
Amalner,"Amalner,Nashik Division,Maharashtra,India",Municipality
Jamua,"Jamua,Jharkhand,India",Municipality
Wepangandla,"Wepangandla,Telangana,India",Municipality
Idappadi,"Idappadi,Tamil Nadu,India",Municipality
Kagaznagar,"Kagaznagar,Telangana,India",Municipality
Perambalur,"Perambalur,Tamil Nadu,India",Municipality
Pipili,"Pipili,Odisha,India",Municipality
Karjan,"Karjan,Gujarat,India",Municipality
Bareli,"Bareli,Madhya Pradesh,India",Municipality
Shahkot,"Shahkot,Punjab,India",Municipality
Sadulshar,"Sadulshar,Rajasthan,India",Municipality
Girgadhada,"Girgadhada,Gujarat,India",Municipality
Hojai Circle,"Hojai Circle,Assam,India",Municipality
Vikasnagar,"Vikasnagar,Uttarakhand,India",Municipality
Ara Sadar,"Ara Sadar,Bihar,India",Municipality
Mendarda,"Mendarda,Gujarat,India",Municipality
Uthukottai,"Uthukottai,Tamil Nadu,India",Municipality
Nivari,"Nivari,Madhya Pradesh,India",Municipality
Dindori,"Dindori,Madhya Pradesh,India",Municipality
Etawah,"Etawah,Uttar Pradesh,India",Municipality
Shalai,"Shalai,Himachal Pradesh,India",Municipality
Chouparan,"Chouparan,Jharkhand,India",Municipality
Sabla,"Sabla,Rajasthan,India",Municipality
Samri,"Samri,Chhattisgarh,India",Municipality
Kartala,"Kartala,Chhattisgarh,India",Municipality
Sarangapur,"Sarangapur,Telangana,India",Municipality
Ghattu,"Ghattu,Telangana,India",Municipality
Barhaj,"Barhaj,Uttar Pradesh,India",Municipality
Dandai,"Dandai,Jharkhand,India",Municipality
Bap,"Bap,Rajasthan,India",Municipality
Mantha,"Mantha,Maharashtra,India",Municipality
Bhikangaon,"Bhikangaon,Madhya Pradesh,India",Municipality
Koothanallur,"Koothanallur,Tamil Nadu,India",Municipality
Baripada,"Baripada,Odisha,India",Municipality
Bharatpur,"Bharatpur,Chhattisgarh,India",Municipality
Rajkanika,"Rajkanika,Odisha,India",Municipality
Tottiyam,"Tottiyam,Tamil Nadu,India",Municipality
Cheyyur,"Cheyyur,Tamil Nadu,India",Municipality
Anugul,"Anugul,Odisha,India",Municipality
Channapatna,"Channapatna,Karnataka,India",Municipality
Garhakota,"Garhakota,Madhya Pradesh,India",Municipality
Sagma,"Sagma,Jharkhand,India",Municipality
Idukki,"Idukki,Kerala,India",Municipality
Khaga,"Khaga,Uttar Pradesh,India",Municipality
Bachchannapet,"Bachchannapet,Telangana,India",Municipality
Solapur-S,"Solapur-S,Maharashtra,India",Municipality
Chandil,"Chandil,Jharkhand,India",Municipality
Tarlupadu,"Tarlupadu,Andhra Pradesh,India",Municipality
Phulpur,"Phulpur,Azamgarh Division,Uttar Pradesh,India",Municipality
Savadatti,"Savadatti,Karnataka,India",Municipality
Bariatu,"Bariatu,Jharkhand,India",Municipality
Dumka,"Dumka,Jharkhand,India",Municipality
Surat City,"Surat City,Gujarat,India",Municipality
Dwarahat,"Dwarahat,Uttarakhand,India",Municipality
Marripadu,"Marripadu,Andhra Pradesh,India",Municipality
Pipalda,"Pipalda,Rajasthan,India",Municipality
Tiroda,"Tiroda,Maharashtra,India",Municipality
Sihor,"Sihor,Gujarat,India",Municipality
Korwai,"Korwai,Madhya Pradesh,India",Municipality
Derabassi,"Derabassi,Punjab,India",Municipality
Sojitra,"Sojitra,Gujarat,India",Municipality
R Udayagiri,"R Udayagiri,Odisha,India",Municipality
Podile,"Podile,Andhra Pradesh,India",Municipality
Hanumantunipadu,"Hanumantunipadu,Andhra Pradesh,India",Municipality
Hirekerur,"Hirekerur,Karnataka,India",Municipality
Machareddy,"Machareddy,Telangana,India",Municipality
Udhua,"Udhua,Jharkhand,India",Municipality
Palwal,"Palwal,Haryana,India",Municipality
Pugal,"Pugal,Rajasthan,India",Municipality
Dhadgaon,"Dhadgaon,Maharashtra,India",Municipality
Kotkhawda,"Kotkhawda,Rajasthan,India",Municipality
Melur,"Melur,Tamil Nadu,India",Municipality
Bina,"Bina,Madhya Pradesh,India",Municipality
Padma,"Padma,Jharkhand,India",Municipality
Chanderi,"Chanderi,Madhya Pradesh,India",Municipality
Pathna,"Pathna,Jharkhand,India",Municipality
Sitarampuram,"Sitarampuram,Andhra Pradesh,India",Municipality
Chidambaram,"Chidambaram,Tamil Nadu,India",Municipality
Bhatpar Rani,"Bhatpar Rani,Uttar Pradesh,India",Municipality
Pokran,"Pokran,Rajasthan,India",Municipality
Tivari,"Tivari,Rajasthan,India",Municipality
Hukeri,"Hukeri,Karnataka,India",Municipality
Devakottai,"Devakottai,Tamil Nadu,India",Municipality
Solan,"Solan,Himachal Pradesh,India",Municipality
Saroornagar,"Saroornagar,Telangana,India",Municipality
Karad,"Karad,Maharashtra,India",Municipality
Thftaitangar,"Thftaitangar,Jharkhand,India",Municipality
Churchu,"Churchu,Jharkhand,India",Municipality
Tarana,"Tarana,Madhya Pradesh,India",Municipality
Jalesar,"Jalesar,Uttar Pradesh,India",Municipality
Kaya Circle,"Kaya Circle,Assam,India",Municipality
Devarkonda,"Devarkonda,Telangana,India",Municipality
Gobindpur,"Gobindpur,Kolhan Division,Jharkhand,India",Municipality
Mothkur,"Mothkur,Telangana,India",Municipality
Ater,"Ater,Madhya Pradesh,India",Municipality
Manopadu,"Manopadu,Telangana,India",Municipality
Valigonda,"Valigonda,Telangana,India",Municipality
Etapalli,"Etapalli,Maharashtra,India",Municipality
Mylavaram,"Mylavaram,Andhra Pradesh,India",Municipality
Nadendla,"Nadendla,Andhra Pradesh,India",Municipality
Chikhli,"Chikhli,Gujarat,India",Municipality
Khunti,"Khunti,Jharkhand,India",Municipality
Tuggali,"Tuggali,Andhra Pradesh,India",Municipality
Nanguneri,"Nanguneri,Tamil Nadu,India",Municipality
Baliapala,"Baliapala,Odisha,India",Municipality
Ranapur,"Ranapur,Madhya Pradesh,India",Municipality
Petlad,"Petlad,Gujarat,India",Municipality
Chenga Circle,"Chenga Circle,Assam,India",Municipality
Koratagere,"Koratagere,Karnataka,India",Municipality
Betanati,"Betanati,Odisha,India",Municipality
Narayankher,"Narayankher,Telangana,India",Municipality
Chirawa,"Chirawa,Rajasthan,India",Municipality
Basmat,"Basmat,Maharashtra,India",Municipality
Shamirpet,"Shamirpet,Telangana,India",Municipality
Berasia,"Berasia,Madhya Pradesh,India",Municipality
Bishnugarh,"Bishnugarh,Jharkhand,India",Municipality
Velhe,"Velhe,Maharashtra,India",Municipality
Bobbili,"Bobbili,Andhra Pradesh,India",Municipality
Simdega,"Simdega,Jharkhand,India",Municipality
Manora,"Manora,Amravati Division,Maharashtra,India",Municipality
Ulavapadu,"Ulavapadu,Andhra Pradesh,India",Municipality
Kalmeshwar,"Kalmeshwar,Maharashtra,India",Municipality
Kadayanallur,"Kadayanallur,Tamil Nadu,India",Municipality
Ranaghat,"Ranaghat,West Bengal,India",Municipality
Kathumar,"Kathumar,Rajasthan,India",Municipality
Raikal,"Raikal,Telangana,India",Municipality
Parasia,"Parasia,Madhya Pradesh,India",Municipality
Chhabra,"Chhabra,Rajasthan,India",Municipality
Kadam,"Kadam,Assam,India",Municipality
Kalwan,"Kalwan,Maharashtra,India",Municipality
Nilanga,"Nilanga,Maharashtra,India",Municipality
Farrukhabad,"Farrukhabad,Uttar Pradesh,India",Municipality
Dharmavaram,"Dharmavaram,Andhra Pradesh,India",Municipality
Kulpahar,"Kulpahar,Uttar Pradesh,India",Municipality
Srisailam,"Srisailam,Andhra Pradesh,India",Municipality
Margherita Circle,"Margherita Circle,Assam,India",Municipality
Nathdwara,"Nathdwara,Rajasthan,India",Municipality
Sakri,"Sakri,Maharashtra,India",Municipality
Tarhasi,"Tarhasi,Jharkhand,India",Municipality
Gandevi,"Gandevi,Gujarat,India",Municipality
Canning,"Canning,West Bengal,India",Municipality
Sattur,"Sattur,Tamil Nadu,India",Municipality
Tanda,"Tanda,Ayodhya Division,Uttar Pradesh,India",Municipality
Duvvur,"Duvvur,Andhra Pradesh,India",Municipality
Lalitpur,"Lalitpur,Uttar Pradesh,India",Municipality
Bhanvad,"Bhanvad,Gujarat,India",Municipality
Roha,"Roha,Maharashtra,India",Municipality
Jalgaon,"Jalgaon,Amravati Division,Maharashtra,India",Municipality
Sirkazhi,"Sirkazhi,Tamil Nadu,India",Municipality
Kandachipuram,"Kandachipuram,Tamil Nadu,India",Municipality
Kunnam,"Kunnam,Tamil Nadu,India",Municipality
Dhanolti,"Dhanolti,Uttarakhand,India",Municipality
Bhandaria,"Bhandaria,Jharkhand,India",Municipality
Beluguppa,"Beluguppa,Andhra Pradesh,India",Municipality
Jamner,"Jamner,Maharashtra,India",Municipality
Ambur,"Ambur,Tamil Nadu,India",Municipality
Sarwan,"Sarwan,Jharkhand,India",Municipality
Majholi,"Majholi,Madhya Pradesh,India",Municipality
Korawn,"Korawn,Uttar Pradesh,India",Municipality
Gangadharanellore,"Gangadharanellore,Andhra Pradesh,India",Municipality
Akkalkuwa,"Akkalkuwa,Maharashtra,India",Municipality
Masaurhi,"Masaurhi,Bihar,India",Municipality
Redhakhol,"Redhakhol,Odisha,India",Municipality
Deoni,"Deoni,Maharashtra,India",Municipality
Mawal,"Mawal,Maharashtra,India",Municipality
Mandapeta,"Mandapeta,Andhra Pradesh,India",Municipality
Nargund,"Nargund,Karnataka,India",Municipality
Doddaballapur,"Doddaballapur,Karnataka,India",Municipality
Mohali,"Mohali,Punjab,India",Municipality
Mallial,"Mallial,Telangana,India",Municipality
Katangi,"Katangi,Madhya Pradesh,India",Municipality
Jaijaipur,"Jaijaipur,Chhattisgarh,India",Municipality
Kovur,"Kovur,Andhra Pradesh,India",Municipality
Manachanallur,"Manachanallur,Tamil Nadu,India",Municipality
Kichha,"Kichha,Uttarakhand,India",Municipality
Bishalgarh,"Bishalgarh,Tripura,India",Municipality
Akuluto,"Akuluto,Nagaland,India",Municipality
Panna,"Panna,Sagar Division,Madhya Pradesh,India",Municipality
Lasadiya,"Lasadiya,Rajasthan,India",Municipality
Kotpad,"Kotpad,Odisha,India",Municipality
Ladpura,"Ladpura,Rajasthan,India",Municipality
Valiya,"Valiya,Gujarat,India",Municipality
Raniwara,"Raniwara,Rajasthan,India",Municipality
Baloda,"Baloda,Bilaspur Division,Chhattisgarh,India",Municipality
Gadra Road,"Gadra Road,Rajasthan,India",Municipality
Lakhandur,"Lakhandur,Maharashtra,India",Municipality
Ainavalli,"Ainavalli,Andhra Pradesh,India",Municipality
Kodmial,"Kodmial,Telangana,India",Municipality
Toda Bhim,"Toda Bhim,Rajasthan,India",Municipality
Marhaura,"Marhaura,Bihar,India",Municipality
Merakamudidam,"Merakamudidam,Andhra Pradesh,India",Municipality
Makthal,"Makthal,Telangana,India",Municipality
Hindupur,"Hindupur,Andhra Pradesh,India",Municipality
Mihona,"Mihona,Madhya Pradesh,India",Municipality
Regidi Amadalavalasa,"Regidi Amadalavalasa,Andhra Pradesh,India",Municipality
Pallippattu,"Pallippattu,Tamil Nadu,India",Municipality
Tarikere,"Tarikere,Karnataka,India",Municipality
Baisi,"Baisi,Bihar,India",Municipality
Kasipet,"Kasipet,Telangana,India",Municipality
Bansda,"Bansda,Gujarat,India",Municipality
Dattirajeru,"Dattirajeru,Andhra Pradesh,India",Municipality
Kanekallu,"Kanekallu,Andhra Pradesh,India",Municipality
Modinagar,"Modinagar,Uttar Pradesh,India",Municipality
Ujjain,"Ujjain,Madhya Pradesh,India",Municipality
Ghanpur,"Ghanpur,Telangana,India",Municipality
Banai,"Banai,Odisha,India",Municipality
Suni,"Suni,Himachal Pradesh,India",Municipality
Bavla,"Bavla,Gujarat,India",Municipality
Ghanghata,"Ghanghata,Uttar Pradesh,India",Municipality
Munpalle,"Munpalle,Telangana,India",Municipality
Dhamdha,"Dhamdha,Chhattisgarh,India",Municipality
Akbarpur,"Akbarpur,Kanpur Division,Uttar Pradesh,India",Municipality
Mohanur,"Mohanur,Tamil Nadu,India",Municipality
Gurdaspur,"Gurdaspur,Punjab,India",Municipality
Rupnagar,"Rupnagar,Punjab,India",Municipality
Binjharpur,"Binjharpur,Odisha,India",Municipality
Anumula,"Anumula,Telangana,India",Municipality
Godda,"Godda,Jharkhand,India",Municipality
Sikohabad,"Sikohabad,Uttar Pradesh,India",Municipality
Katrenikona,"Katrenikona,Andhra Pradesh,India",Municipality
Chandanpur Circle,"Chandanpur Circle,Assam,India",Municipality
Raisinghnagar,"Raisinghnagar,Rajasthan,India",Municipality
Chanakayapuri,"Chanakayapuri,Delhi,India",Municipality
Ashta,"Ashta,Madhya Pradesh,India",Municipality
Ranishwar,"Ranishwar,Jharkhand,India",Municipality
Ibrahimpatnam,"Ibrahimpatnam,Telangana,India",Municipality
Dhorimana,"Dhorimana,Rajasthan,India",Municipality
Mangalagiri,"Mangalagiri,Andhra Pradesh,India",Municipality
Sahaspur Lohara,"Sahaspur Lohara,Chhattisgarh,India",Municipality
Kakatpur,"Kakatpur,Odisha,India",Municipality
Karvir,"Karvir,Maharashtra,India",Municipality
Khilchipur,"Khilchipur,Madhya Pradesh,India",Municipality
Tiruvallur,"Tiruvallur,Tamil Nadu,India",Municipality
Tihirhi,"Tihirhi,Odisha,India",Municipality
Bhuragaon Circle,"Bhuragaon Circle,Assam,India",Municipality
Dhrol,"Dhrol,Gujarat,India",Municipality
Arasikere,"Arasikere,Karnataka,India",Municipality
Deosar,"Deosar,Madhya Pradesh,India",Municipality
Cheyyar,"Cheyyar,Tamil Nadu,India",Municipality
Khambhat,"Khambhat,Gujarat,India",Municipality
Maldakal,"Maldakal,Telangana,India",Municipality
Tupran,"Tupran,Telangana,India",Municipality
Karra,"Karra,Jharkhand,India",Municipality
Sindkhed-Raja,"Sindkhed-Raja,Maharashtra,India",Municipality
Bastanar,"Bastanar,Chhattisgarh,India",Municipality
Jami,"Jami,Andhra Pradesh,India",Municipality
Aahva,"Aahva,Gujarat,India",Municipality
Kottapatnam,"Kottapatnam,Andhra Pradesh,India",Municipality
Shri Dungargarh,"Shri Dungargarh,Rajasthan,India",Municipality
Lalsot,"Lalsot,Rajasthan,India",Municipality
Velpur,"Velpur,Telangana,India",Municipality
Mandsaur,"Mandsaur,Madhya Pradesh,India",Municipality
Ambejogai,"Ambejogai,Maharashtra,India",Municipality
Bapouli,"Bapouli,Haryana,India",Municipality
Aler,"Aler,Telangana,India",Municipality
Diphu,"Diphu,Assam,India",Municipality
Barkhetri Circle,"Barkhetri Circle,Assam,India",Municipality
Paragi,"Paragi,Andhra Pradesh,India",Municipality
Pathalgama,"Pathalgama,Jharkhand,India",Municipality
Maheshwar,"Maheshwar,Madhya Pradesh,India",Municipality
Helem Circle,"Helem Circle,Assam,India",Municipality
Pauni,"Pauni,Maharashtra,India",Municipality
Ramsar,"Ramsar,Rajasthan,India",Municipality
Bettiah,"Bettiah,Bihar,India",Municipality
Dharmasala,"Dharmasala,Odisha,India",Municipality
Ponnamaravathi,"Ponnamaravathi,Tamil Nadu,India",Municipality
Rayavaram,"Rayavaram,Andhra Pradesh,India",Municipality
Rayachoti,"Rayachoti,Andhra Pradesh,India",Municipality
Garu,"Garu,Jharkhand,India",Municipality
Siwaijpur,"Siwaijpur,Uttar Pradesh,India",Municipality
Sailana,"Sailana,Madhya Pradesh,India",Municipality
Karol Bagh,"Karol Bagh,Delhi,India",Municipality
Lohandiguda,"Lohandiguda,Chhattisgarh,India",Municipality
Fulambri,"Fulambri,Maharashtra,India",Municipality
Sapotra,"Sapotra,Rajasthan,India",Municipality
Chandausi,"Chandausi,Uttar Pradesh,India",Municipality
Itarsi,"Itarsi,Madhya Pradesh,India",Municipality
Sivagiri,"Sivagiri,Tamil Nadu,India",Municipality
Benipur,"Benipur,Bihar,India",Municipality
Pithapuram,"Pithapuram,Andhra Pradesh,India",Municipality
Razole,"Razole,Andhra Pradesh,India",Municipality
Thallapudi,"Thallapudi,Andhra Pradesh,India",Municipality
Bilari,"Bilari,Uttar Pradesh,India",Municipality
Balaghat,"Balaghat,Madhya Pradesh,India",Municipality
Wada,"Wada,Maharashtra,India",Municipality
Ramgarh Panchwara,"Ramgarh Panchwara,Rajasthan,India",Municipality
Maliya,"Maliya,Gujarat,India",Municipality
Gola,"Gola,Gorakhpur Division,Uttar Pradesh,India",Municipality
Berinag,"Berinag,Uttarakhand,India",Municipality
Kinathukadavu,"Kinathukadavu,Tamil Nadu,India",Municipality
Dhenkanal,"Dhenkanal,Odisha,India",Municipality
Tumsar,"Tumsar,Maharashtra,India",Municipality
Midturu,"Midturu,Andhra Pradesh,India",Municipality
Mandya,"Mandya,Karnataka,India",Municipality
Bassi,"Bassi,Rajasthan,India",Municipality
Devipatnam,"Devipatnam,Andhra Pradesh,India",Municipality
Bolpur,"Bolpur,West Bengal,India",Municipality
Sendurai,"Sendurai,Tamil Nadu,India",Municipality
Bhoganipur,"Bhoganipur,Uttar Pradesh,India",Municipality
Aut,"Aut,Himachal Pradesh,India",Municipality
Paratabpur,"Paratabpur,Chhattisgarh,India",Municipality
Sitarganj,"Sitarganj,Uttarakhand,India",Municipality
Kunkuri,"Kunkuri,Chhattisgarh,India",Municipality
Vandavasi,"Vandavasi,Tamil Nadu,India",Municipality
Pokhri,"Pokhri,Uttarakhand,India",Municipality
Pinapaka,"Pinapaka,Telangana,India",Municipality
Semari,"Semari,Rajasthan,India",Municipality
Banera,"Banera,Rajasthan,India",Municipality
Buthpur,"Buthpur,Telangana,India",Municipality
Kundurpi,"Kundurpi,Andhra Pradesh,India",Municipality
Tirur,"Tirur,Kerala,India",Municipality
Firozpur,"Firozpur,Punjab,India",Municipality
Kuttalam,"Kuttalam,Tamil Nadu,India",Municipality
Kondapak,"Kondapak,Telangana,India",Municipality
Garedpalli,"Garedpalli,Telangana,India",Municipality
Chhapra,"Chhapra,Bihar,India",Municipality
Patna Sadar,"Patna Sadar,Bihar,India",Municipality
Gogamukh,"Gogamukh,Assam,India",Municipality
Tekulapalle,"Tekulapalle,Telangana,India",Municipality
Sonamura,"Sonamura,Tripura,India",Municipality
Mirdoddi,"Mirdoddi,Telangana,India",Municipality
Pakri Dayal,"Pakri Dayal,Bihar,India",Municipality
Yellanur,"Yellanur,Andhra Pradesh,India",Municipality
Taliparamba,"Taliparamba,Kerala,India",Municipality
Araria,"Araria,Bihar,India",Municipality
Amroha,"Amroha,Uttar Pradesh,India",Municipality
Uda Kishanganj,"Uda Kishanganj,Bihar,India",Municipality
Lakhanpur,"Lakhanpur,Northern Division,Odisha,India",Municipality
Vanur,"Vanur,Tamil Nadu,India",Municipality
Nakhatrana,"Nakhatrana,Gujarat,India",Municipality
Aboi,"Aboi,Nagaland,India",Municipality
Palakoderu,"Palakoderu,Andhra Pradesh,India",Municipality
Visakhapatnam Rural,"Visakhapatnam Rural,Andhra Pradesh,India",Municipality
Jaisalmer,"Jaisalmer,Rajasthan,India",Municipality
Akot,"Akot,Amravati Division,Maharashtra,India",Municipality
Umerkhed,"Umerkhed,Maharashtra,India",Municipality
Kawrthah,"Kawrthah,Mizoram,India",Municipality
Sriperumbudur,"Sriperumbudur,Tamil Nadu,India",Municipality
Mudigonda,"Mudigonda,Telangana,India",Municipality
Kisko,"Kisko,Jharkhand,India",Municipality
Abu Road,"Abu Road,Rajasthan,India",Municipality
Khalapur,"Khalapur,Maharashtra,India",Municipality
Hauz Khas,"Hauz Khas,Delhi,India",Municipality
Jaggampeta,"Jaggampeta,Andhra Pradesh,India",Municipality
Anekal,"Anekal,Karnataka,India",Municipality
Domkol & Lalbag,"Domkol & Lalbag,West Bengal,India",Municipality
Karlapalem,"Karlapalem,Andhra Pradesh,India",Municipality
Champhai,"Champhai,Mizoram,India",Municipality
Chityal,"Chityal,Telangana,India",Municipality
Veppur,"Veppur,Tamil Nadu,India",Municipality
Walwa,"Walwa,Maharashtra,India",Municipality
Gingee,"Gingee,Tamil Nadu,India",Municipality
Garugubilli,"Garugubilli,Andhra Pradesh,India",Municipality
Rameswaram,"Rameswaram,Tamil Nadu,India",Municipality
Tangutur,"Tangutur,Andhra Pradesh,India",Municipality
Nelamangala,"Nelamangala,Karnataka,India",Municipality
Kovvuru,"Kovvuru,Andhra Pradesh,India",Municipality
Azamgarh,"Azamgarh,Uttar Pradesh,India",Municipality
Vemsuru,"Vemsuru,Telangana,India",Municipality
Manora,"Manora,Chhattisgarh,India",Municipality
Jirania,"Jirania,Tripura,India",Municipality
Jetpur,"Jetpur,Gujarat,India",Municipality
Sardarpur,"Sardarpur,Madhya Pradesh,India",Municipality
Chetpet,"Chetpet,Tamil Nadu,India",Municipality
Amritsar 1,"Amritsar 1,Punjab,India",Municipality
Kurauli,"Kurauli,Uttar Pradesh,India",Municipality
Chorhat,"Chorhat,Madhya Pradesh,India",Municipality
Todgarh,"Todgarh,Rajasthan,India",Municipality
Amudalavalasa,"Amudalavalasa,Andhra Pradesh,India",Municipality
Irala,"Irala,Andhra Pradesh,India",Municipality
Srimushnam,"Srimushnam,Tamil Nadu,India",Municipality
Vikravandi,"Vikravandi,Tamil Nadu,India",Municipality
Kalkaji,"Kalkaji,Delhi,India",Municipality
Chagallu,"Chagallu,Andhra Pradesh,India",Municipality
Malkhurda,"Malkhurda,Chhattisgarh,India",Municipality
Balanagar,"Balanagar,Telangana,India",Municipality
Mangurlpir,"Mangurlpir,Maharashtra,India",Municipality
Tadpatri,"Tadpatri,Andhra Pradesh,India",Municipality
Khandhar,"Khandhar,Rajasthan,India",Municipality
Budhlada,"Budhlada,Punjab,India",Municipality
Tendukheda,"Tendukheda,Jabalpur Division,Madhya Pradesh,India",Municipality
Guhla,"Guhla,Haryana,India",Municipality
Arcot,"Arcot,Tamil Nadu,India",Municipality
Nilambur,"Nilambur,Kerala,India",Municipality
Nijhar,"Nijhar,Gujarat,India",Municipality
Chennekothapalle,"Chennekothapalle,Andhra Pradesh,India",Municipality
Little Andaman,"Little Andaman,Andaman and Nicobar Islands,India",Municipality
Haroli,"Haroli,Himachal Pradesh,India",Municipality
Una,"Una,Himachal Pradesh,India",Municipality
Talera,"Talera,Rajasthan,India",Municipality
Sariya,"Sariya,Jharkhand,India",Municipality
Lawalong,"Lawalong,Jharkhand,India",Municipality
Atmakur(M),"Atmakur(M),Telangana,India",Municipality
Panki,"Panki,Jharkhand,India",Municipality
Putlur,"Putlur,Andhra Pradesh,India",Municipality
Narayanpur,"Narayanpur,Santhal Pargana Division,Jharkhand,India",Municipality
Paliganj,"Paliganj,Bihar,India",Municipality
Honnali,"Honnali,Karnataka,India",Municipality
Dodra Kwar,"Dodra Kwar,Himachal Pradesh,India",Municipality
Nagda,"Nagda,Madhya Pradesh,India",Municipality
Bolba,"Bolba,Jharkhand,India",Municipality
Akbarpur,"Akbarpur,Uttar Pradesh,India",Municipality
Chintapalli,"Chintapalli,Andhra Pradesh,India",Municipality
Jaunpur,"Jaunpur,Uttar Pradesh,India",Municipality
Nallajerla,"Nallajerla,Andhra Pradesh,India",Municipality
Inderavelli,"Inderavelli,Telangana,India",Municipality
Tuljapur,"Tuljapur,Maharashtra,India",Municipality
Nagaur,"Nagaur,Rajasthan,India",Municipality
Tilda,"Tilda,Chhattisgarh,India",Municipality
Magadi,"Magadi,Karnataka,India",Municipality
Venkatachalam,"Venkatachalam,Andhra Pradesh,India",Municipality
Srikalahasti,"Srikalahasti,Andhra Pradesh,India",Municipality
Erandol,"Erandol,Maharashtra,India",Municipality
Dilawarpur,"Dilawarpur,Telangana,India",Municipality
Tamsi,"Tamsi,Telangana,India",Municipality
Nampalli,"Nampalli,Telangana,India",Municipality
Santakaviti,"Santakaviti,Andhra Pradesh,India",Municipality
Kasaya,"Kasaya,Uttar Pradesh,India",Municipality
Banekuchi Revenue Circle,"Banekuchi Revenue Circle,Assam,India",Municipality
Nirmal,"Nirmal,Telangana,India",Municipality
Nawada,"Nawada,Bihar,India",Municipality
Majhauli,"Majhauli,Madhya Pradesh,India",Municipality
Savli,"Savli,Gujarat,India",Municipality
Wardha,"Wardha,Maharashtra,India",Municipality
Mahmudabad,"Mahmudabad,Uttar Pradesh,India",Municipality
Wai,"Wai,Maharashtra,India",Municipality
Narkatpalli,"Narkatpalli,Telangana,India",Municipality
Vadgam,"Vadgam,Gujarat,India",Municipality
Mohamadganj,"Mohamadganj,Jharkhand,India",Municipality
Vijayawada Urban,"Vijayawada Urban,Andhra Pradesh,India",Municipality
Sri Muktsar Sahib,"Sri Muktsar Sahib,Punjab,India",Municipality
Ardhapur,"Ardhapur,Maharashtra,India",Municipality
Karanja,"Karanja,Nagpur Division,Maharashtra,India",Municipality
Rajam,"Rajam,Andhra Pradesh,India",Municipality
Velgatur,"Velgatur,Telangana,India",Municipality
Pangi,"Pangi,Himachal Pradesh,India",Municipality
Kahamgaon,"Kahamgaon,Maharashtra,India",Municipality
Sultanabad,"Sultanabad,Telangana,India",Municipality
Khandaparha,"Khandaparha,Odisha,India",Municipality
Kodarma,"Kodarma,Jharkhand,India",Municipality
Almora,"Almora,Uttarakhand,India",Municipality
Kanina,"Kanina,Haryana,India",Municipality
Wargal,"Wargal,Telangana,India",Municipality
Khowai,"Khowai,Tripura,India",Municipality
Dharmasagaram,"Dharmasagaram,Telangana,India",Municipality
Nagar,"Nagar,Rajasthan,India",Municipality
Dhansura,"Dhansura,Gujarat,India",Municipality
Pamarru,"Pamarru,Andhra Pradesh,India",Municipality
Nagalapuram,"Nagalapuram,Andhra Pradesh,India",Municipality
Anaparthi,"Anaparthi,Andhra Pradesh,India",Municipality
Omalur,"Omalur,Tamil Nadu,India",Municipality
Nutankal,"Nutankal,Telangana,India",Municipality
Arvi,"Arvi,Maharashtra,India",Municipality
Jalna,"Jalna,Maharashtra,India",Municipality
Mul,"Mul,Maharashtra,India",Municipality
Jharol,"Jharol,Rajasthan,India",Municipality
Patel Nagar,"Patel Nagar,Delhi,India",Municipality
Anandapur,"Anandapur,Northern Division,Odisha,India",Municipality
Teok Circle,"Teok Circle,Assam,India",Municipality
Kondotty,"Kondotty,Kerala,India",Municipality
Maddipadu,"Maddipadu,Andhra Pradesh,India",Municipality
Patamda,"Patamda,Jharkhand,India",Municipality
Naharkatiya Circle,"Naharkatiya Circle,Assam,India",Municipality
Ambasa,"Ambasa,Tripura,India",Municipality
Kalkulam,"Kalkulam,Tamil Nadu,India",Municipality
Chejerla,"Chejerla,Andhra Pradesh,India",Municipality
Jakhania,"Jakhania,Uttar Pradesh,India",Municipality
Pilibhit,"Pilibhit,Uttar Pradesh,India",Municipality
Balaiahpalli,"Balaiahpalli,Andhra Pradesh,India",Municipality
Pachpadra,"Pachpadra,Rajasthan,India",Municipality
Barwara,"Barwara,Madhya Pradesh,India",Municipality
Mercara,"Mercara,Karnataka,India",Municipality
Palasa,"Palasa,Andhra Pradesh,India",Municipality
Narasapur,"Narasapur,Andhra Pradesh,India",Municipality
Charama,"Charama,Chhattisgarh,India",Municipality
Nidamanur,"Nidamanur,Telangana,India",Municipality
Motala,"Motala,Maharashtra,India",Municipality
Gondia,"Gondia,Maharashtra,India",Municipality
Vinavanka,"Vinavanka,Telangana,India",Municipality
Pratapgarh,"Pratapgarh,Uttar Pradesh,India",Municipality
Ambala,"Ambala,Haryana,India",Municipality
Bodwad,"Bodwad,Maharashtra,India",Municipality
Uttiramerur,"Uttiramerur,Tamil Nadu,India",Municipality
Kollegala,"Kollegala,Karnataka,India",Municipality
Darsi,"Darsi,Andhra Pradesh,India",Municipality
Ichoda,"Ichoda,Telangana,India",Municipality
Kodur,"Kodur,Telangana,India",Municipality
Thirupporur,"Thirupporur,Tamil Nadu,India",Municipality
Duttalur,"Duttalur,Andhra Pradesh,India",Municipality
Gandepalle,"Gandepalle,Andhra Pradesh,India",Municipality
Jalpaiguri,"Jalpaiguri,West Bengal,India",Municipality
Kapurthala,"Kapurthala,Punjab,India",Municipality
Chandurbazar,"Chandurbazar,Maharashtra,India",Municipality
Vijayapuram,"Vijayapuram,Andhra Pradesh,India",Municipality
Jhonthri,"Jhonthri,Rajasthan,India",Municipality
Jarmundi,"Jarmundi,Jharkhand,India",Municipality
Harsud,"Harsud,Madhya Pradesh,India",Municipality
Manihari,"Manihari,Bihar,India",Municipality
Tiruverumbur,"Tiruverumbur,Tamil Nadu,India",Municipality
Tankara,"Tankara,Gujarat,India",Municipality
Jaipur,"Jaipur,Telangana,India",Municipality
Birkur,"Birkur,Telangana,India",Municipality
Nawagarh,"Nawagarh,Chhattisgarh,India",Municipality
Kupvi,"Kupvi,Himachal Pradesh,India",Municipality
Narainpur,"Narainpur,Chhattisgarh,India",Municipality
Bheden,"Bheden,Odisha,India",Municipality
Sukruli,"Sukruli,Odisha,India",Municipality
Darbha,"Darbha,Chhattisgarh,India",Municipality
Utraula,"Utraula,Uttar Pradesh,India",Municipality
Bhandara,"Bhandara,Maharashtra,India",Municipality
Rasulabad,"Rasulabad,Uttar Pradesh,India",Municipality
Sajjangarh,"Sajjangarh,Rajasthan,India",Municipality
Dharamjaygarh,"Dharamjaygarh,Chhattisgarh,India",Municipality
Kodangal,"Kodangal,Telangana,India",Municipality
Nainwa,"Nainwa,Rajasthan,India",Municipality
Una,"Una,Gujarat,India",Municipality
Pachhad,"Pachhad,Himachal Pradesh,India",Municipality
Katkamcandi,"Katkamcandi,Jharkhand,India",Municipality
Mori,"Mori,Uttarakhand,India",Municipality
Shorapur,"Shorapur,Karnataka,India",Municipality
Mahgawan,"Mahgawan,Madhya Pradesh,India",Municipality
Kottakota,"Kottakota,Telangana,India",Municipality
Viragattam,"Viragattam,Andhra Pradesh,India",Municipality
Sadabad,"Sadabad,Uttar Pradesh,India",Municipality
Kadiam,"Kadiam,Andhra Pradesh,India",Municipality
Cherla,"Cherla,Telangana,India",Municipality
Kodur,"Kodur,Andhra Pradesh,India",Municipality
Dantewada,"Dantewada,Chhattisgarh,India",Municipality
Nawabpet,"Nawabpet,Telangana,India",Municipality
Tirupattur,"Tirupattur,Tamil Nadu,India",Municipality
Kurupam,"Kurupam,Andhra Pradesh,India",Municipality
Manthani,"Manthani,Telangana,India",Municipality
Newasa,"Newasa,Maharashtra,India",Municipality
Muppalla,"Muppalla,Andhra Pradesh,India",Municipality
Tanda,"Tanda,Moradabad Division,Uttar Pradesh,India",Municipality
Bilhaur,"Bilhaur,Uttar Pradesh,India",Municipality
Minachil,"Minachil,Kerala,India",Municipality
Ferrargunj,"Ferrargunj,Andaman and Nicobar Islands,India",Municipality
Jambusar,"Jambusar,Gujarat,India",Municipality
Chandur,"Chandur,Telangana,India",Municipality
Titlagarh,"Titlagarh,Odisha,India",Municipality
Pedda Adisarlapalli,"Pedda Adisarlapalli,Telangana,India",Municipality
Kasauli,"Kasauli,Himachal Pradesh,India",Municipality
Damarcherla,"Damarcherla,Telangana,India",Municipality
Sandila,"Sandila,Uttar Pradesh,India",Municipality
Bhinmal,"Bhinmal,Rajasthan,India",Municipality
Vyara,"Vyara,Gujarat,India",Municipality
Dhimarkhera,"Dhimarkhera,Madhya Pradesh,India",Municipality
Tanakal,"Tanakal,Andhra Pradesh,India",Municipality
Gopabandhunagar,"Gopabandhunagar,Odisha,India",Municipality
Pattukkottai,"Pattukkottai,Tamil Nadu,India",Municipality
Keshkal,"Keshkal,Chhattisgarh,India",Municipality
Rebbana,"Rebbana,Telangana,India",Municipality
Yelal,"Yelal,Telangana,India",Municipality
Salt,"Salt,Uttarakhand,India",Municipality
Chanho,"Chanho,Jharkhand,India",Municipality
Chirala,"Chirala,Andhra Pradesh,India",Municipality
Balapur,"Balapur,Maharashtra,India",Municipality
Barshi,"Barshi,Maharashtra,India",Municipality
Chigurumamidi,"Chigurumamidi,Telangana,India",Municipality
Baramkela,"Baramkela,Chhattisgarh,India",Municipality
Manasa,"Manasa,Madhya Pradesh,India",Municipality
Mundra,"Mundra,Gujarat,India",Municipality
Jagraon,"Jagraon,Punjab,India",Municipality
Tiruchirapalli West,"Tiruchirapalli West,Tamil Nadu,India",Municipality
Pyapalli,"Pyapalli,Andhra Pradesh,India",Municipality
Malegaon,"Malegaon,Amravati Division,Maharashtra,India",Municipality
Indora,"Indora,Himachal Pradesh,India",Municipality
Raruan,"Raruan,Odisha,India",Municipality
Sindewahi,"Sindewahi,Maharashtra,India",Municipality
Chittaurgarh,"Chittaurgarh,Rajasthan,India",Municipality
Tekmal,"Tekmal,Telangana,India",Municipality
Ladnun,"Ladnun,Rajasthan,India",Municipality
Bhesan,"Bhesan,Gujarat,India",Municipality
Sutrapada,"Sutrapada,Gujarat,India",Municipality
Chhindgarh,"Chhindgarh,Chhattisgarh,India",Municipality
Rishabhdev,"Rishabhdev,Rajasthan,India",Municipality
Haidernagar,"Haidernagar,Jharkhand,India",Municipality
Buchireddipalem,"Buchireddipalem,Andhra Pradesh,India",Municipality
Gandhari,"Gandhari,Telangana,India",Municipality
Degana,"Degana,Rajasthan,India",Municipality
Rapar,"Rapar,Gujarat,India",Municipality
Palayankottai,"Palayankottai,Tamil Nadu,India",Municipality
Bangana,"Bangana,Himachal Pradesh,India",Municipality
Brahmaur,"Brahmaur,Himachal Pradesh,India",Municipality
Torur,"Torur,Telangana,India",Municipality
Ramanujganj,"Ramanujganj,Chhattisgarh,India",Municipality
Yamuna Vihar,"Yamuna Vihar,Delhi,India",Municipality
Borla,"Borla,Chhattisgarh,India",Municipality
Tungaturti,"Tungaturti,Telangana,India",Municipality
Dudu,"Dudu,Rajasthan,India",Municipality
Niwai,"Niwai,Rajasthan,India",Municipality
Kamptee,"Kamptee,Maharashtra,India",Municipality
Bagasara,"Bagasara,Gujarat,India",Municipality
Naswadi,"Naswadi,Gujarat,India",Municipality
Karauli,"Karauli,Rajasthan,India",Municipality
Thirumalayapalem,"Thirumalayapalem,Telangana,India",Municipality
Daru,"Daru,Jharkhand,India",Municipality
Kotputli,"Kotputli,Rajasthan,India",Municipality
Dungla,"Dungla,Rajasthan,India",Municipality
Namkom,"Namkom,Jharkhand,India",Municipality
Nagari,"Nagari,Chhattisgarh,India",Municipality
Raebareli,"Raebareli,Uttar Pradesh,India",Municipality
Ratlam,"Ratlam,Madhya Pradesh,India",Municipality
Atmakur(S),"Atmakur(S),Telangana,India",Municipality
Danapur,"Danapur,Bihar,India",Municipality
Sarvasiddhi Rayavaram,"Sarvasiddhi Rayavaram,Andhra Pradesh,India",Municipality
Bakhri,"Bakhri,Bihar,India",Municipality
Ponnani,"Ponnani,Kerala,India",Municipality
Bazpur,"Bazpur,Uttarakhand,India",Municipality
Tuensang,"Tuensang,Nagaland,India",Municipality
Mudinepalle,"Mudinepalle,Andhra Pradesh,India",Municipality
Muddanur,"Muddanur,Andhra Pradesh,India",Municipality
Barsar,"Barsar,Himachal Pradesh,India",Municipality
Somvarpet,"Somvarpet,Karnataka,India",Municipality
Birni,"Birni,Jharkhand,India",Municipality
Uravakonda,"Uravakonda,Andhra Pradesh,India",Municipality
Sangam,"Sangam,Andhra Pradesh,India",Municipality
Gudlavalleru,"Gudlavalleru,Andhra Pradesh,India",Municipality
Manakondur,"Manakondur,Telangana,India",Municipality
Yadamari,"Yadamari,Andhra Pradesh,India",Municipality
Rajavommangi,"Rajavommangi,Andhra Pradesh,India",Municipality
Bastar,"Bastar,Chhattisgarh,India",Municipality
Ramanathapuram,"Ramanathapuram,Tamil Nadu,India",Municipality
Madhugiri,"Madhugiri,Karnataka,India",Municipality
Chandwad,"Chandwad,Maharashtra,India",Municipality
Kapashera,"Kapashera,Delhi,India",Municipality
Ichagarh,"Ichagarh,Jharkhand,India",Municipality
Nallacheruvu,"Nallacheruvu,Andhra Pradesh,India",Municipality
Husnabad,"Husnabad,Telangana,India",Municipality
Haveri,"Haveri,Karnataka,India",Municipality
Manantavadi,"Manantavadi,Kerala,India",Municipality
Barwadih,"Barwadih,Jharkhand,India",Municipality
Patan,"Patan,Jharkhand,India",Municipality
Rampurhat,"Rampurhat,West Bengal,India",Municipality
Wadhwan,"Wadhwan,Gujarat,India",Municipality
Jafra,"Jafra,Maharashtra,India",Municipality
Amrirgadh,"Amrirgadh,Gujarat,India",Municipality
Tarabganj,"Tarabganj,Uttar Pradesh,India",Municipality
Lohara,"Lohara,Maharashtra,India",Municipality
Chhatrapur,"Chhatrapur,Odisha,India",Municipality
Banjar,"Banjar,Himachal Pradesh,India",Municipality
Jagalur,"Jagalur,Karnataka,India",Municipality
Varikuntapadu,"Varikuntapadu,Andhra Pradesh,India",Municipality
Tadubi,"Tadubi,Manipur,India",Municipality
Maddikera,"Maddikera,Andhra Pradesh,India",Municipality
Udala,"Udala,Odisha,India",Municipality
Keshampet,"Keshampet,Telangana,India",Municipality
Kamudi,"Kamudi,Tamil Nadu,India",Municipality
Pithoragarh,"Pithoragarh,Uttarakhand,India",Municipality
Jagdishpur,"Jagdishpur,Patna Division,Bihar,India",Municipality
Malkangiri,"Malkangiri,Odisha,India",Municipality
Birangi Kothakota,"Birangi Kothakota,Andhra Pradesh,India",Municipality
Siruguppa,"Siruguppa,Karnataka,India",Municipality
Walajapet,"Walajapet,Tamil Nadu,India",Municipality
Talaja,"Talaja,Gujarat,India",Municipality
Koyyalagudem,"Koyyalagudem,Andhra Pradesh,India",Municipality
Chennur,"Chennur,Telangana,India",Municipality
Mauda,"Mauda,Maharashtra,India",Municipality
Sikandarabad,"Sikandarabad,Uttar Pradesh,India",Municipality
Samalkha,"Samalkha,Haryana,India",Municipality
Kumbhraj,"Kumbhraj,Madhya Pradesh,India",Municipality
Nawa,"Nawa,Rajasthan,India",Municipality
Tijara,"Tijara,Rajasthan,India",Municipality
Didihat,"Didihat,Uttarakhand,India",Municipality
Bilasipara Circle,"Bilasipara Circle,Assam,India",Municipality
Malavalli,"Malavalli,Karnataka,India",Municipality
Kandaghat,"Kandaghat,Himachal Pradesh,India",Municipality
Barhi,"Barhi,Jharkhand,India",Municipality
Rajgarh,"Rajgarh,Bikaner Division,Rajasthan,India",Municipality
Satpuli,"Satpuli,Uttarakhand,India",Municipality
Danagadi,"Danagadi,Odisha,India",Municipality
Valod,"Valod,Gujarat,India",Municipality
Amreli,"Amreli,Gujarat,India",Municipality
Kankrej,"Kankrej,Gujarat,India",Municipality
Satgawan,"Satgawan,Jharkhand,India",Municipality
Sidlaghatta,"Sidlaghatta,Karnataka,India",Municipality
Garadapur,"Garadapur,Odisha,India",Municipality
Kotananduru,"Kotananduru,Andhra Pradesh,India",Municipality
Bahadurgarh,"Bahadurgarh,Haryana,India",Municipality
Lephriparha,"Lephriparha,Odisha,India",Municipality
Hatgamhariya,"Hatgamhariya,Jharkhand,India",Municipality
Shahabad,"Shahabad,Telangana,India",Municipality
Coimbatore South,"Coimbatore South,Tamil Nadu,India",Municipality
Yadiki,"Yadiki,Andhra Pradesh,India",Municipality
Bokajan,"Bokajan,Assam,India",Municipality
Bawari,"Bawari,Rajasthan,India",Municipality
Kareli,"Kareli,Madhya Pradesh,India",Municipality
Sandur,"Sandur,Karnataka,India",Municipality
Pathankot,"Pathankot,Punjab,India",Municipality
Sarmathura,"Sarmathura,Rajasthan,India",Municipality
Khandwa,"Khandwa,Madhya Pradesh,India",Municipality
Kalyandurg,"Kalyandurg,Andhra Pradesh,India",Municipality
Sohagpur,"Sohagpur,Narmadapuram Division,Madhya Pradesh,India",Municipality
Nabarangapur,"Nabarangapur,Odisha,India",Municipality
Kalavad,"Kalavad,Gujarat,India",Municipality
Hathuwa,"Hathuwa,Bihar,India",Municipality
Majhaul,"Majhaul,Bihar,India",Municipality
Delanga,"Delanga,Odisha,India",Municipality
Santrampur,"Santrampur,Gujarat,India",Municipality
Madakasira,"Madakasira,Andhra Pradesh,India",Municipality
Jaypur,"Jaypur,Odisha,India",Municipality
Sompeta,"Sompeta,Andhra Pradesh,India",Municipality
Chamarajanagar,"Chamarajanagar,Karnataka,India",Municipality
Karawal Nagar,"Karawal Nagar,Delhi,India",Municipality
Tasgaon,"Tasgaon,Maharashtra,India",Municipality
Kadi,"Kadi,Gujarat,India",Municipality
Harur,"Harur,Tamil Nadu,India",Municipality
Madhavaram,"Madhavaram,Tamil Nadu,India",Municipality
Gyaraspur,"Gyaraspur,Madhya Pradesh,India",Municipality
Vidavalur,"Vidavalur,Andhra Pradesh,India",Municipality
Chas,"Chas,Jharkhand,India",Municipality
Katwa,"Katwa,West Bengal,India",Municipality
Lakhni,"Lakhni,Gujarat,India",Municipality
Amarapara,"Amarapara,Jharkhand,India",Municipality
Tirupati Rural,"Tirupati Rural,Andhra Pradesh,India",Municipality
Nallaballi,"Nallaballi,Telangana,India",Municipality
Goreshwar Circle,"Goreshwar Circle,Assam,India",Municipality
Pail,"Pail,Punjab,India",Municipality
Bhatkuli,"Bhatkuli,Maharashtra,India",Municipality
Panhala,"Panhala,Maharashtra,India",Municipality
Banda,"Banda,Uttar Pradesh,India",Municipality
Rajpur,"Rajpur,Surguja Division,Chhattisgarh,India",Municipality
Suliapada,"Suliapada,Odisha,India",Municipality
Tindivanam,"Tindivanam,Tamil Nadu,India",Municipality
Salon,"Salon,Uttar Pradesh,India",Municipality
Sadakarjini,"Sadakarjini,Maharashtra,India",Municipality
Boarijor,"Boarijor,Jharkhand,India",Municipality
Gannavaram,"Gannavaram,Andhra Pradesh,India",Municipality
Barasat,"Barasat,West Bengal,India",Municipality
Matanhale,"Matanhale,Haryana,India",Municipality
Nekkonda,"Nekkonda,Telangana,India",Municipality
Konch,"Konch,Uttar Pradesh,India",Municipality
Garhmuktesar,"Garhmuktesar,Uttar Pradesh,India",Municipality
Sambhal,"Sambhal,Uttar Pradesh,India",Municipality
Nandalur,"Nandalur,Andhra Pradesh,India",Municipality
Guntakal,"Guntakal,Andhra Pradesh,India",Municipality
Danda,"Danda,Jharkhand,India",Municipality
Bhudanpochampalli,"Bhudanpochampalli,Telangana,India",Municipality
Kailashahar,"Kailashahar,Tripura,India",Municipality
Joida,"Joida,Karnataka,India",Municipality
Nandivada,"Nandivada,Andhra Pradesh,India",Municipality
Visavadar,"Visavadar,Gujarat,India",Municipality
Bankura,"Bankura,West Bengal,India",Municipality
Dumri,"Dumri,North Chotanagpur Division,Jharkhand,India",Municipality
Lakhnadon,"Lakhnadon,Madhya Pradesh,India",Municipality
Sihunta,"Sihunta,Himachal Pradesh,India",Municipality
Shrivardhan,"Shrivardhan,Maharashtra,India",Municipality
Aland,"Aland,Karnataka,India",Municipality
Dhari,"Dhari,Gujarat,India",Municipality
Jadcherla,"Jadcherla,Telangana,India",Municipality
Maheshwaram,"Maheshwaram,Telangana,India",Municipality
Kolar,"Kolar,Karnataka,India",Municipality
Darbhanga,"Darbhanga,Bihar,India",Municipality
Begamganj,"Begamganj,Madhya Pradesh,India",Municipality
Phulpur,"Phulpur,Prayagraj Division,Uttar Pradesh,India",Municipality
Natavaram,"Natavaram,Andhra Pradesh,India",Municipality
Diamond Harbour,"Diamond Harbour,West Bengal,India",Municipality
Barahi,"Barahi,Madhya Pradesh,India",Municipality
Nagari,"Nagari,Andhra Pradesh,India",Municipality
Renigunta,"Renigunta,Andhra Pradesh,India",Municipality
Kanjhawala,"Kanjhawala,Delhi,India",Municipality
Renwal,"Renwal,Rajasthan,India",Municipality
Bandhogarh,"Bandhogarh,Madhya Pradesh,India",Municipality
Talbehat,"Talbehat,Uttar Pradesh,India",Municipality
Bhopalpatnam,"Bhopalpatnam,Chhattisgarh,India",Municipality
Saidpur,"Saidpur,Uttar Pradesh,India",Municipality
Palashbari Circle,"Palashbari Circle,Assam,India",Municipality
Amb,"Amb,Himachal Pradesh,India",Municipality
Mayiladuturai,"Mayiladuturai,Tamil Nadu,India",Municipality
Bah,"Bah,Uttar Pradesh,India",Municipality
Mauranipur,"Mauranipur,Uttar Pradesh,India",Municipality
Bodeli,"Bodeli,Gujarat,India",Municipality
Kanpur Nagar,"Kanpur Nagar,Uttar Pradesh,India",Municipality
Sonpur,"Sonpur,Bihar,India",Municipality
Peraiyur,"Peraiyur,Tamil Nadu,India",Municipality
Gaganbavda,"Gaganbavda,Maharashtra,India",Municipality
Bamanwas,"Bamanwas,Rajasthan,India",Municipality
Pathalgaon,"Pathalgaon,Chhattisgarh,India",Municipality
Mehidpur,"Mehidpur,Madhya Pradesh,India",Municipality
Seemapuri,"Seemapuri,Delhi,India",Municipality
Echcherla,"Echcherla,Andhra Pradesh,India",Municipality
Sulur,"Sulur,Tamil Nadu,India",Municipality
Nagareddipet,"Nagareddipet,Telangana,India",Municipality
Badnor,"Badnor,Rajasthan,India",Municipality
Bhikyasain,"Bhikyasain,Uttarakhand,India",Municipality
Nagaon Circle,"Nagaon Circle,Assam,India",Municipality
Berla,"Berla,Chhattisgarh,India",Municipality
Kawant,"Kawant,Gujarat,India",Municipality
Gurh,"Gurh,Madhya Pradesh,India",Municipality
Kotada Sangani,"Kotada Sangani,Gujarat,India",Municipality
Medikonduru,"Medikonduru,Andhra Pradesh,India",Municipality
Kakumanu,"Kakumanu,Andhra Pradesh,India",Municipality
Balianta,"Balianta,Odisha,India",Municipality
Bansur,"Bansur,Rajasthan,India",Municipality
Sardhana,"Sardhana,Uttar Pradesh,India",Municipality
Radhanpur,"Radhanpur,Gujarat,India",Municipality
Sultanpur Lodhi,"Sultanpur Lodhi,Punjab,India",Municipality
Chilakaluripet,"Chilakaluripet,Andhra Pradesh,India",Municipality
Chikhaldar,"Chikhaldar,Maharashtra,India",Municipality
Chotisadari,"Chotisadari,Rajasthan,India",Municipality
Mathabhanga,"Mathabhanga,West Bengal,India",Municipality
Ghagrapar Circle,"Ghagrapar Circle,Assam,India",Municipality
Noamundi,"Noamundi,Jharkhand,India",Municipality
Oupada,"Oupada,Odisha,India",Municipality
Kangti,"Kangti,Telangana,India",Municipality
Arni,"Arni,Maharashtra,India",Municipality
Kukshi,"Kukshi,Madhya Pradesh,India",Municipality
Pattikonda,"Pattikonda,Andhra Pradesh,India",Municipality
Vallabhnagar,"Vallabhnagar,Rajasthan,India",Municipality
Nemili,"Nemili,Tamil Nadu,India",Municipality
Phillaur,"Phillaur,Punjab,India",Municipality
Gubbi,"Gubbi,Karnataka,India",Municipality
Aruppukkottai,"Aruppukkottai,Tamil Nadu,India",Municipality
Mannar Gudi,"Mannar Gudi,Tamil Nadu,India",Municipality
Muruda,"Muruda,Odisha,India",Municipality
Halvad,"Halvad,Gujarat,India",Municipality
Mahuva,"Mahuva,Gujarat,India",Municipality
Mamit,"Mamit,Mizoram,India",Municipality
Bhongir,"Bhongir,Telangana,India",Municipality
Makri,"Makri,Chhattisgarh,India",Municipality
Sojat,"Sojat,Rajasthan,India",Municipality
Mat,"Mat,Uttar Pradesh,India",Municipality
Jamkhed,"Jamkhed,Maharashtra,India",Municipality
Tadimarri,"Tadimarri,Andhra Pradesh,India",Municipality
Sidli Circle,"Sidli Circle,Assam,India",Municipality
Halol,"Halol,Gujarat,India",Municipality
Katol,"Katol,Maharashtra,India",Municipality
Bishunpur,"Bishunpur,Jharkhand,India",Municipality
Kalwakurthi,"Kalwakurthi,Telangana,India",Municipality
Garhi,"Garhi,Rajasthan,India",Municipality
Belthangadi,"Belthangadi,Karnataka,India",Municipality
Gudibanda,"Gudibanda,Karnataka,India",Municipality
Kalghati,"Kalghati,Karnataka,India",Municipality
Vijaynagar,"Vijaynagar,Gujarat,India",Municipality
Garladinne,"Garladinne,Andhra Pradesh,India",Municipality
Torpa,"Torpa,Jharkhand,India",Municipality
Bhaniana,"Bhaniana,Rajasthan,India",Municipality
Bagha,"Bagha,Bihar,India",Municipality
West Phaileng,"West Phaileng,Mizoram,India",Municipality
Yadagirigutta,"Yadagirigutta,Telangana,India",Municipality
Dhanpur,"Dhanpur,Gujarat,India",Municipality
Sardarshar,"Sardarshar,Rajasthan,India",Municipality
Muttukuru,"Muttukuru,Andhra Pradesh,India",Municipality
Chandankari,"Chandankari,Jharkhand,India",Municipality
Alathur,"Alathur,Tamil Nadu,India",Municipality
Jodiya,"Jodiya,Gujarat,India",Municipality
Ponneri,"Ponneri,Tamil Nadu,India",Municipality
Wyra,"Wyra,Telangana,India",Municipality
Pellakur,"Pellakur,Andhra Pradesh,India",Municipality
Ambikapur,"Ambikapur,Chhattisgarh,India",Municipality
Purbi Tundi,"Purbi Tundi,Jharkhand,India",Municipality
Kawardha,"Kawardha,Chhattisgarh,India",Municipality
Kailaras,"Kailaras,Madhya Pradesh,India",Municipality
Alangudi,"Alangudi,Tamil Nadu,India",Municipality
Metpalli,"Metpalli,Telangana,India",Municipality
Terlam,"Terlam,Andhra Pradesh,India",Municipality
Aluva,"Aluva,Kerala,India",Municipality
Hagaribommanahalli,"Hagaribommanahalli,Karnataka,India",Municipality
Sedam,"Sedam,Karnataka,India",Municipality
Tyuni,"Tyuni,Uttarakhand,India",Municipality
Raybag,"Raybag,Karnataka,India",Municipality
Denkada,"Denkada,Andhra Pradesh,India",Municipality
Vadnagar,"Vadnagar,Gujarat,India",Municipality
Suigam,"Suigam,Gujarat,India",Municipality
Alapur,"Alapur,Uttar Pradesh,India",Municipality
Peterbar,"Peterbar,Jharkhand,India",Municipality
Sayampet,"Sayampet,Telangana,India",Municipality
Byadgi,"Byadgi,Karnataka,India",Municipality
Kondagaon,"Kondagaon,Chhattisgarh,India",Municipality
Dindigul East,"Dindigul East,Tamil Nadu,India",Municipality
Lapung,"Lapung,Jharkhand,India",Municipality
Karapa,"Karapa,Andhra Pradesh,India",Municipality
Bhogapuram,"Bhogapuram,Andhra Pradesh,India",Municipality
Kandukur,"Kandukur,Telangana,India",Municipality
Lakhisarai,"Lakhisarai,Bihar,India",Municipality
Patratu,"Patratu,North Chotanagpur Division,Jharkhand,India",Municipality
Hata,"Hata,Uttar Pradesh,India",Municipality
Motu,"Motu,Odisha,India",Municipality
Mahe,"Mahe,Puducherry,India",Municipality
Tiruvadanai,"Tiruvadanai,Tamil Nadu,India",Municipality
Venkatapur,"Venkatapur,Telangana,India",Municipality
Sampla,"Sampla,Haryana,India",Municipality
Talakondapalli,"Talakondapalli,Telangana,India",Municipality
Arki,"Arki,Himachal Pradesh,India",Municipality
Dharampuri,"Dharampuri,Madhya Pradesh,India",Municipality
Ersama,"Ersama,Odisha,India",Municipality
Nandipet,"Nandipet,Telangana,India",Municipality
Mudukulattur,"Mudukulattur,Tamil Nadu,India",Municipality
Rajgir,"Rajgir,Bihar,India",Municipality
Pachim Nalbari Circle,"Pachim Nalbari Circle,Assam,India",Municipality
Piriyapatna,"Piriyapatna,Karnataka,India",Municipality
Visakhapatnam Urban,"Visakhapatnam Urban,Andhra Pradesh,India",Municipality
Shri Naina Devi Ji,"Shri Naina Devi Ji,Himachal Pradesh,India",Municipality
Kannod,"Kannod,Madhya Pradesh,India",Municipality
Khurja,"Khurja,Uttar Pradesh,India",Municipality
Babai,"Babai,Madhya Pradesh,India",Municipality
Dabhoi,"Dabhoi,Gujarat,India",Municipality
Areraj,"Areraj,Bihar,India",Municipality
Balijipeta,"Balijipeta,Andhra Pradesh,India",Municipality
Peddavuru,"Peddavuru,Telangana,India",Municipality
Kundahit,"Kundahit,Jharkhand,India",Municipality
Rompicherla,"Rompicherla,Andhra Pradesh,India",Municipality
Dhanora,"Dhanora,Maharashtra,India",Municipality
Yaddanapudi,"Yaddanapudi,Andhra Pradesh,India",Municipality
Karahal,"Karahal,Madhya Pradesh,India",Municipality
Tilhar,"Tilhar,Uttar Pradesh,India",Municipality
Jhunjhunun,"Jhunjhunun,Rajasthan,India",Municipality
Mundlamuru,"Mundlamuru,Andhra Pradesh,India",Municipality
Khanapur,"Khanapur,Telangana,India",Municipality
Shoolagiri,"Shoolagiri,Tamil Nadu,India",Municipality
Chakradharpur,"Chakradharpur,Jharkhand,India",Municipality
Asansol,"Asansol,West Bengal,India",Municipality
Raisen,"Raisen,Madhya Pradesh,India",Municipality
Alandur,"Alandur,Tamil Nadu,India",Municipality
Jainagar,"Jainagar,Bihar,India",Municipality
Odgi,"Odgi,Chhattisgarh,India",Municipality
Kadaladi,"Kadaladi,Tamil Nadu,India",Municipality
Serwa,"Serwa,Rajasthan,India",Municipality
Shankarampet,"Shankarampet,Telangana,India",Municipality
Madukkarai,"Madukkarai,Tamil Nadu,India",Municipality
Kakching,"Kakching,Manipur,India",Municipality
Kalidindi,"Kalidindi,Andhra Pradesh,India",Municipality
Raghunathapur,"Raghunathapur,Odisha,India",Municipality
Chimur,"Chimur,Maharashtra,India",Municipality
Teghra,"Teghra,Munger Division,Bihar,India",Municipality
Mohana,"Mohana,Odisha,India",Municipality
Karamchedu,"Karamchedu,Andhra Pradesh,India",Municipality
Korisapadu,"Korisapadu,Andhra Pradesh,India",Municipality
Nidadavole,"Nidadavole,Andhra Pradesh,India",Municipality
Daund,"Daund,Pune Division,Maharashtra,India",Municipality
Banki,"Banki,Odisha,India",Municipality
Dharmkoti,"Dharmkoti,Punjab,India",Municipality
Chandel,"Chandel,Manipur,India",Municipality
Patna City,"Patna City,Bihar,India",Municipality
Albert Ekka (Jari),"Albert Ekka (Jari),Jharkhand,India",Municipality
Dalbhumgarh,"Dalbhumgarh,Jharkhand,India",Municipality
Sausar,"Sausar,Madhya Pradesh,India",Municipality
Khariar,"Khariar,Odisha,India",Municipality
Sadasivpet,"Sadasivpet,Telangana,India",Municipality
Gadhada,"Gadhada,Gujarat,India",Municipality
Nidamarru,"Nidamarru,Andhra Pradesh,India",Municipality
Kadirpur,"Kadirpur,Uttar Pradesh,India",Municipality
Atmakur,"Atmakur,Telangana,India",Municipality
Nainital,"Nainital,Uttarakhand,India",Municipality
Botad,"Botad,Gujarat,India",Municipality
Raxaul,"Raxaul,Bihar,India",Municipality
Kodad,"Kodad,Telangana,India",Municipality
Diyodar,"Diyodar,Gujarat,India",Municipality
Palojori,"Palojori,Jharkhand,India",Municipality
Kapasan,"Kapasan,Rajasthan,India",Municipality
Jawala Mukhi,"Jawala Mukhi,Himachal Pradesh,India",Municipality
Butchinayudukandriga,"Butchinayudukandriga,Andhra Pradesh,India",Municipality
Gangrar,"Gangrar,Rajasthan,India",Municipality
Virat Nagar,"Virat Nagar,Rajasthan,India",Municipality
Hassan,"Hassan,Karnataka,India",Municipality
Narkatiaganj,"Narkatiaganj,Bihar,India",Municipality
Keesara,"Keesara,Telangana,India",Municipality
Zarugumalli,"Zarugumalli,Andhra Pradesh,India",Municipality
Bhavara,"Bhavara,Madhya Pradesh,India",Municipality
Shahbad,"Shahbad,Uttar Pradesh,India",Municipality
Peddapalli,"Peddapalli,Telangana,India",Municipality
Bhilwara,"Bhilwara,Rajasthan,India",Municipality
Thondur,"Thondur,Andhra Pradesh,India",Municipality
Mettur,"Mettur,Tamil Nadu,India",Municipality
Nannilam,"Nannilam,Tamil Nadu,India",Municipality
Mahabubnagar,"Mahabubnagar,Telangana,India",Municipality
Adur,"Adur,Kerala,India",Municipality
Rupangarh,"Rupangarh,Rajasthan,India",Municipality
Bhimgal,"Bhimgal,Telangana,India",Municipality
Barara,"Barara,Haryana,India",Municipality
Takhatpur,"Takhatpur,Chhattisgarh,India",Municipality
Sahaswan,"Sahaswan,Uttar Pradesh,India",Municipality
Belur,"Belur,Karnataka,India",Municipality
Nagamangala,"Nagamangala,Karnataka,India",Municipality
Sabalgarh,"Sabalgarh,Madhya Pradesh,India",Municipality
Bilgi,"Bilgi,Karnataka,India",Municipality
Nimapada,"Nimapada,Odisha,India",Municipality
Thinghat,"Thinghat,Manipur,India",Municipality
Badnapur,"Badnapur,Maharashtra,India",Municipality
Kawnpui,"Kawnpui,Mizoram,India",Municipality
Pamarru,"Pamarru,Andhra Pradesh,India",Municipality
Changanasseri,"Changanasseri,Kerala,India",Municipality
Narwana,"Narwana,Haryana,India",Municipality
Huzurnagar,"Huzurnagar,Telangana,India",Municipality
Kushmanchi,"Kushmanchi,Telangana,India",Municipality
Talwandi Sabo,"Talwandi Sabo,Punjab,India",Municipality
Khatav,"Khatav,Maharashtra,India",Municipality
Guwahati Circle,"Guwahati Circle,Assam,India",Municipality
Paddhari,"Paddhari,Gujarat,India",Municipality
Bichhiya,"Bichhiya,Madhya Pradesh,India",Municipality
Yacharam,"Yacharam,Telangana,India",Municipality
Jansath,"Jansath,Uttar Pradesh,India",Municipality
Navipet,"Navipet,Telangana,India",Municipality
Danta Ramgarh,"Danta Ramgarh,Rajasthan,India",Municipality
Bharthna,"Bharthna,Uttar Pradesh,India",Municipality
Obulavaripalle,"Obulavaripalle,Andhra Pradesh,India",Municipality
Bhadravati,"Bhadravati,Maharashtra,India",Municipality
Bramhapuri,"Bramhapuri,Maharashtra,India",Municipality
Mandar,"Mandar,Jharkhand,India",Municipality
Ballia,"Ballia,Uttar Pradesh,India",Municipality
Tondiarpet,"Tondiarpet,Tamil Nadu,India",Municipality
Bishnupur,"Bishnupur,Manipur,India",Municipality
Rasagovindapur,"Rasagovindapur,Odisha,India",Municipality
Kesavapatnam,"Kesavapatnam,Telangana,India",Municipality
Nokha,"Nokha,Rajasthan,India",Municipality
Dornala,"Dornala,Andhra Pradesh,India",Municipality
Karhal,"Karhal,Uttar Pradesh,India",Municipality
Taoru,"Taoru,Haryana,India",Municipality
Pali,"Pali,Madhya Pradesh,India",Municipality
Payyannur,"Payyannur,Kerala,India",Municipality
Etah,"Etah,Uttar Pradesh,India",Municipality
Pipalkhunt,"Pipalkhunt,Rajasthan,India",Municipality
Konta,"Konta,Chhattisgarh,India",Municipality
Sarangpur,"Sarangpur,Madhya Pradesh,India",Municipality
Lalburra,"Lalburra,Madhya Pradesh,India",Municipality
Chail,"Chail,Uttar Pradesh,India",Municipality
Karimganj,"Karimganj,Uttar Pradesh,India",Municipality
Lansdowne,"Lansdowne,Uttarakhand,India",Municipality
Satlasana,"Satlasana,Gujarat,India",Municipality
Mainpat,"Mainpat,Chhattisgarh,India",Municipality
Palani,"Palani,Tamil Nadu,India",Municipality
Kasmar,"Kasmar,Jharkhand,India",Municipality
Penpahad,"Penpahad,Telangana,India",Municipality
Kotturu,"Kotturu,Andhra Pradesh,India",Municipality
Baheri,"Baheri,Uttar Pradesh,India",Municipality
Rajim,"Rajim,Chhattisgarh,India",Municipality
Kouthala,"Kouthala,Telangana,India",Municipality
Kochchi,"Kochchi,Kerala,India",Municipality
Bindranawagarh,"Bindranawagarh,Chhattisgarh,India",Municipality
Kanwas,"Kanwas,Rajasthan,India",Municipality
I Polavaram,"I Polavaram,Andhra Pradesh,India",Municipality
Bhavani,"Bhavani,Tamil Nadu,India",Municipality
Beawar,"Beawar,Ajmer Division,Rajasthan,India",Municipality
Chinna Ganjam,"Chinna Ganjam,Andhra Pradesh,India",Municipality
Jahanabad,"Jahanabad,Bihar,India",Municipality
Bishnpuri,"Bishnpuri,Jharkhand,India",Municipality
Manmangalam,"Manmangalam,Tamil Nadu,India",Municipality
Channarayapatna,"Channarayapatna,Karnataka,India",Municipality
Mylavaram,"Mylavaram,Andhra Pradesh,India",Municipality
Mariani Circle,"Mariani Circle,Assam,India",Municipality
Shankhavaram,"Shankhavaram,Andhra Pradesh,India",Municipality
Khed,"Khed,Konkan Division,Maharashtra,India",Municipality
Sonahatu,"Sonahatu,Jharkhand,India",Municipality
Ngopa,"Ngopa,Mizoram,India",Municipality
Saket,"Saket,Delhi,India",Municipality
Lormi,"Lormi,Chhattisgarh,India",Municipality
Belagal,"Belagal,Andhra Pradesh,India",Municipality
Punahana,"Punahana,Haryana,India",Municipality
Suar,"Suar,Uttar Pradesh,India",Municipality
Faizabad,"Faizabad,Uttar Pradesh,India",Municipality
Nagpur-Rural,"Nagpur-Rural,Maharashtra,India",Municipality
Kalwasrirampur,"Kalwasrirampur,Telangana,India",Municipality
Voletivaripalem,"Voletivaripalem,Andhra Pradesh,India",Municipality
Shirur,"Shirur,Pune Division,Maharashtra,India",Municipality
Tatijharia,"Tatijharia,Jharkhand,India",Municipality
Raidih,"Raidih,Jharkhand,India",Municipality
Pomburna,"Pomburna,Maharashtra,India",Municipality
Hathras,"Hathras,Uttar Pradesh,India",Municipality
Sheikhpura,"Sheikhpura,Bihar,India",Municipality
Guduru,"Guduru,Andhra Pradesh,India",Municipality
Fatehabad,"Fatehabad,Haryana,India",Municipality
Regod,"Regod,Telangana,India",Municipality
Malakhera,"Malakhera,Rajasthan,India",Municipality
Oddanchattram,"Oddanchattram,Tamil Nadu,India",Municipality
Kalluru,"Kalluru,Telangana,India",Municipality
Hunterganj,"Hunterganj,Jharkhand,India",Municipality
Erragondapalem,"Erragondapalem,Andhra Pradesh,India",Municipality
Yelerupadu,"Yelerupadu,Andhra Pradesh,India",Municipality
Jawad,"Jawad,Madhya Pradesh,India",Municipality
Kurai,"Kurai,Madhya Pradesh,India",Municipality
Khaknar,"Khaknar,Madhya Pradesh,India",Municipality
Dhandhuka,"Dhandhuka,Gujarat,India",Municipality
Rapur,"Rapur,Andhra Pradesh,India",Municipality
Warud,"Warud,Maharashtra,India",Municipality
Phirangipuram,"Phirangipuram,Andhra Pradesh,India",Municipality
Pakala,"Pakala,Andhra Pradesh,India",Municipality
Simaria,"Simaria,Jharkhand,India",Municipality
Hanmakonda,"Hanmakonda,Telangana,India",Municipality
Aghunato,"Aghunato,Nagaland,India",Municipality
Khatoli,"Khatoli,Uttar Pradesh,India",Municipality
Alattur,"Alattur,Kerala,India",Municipality
Arnod,"Arnod,Rajasthan,India",Municipality
Tinsukia Circle,"Tinsukia Circle,Assam,India",Municipality
Baseri,"Baseri,Rajasthan,India",Municipality
Peravurani,"Peravurani,Tamil Nadu,India",Municipality
Buttaigudem,"Buttaigudem,Andhra Pradesh,India",Municipality
Kamalpur,"Kamalpur,Tripura,India",Municipality
Barkot,"Barkot,Odisha,India",Municipality
Marwar Jun,"Marwar Jun,Rajasthan,India",Municipality
Balurghat,"Balurghat,West Bengal,India",Municipality
Sawai Madhopur,"Sawai Madhopur,Rajasthan,India",Municipality
Ranni,"Ranni,Kerala,India",Municipality
Channagiri,"Channagiri,Karnataka,India",Municipality
Utkur,"Utkur,Telangana,India",Municipality
Kanchanpur,"Kanchanpur,Tripura,India",Municipality
Morena,"Morena,Madhya Pradesh,India",Municipality
Sheohar,"Sheohar,Bihar,India",Municipality
Kalamb,"Kalamb,Aurangabad Division,Maharashtra,India",Municipality
Babra,"Babra,Gujarat,India",Municipality
Pallavaram,"Pallavaram,Tamil Nadu,India",Municipality
Gyanpur,"Gyanpur,Uttar Pradesh,India",Municipality
Dharampur,"Dharampur,Himachal Pradesh,India",Municipality
Manapparai,"Manapparai,Tamil Nadu,India",Municipality
Mansa,"Mansa,Punjab,India",Municipality
Yalburga,"Yalburga,Karnataka,India",Municipality
Pusad,"Pusad,Maharashtra,India",Municipality
Umri,"Umri,Maharashtra,India",Municipality
Karaikal,"Karaikal,Puducherry,India",Municipality
Kelapur,"Kelapur,Maharashtra,India",Municipality
Nizamsagar,"Nizamsagar,Telangana,India",Municipality
Dhemaji,"Dhemaji,Assam,India",Municipality
Anamalai,"Anamalai,Tamil Nadu,India",Municipality
Budhni,"Budhni,Madhya Pradesh,India",Municipality
Anandpuri,"Anandpuri,Rajasthan,India",Municipality
Bundi,"Bundi,Rajasthan,India",Municipality
Nilakkottai,"Nilakkottai,Tamil Nadu,India",Municipality
Gobindpur,"Gobindpur,North Chotanagpur Division,Jharkhand,India",Municipality
Ponnaluru,"Ponnaluru,Andhra Pradesh,India",Municipality
Sasni,"Sasni,Uttar Pradesh,India",Municipality
Tiruchirapalli East,"Tiruchirapalli East,Tamil Nadu,India",Municipality
Yerrupalem,"Yerrupalem,Telangana,India",Municipality
Kalyanpur,"Kalyanpur,Gujarat,India",Municipality
Bahror,"Bahror,Rajasthan,India",Municipality
Perundurai,"Perundurai,Tamil Nadu,India",Municipality
Sakoli,"Sakoli,Maharashtra,India",Municipality
Jukkal,"Jukkal,Telangana,India",Municipality
Nermand,"Nermand,Himachal Pradesh,India",Municipality
Nazira Circle,"Nazira Circle,Assam,India",Municipality
Rajupalem,"Rajupalem,Andhra Pradesh,India",Municipality
Dubbak,"Dubbak,Telangana,India",Municipality
Markapur,"Markapur,Andhra Pradesh,India",Municipality
Salumber,"Salumber,Rajasthan,India",Municipality
Lawan,"Lawan,Rajasthan,India",Municipality
Junnardev,"Junnardev,Madhya Pradesh,India",Municipality
Kapadvanj,"Kapadvanj,Gujarat,India",Municipality
Shindkhed,"Shindkhed,Maharashtra,India",Municipality
Tarangambadi,"Tarangambadi,Tamil Nadu,India",Municipality
Pullampet,"Pullampet,Andhra Pradesh,India",Municipality
Cherukupalli,"Cherukupalli,Andhra Pradesh,India",Municipality
Sultanpur,"Sultanpur,Uttar Pradesh,India",Municipality
Pushprajgarh,"Pushprajgarh,Madhya Pradesh,India",Municipality
Bari Sadri,"Bari Sadri,Rajasthan,India",Municipality
Hanumangarh,"Hanumangarh,Rajasthan,India",Municipality
Baireddipalle,"Baireddipalle,Andhra Pradesh,India",Municipality
Hamirpur,"Hamirpur,Himachal Pradesh,India",Municipality
Kaluvoya,"Kaluvoya,Andhra Pradesh,India",Municipality
Dharmshala,"Dharmshala,Himachal Pradesh,India",Municipality
Viravasaram,"Viravasaram,Andhra Pradesh,India",Municipality
Bariguma,"Bariguma,Odisha,India",Municipality
Tandwa,"Tandwa,Jharkhand,India",Municipality
Chandabali,"Chandabali,Odisha,India",Municipality
Gara,"Gara,Andhra Pradesh,India",Municipality
Radhapuram,"Radhapuram,Tamil Nadu,India",Municipality
Kundapura,"Kundapura,Karnataka,India",Municipality
Gajwel,"Gajwel,Telangana,India",Municipality
Rampur Baghelan,"Rampur Baghelan,Madhya Pradesh,India",Municipality
Raver,"Raver,Maharashtra,India",Municipality
Basantrai,"Basantrai,Jharkhand,India",Municipality
Attili,"Attili,Andhra Pradesh,India",Municipality
Shirur,"Shirur,Aurangabad Division,Maharashtra,India",Municipality
Koilkonda,"Koilkonda,Telangana,India",Municipality
Deulgaon-Raja,"Deulgaon-Raja,Maharashtra,India",Municipality
Barwah,"Barwah,Indore Division,India",Municipality
Baganpara Circle,"Baganpara Circle,Assam,India",Municipality
Chaibasa,"Chaibasa,Jharkhand,India",Municipality
Multai,"Multai,Madhya Pradesh,India",Municipality
Vizianagaram,"Vizianagaram,Andhra Pradesh,India",Municipality
Nalgonda,"Nalgonda,Telangana,India",Municipality
Alampur,"Alampur,Telangana,India",Municipality
Dumri,"Dumri,South Chotanagpur Division,Jharkhand,India",Municipality
Colonelganj,"Colonelganj,Uttar Pradesh,India",Municipality
Badami,"Badami,Karnataka,India",Municipality
Saidapur,"Saidapur,Telangana,India",Municipality
Itikyala,"Itikyala,Telangana,India",Municipality
Srinagar,"Srinagar,Uttarakhand,India",Municipality
Karera,"Karera,Madhya Pradesh,India",Municipality
Kairana,"Kairana,Uttar Pradesh,India",Municipality
Pattambi,"Pattambi,Kerala,India",Municipality
Vemulawada,"Vemulawada,Telangana,India",Municipality
Kadavur,"Kadavur,Tamil Nadu,India",Municipality
Asnawar,"Asnawar,Rajasthan,India",Municipality
Parner,"Parner,Maharashtra,India",Municipality
Varni,"Varni,Telangana,India",Municipality
Puranpur,"Puranpur,Uttar Pradesh,India",Municipality
Thangadh,"Thangadh,Gujarat,India",Municipality
Mokokchung,"Mokokchung,Nagaland,India",Municipality
Mantralayam,"Mantralayam,Andhra Pradesh,India",Municipality
Itki,"Itki,Jharkhand,India",Municipality
Tanuku,"Tanuku,Andhra Pradesh,India",Municipality
Shahpura,"Shahpura,Madhya Pradesh,India",Municipality
Deola,"Deola,Maharashtra,India",Municipality
Kalpi,"Kalpi,Uttar Pradesh,India",Municipality
Sikar,"Sikar,Rajasthan,India",Municipality
Kuankonda,"Kuankonda,Chhattisgarh,India",Municipality
Pusapatirega,"Pusapatirega,Andhra Pradesh,India",Municipality
Peddemul,"Peddemul,Telangana,India",Municipality
Bulandshahr,"Bulandshahr,Uttar Pradesh,India",Municipality
Poduru,"Poduru,Andhra Pradesh,India",Municipality
Baharampur,"Baharampur,West Bengal,India",Municipality
Bhawanathpur,"Bhawanathpur,Jharkhand,India",Municipality
Bhogaon,"Bhogaon,Uttar Pradesh,India",Municipality
Sayla,"Sayla,Rajasthan,India",Municipality
Thasra,"Thasra,Gujarat,India",Municipality
Chinnamandem,"Chinnamandem,Andhra Pradesh,India",Municipality
Adityapur,"Adityapur,Jharkhand,India",Municipality
Mannarkkad,"Mannarkkad,Kerala,India",Municipality
Mancherial,"Mancherial,Telangana,India",Municipality
Kodinga,"Kodinga,Odisha,India",Municipality
Devarapalle,"Devarapalle,Andhra Pradesh,India",Municipality
Chabua Circle,"Chabua Circle,Assam,India",Municipality
Bhurgampadu,"Bhurgampadu,Telangana,India",Municipality
Chakur,"Chakur,Maharashtra,India",Municipality
Baunli,"Baunli,Rajasthan,India",Municipality
Lalgudi,"Lalgudi,Tamil Nadu,India",Municipality
Saikul,"Saikul,Manipur,India",Municipality
Tibi,"Tibi,Rajasthan,India",Municipality
Khanpur,"Khanpur,Rajasthan,India",Municipality
Sonaraythari,"Sonaraythari,Jharkhand,India",Municipality
Ramgundam,"Ramgundam,Telangana,India",Municipality
Jahajpur,"Jahajpur,Rajasthan,India",Municipality
Chamoli,"Chamoli,Uttarakhand,India",Municipality
Mahsala,"Mahsala,Maharashtra,India",Municipality
Najibabad,"Najibabad,Uttar Pradesh,India",Municipality
Nandigam,"Nandigam,Andhra Pradesh,India",Municipality
Arakkonam,"Arakkonam,Tamil Nadu,India",Municipality
Gopalpeta,"Gopalpeta,Telangana,India",Municipality
Gaurihar,"Gaurihar,Madhya Pradesh,India",Municipality
Chiniya,"Chiniya,Jharkhand,India",Municipality
Kangayam,"Kangayam,Tamil Nadu,India",Municipality
Vardannapet,"Vardannapet,Telangana,India",Municipality
Kalaigaon Circle,"Kalaigaon Circle,Assam,India",Municipality
Rebutshganj,"Rebutshganj,Uttar Pradesh,India",Municipality
Ambah,"Ambah,Madhya Pradesh,India",Municipality
Marakkanam,"Marakkanam,Tamil Nadu,India",Municipality
Shevgaon,"Shevgaon,Maharashtra,India",Municipality
Yeola,"Yeola,Maharashtra,India",Municipality
Rashmi,"Rashmi,Rajasthan,India",Municipality
Tamulpur Circle,"Tamulpur Circle,Assam,India",Municipality
Kondurg,"Kondurg,Telangana,India",Municipality
Manavadar,"Manavadar,Gujarat,India",Municipality
Kethepalli,"Kethepalli,Telangana,India",Municipality
Mungeli,"Mungeli,Chhattisgarh,India",Municipality
Bhiwani,"Bhiwani,Haryana,India",Municipality
Rahata,"Rahata,Maharashtra,India",Municipality
Maregaon,"Maregaon,Maharashtra,India",Municipality
Dwarka,"Dwarka,Delhi,India",Municipality
Badvel,"Badvel,Andhra Pradesh,India",Municipality
Mamda,"Mamda,Telangana,India",Municipality
Yarlagaddaramavaram,"Yarlagaddaramavaram,Andhra Pradesh,India",Municipality
Seoni,"Seoni,Madhya Pradesh,India",Municipality
Vallur,"Vallur,Andhra Pradesh,India",Municipality
Kurinjipadi,"Kurinjipadi,Tamil Nadu,India",Municipality
Balasinor,"Balasinor,Gujarat,India",Municipality
Girwa,"Girwa,Rajasthan,India",Municipality
Jiribam,"Jiribam,Manipur,India",Municipality
Churachandpur,"Churachandpur,Manipur,India",Municipality
Ambasamudram,"Ambasamudram,Tamil Nadu,India",Municipality
Kokrajhar Circle,"Kokrajhar Circle,Assam,India",Municipality
Kunda,"Kunda,Tamil Nadu,India",Municipality
Manjhanpur,"Manjhanpur,Uttar Pradesh,India",Municipality
Indapur,"Indapur,Maharashtra,India",Municipality
Dumaria,"Dumaria,Jharkhand,India",Municipality
Amethi,"Amethi,Uttar Pradesh,India",Municipality
Rayadurg,"Rayadurg,Andhra Pradesh,India",Municipality
Malihabad,"Malihabad,Uttar Pradesh,India",Municipality
Bapatla,"Bapatla,Andhra Pradesh,India",Municipality
Kollipara,"Kollipara,Andhra Pradesh,India",Municipality
Sirsilla,"Sirsilla,Telangana,India",Municipality
Gogari,"Gogari,Bihar,India",Municipality
Somashwar,"Somashwar,Uttarakhand,India",Municipality
Rajgarh,"Rajgarh,Madhya Pradesh,India",Municipality
Nandgaon,"Nandgaon,Maharashtra,India",Municipality
Kumbhalgarh,"Kumbhalgarh,Rajasthan,India",Municipality
Paravur,"Paravur,Kerala,India",Municipality
Kharagpur,"Kharagpur,Bihar,India",Municipality
Mayur Hand,"Mayur Hand,Jharkhand,India",Municipality
Simalwara,"Simalwara,Rajasthan,India",Municipality
Walajabad,"Walajabad,Tamil Nadu,India",Municipality
Sunam,"Sunam,Punjab,India",Municipality
Tappa,"Tappa,Punjab,India",Municipality
Bari,"Bari,Rajasthan,India",Municipality
Chhipa Barod,"Chhipa Barod,Rajasthan,India",Municipality
Bhawanipatna,"Bhawanipatna,Odisha,India",Municipality
Porbandar,"Porbandar,Gujarat,India",Municipality
Bazar Hatnur,"Bazar Hatnur,Telangana,India",Municipality
Siwani,"Siwani,Haryana,India",Municipality
Ulundurpettai,"Ulundurpettai,Tamil Nadu,India",Municipality
Tangi,"Tangi,Odisha,India",Municipality
Tamkuhi Raj,"Tamkuhi Raj,Uttar Pradesh,India",Municipality
Chippagiri,"Chippagiri,Andhra Pradesh,India",Municipality
Lakkavarapukota,"Lakkavarapukota,Andhra Pradesh,India",Municipality
Nasrullahganj,"Nasrullahganj,Madhya Pradesh,India",Municipality
Todupuzha,"Todupuzha,Kerala,India",Municipality
Patan,"Patan,Madhya Pradesh,India",Municipality
Shahpur,"Shahpur,Karnataka,India",Municipality
Kagal,"Kagal,Maharashtra,India",Municipality
Laksar,"Laksar,Uttarakhand,India",Municipality
Nalagarh,"Nalagarh,Himachal Pradesh,India",Municipality
Sakti,"Sakti,Chhattisgarh,India",Municipality
Mathampalli,"Mathampalli,Telangana,India",Municipality
Shrirangapattana,"Shrirangapattana,Karnataka,India",Municipality
Yalandur,"Yalandur,Karnataka,India",Municipality
Edlapadu,"Edlapadu,Andhra Pradesh,India",Municipality
Jalalpur,"Jalalpur,Uttar Pradesh,India",Municipality
Padrauna,"Padrauna,Uttar Pradesh,India",Municipality
Dapoli,"Dapoli,Maharashtra,India",Municipality
Udaiyarpalaiyam,"Udaiyarpalaiyam,Tamil Nadu,India",Municipality
Partur,"Partur,Maharashtra,India",Municipality
Balod,"Balod,Chhattisgarh,India",Municipality
Manika,"Manika,Jharkhand,India",Municipality
Khammam Rural,"Khammam Rural,Telangana,India",Municipality
Padmanabham,"Padmanabham,Andhra Pradesh,India",Municipality
Dabhra,"Dabhra,Chhattisgarh,India",Municipality
Bilaspur,"Bilaspur,Himachal Pradesh,India",Municipality
Setturu,"Setturu,Andhra Pradesh,India",Municipality
Jamtara,"Jamtara,Santhal Pargana Division,Jharkhand,India",Municipality
Madgul,"Madgul,Telangana,India",Municipality
Baharagora,"Baharagora,Jharkhand,India",Municipality
Mandawar,"Mandawar,Rajasthan,India",Municipality
Patharia,"Patharia,Madhya Pradesh,India",Municipality
Sihawal,"Sihawal,Madhya Pradesh,India",Municipality
Atchutapuram,"Atchutapuram,Andhra Pradesh,India",Municipality
Chikhli,"Chikhli,Rajasthan,India",Municipality
Osiyan,"Osiyan,Rajasthan,India",Municipality
Konijerla,"Konijerla,Telangana,India",Municipality
Sayla,"Sayla,Gujarat,India",Municipality
Khaniyadhana,"Khaniyadhana,Madhya Pradesh,India",Municipality
Bichhua,"Bichhua,Madhya Pradesh,India",Municipality
Mylapore,"Mylapore,Tamil Nadu,India",Municipality
Hiranpur,"Hiranpur,Jharkhand,India",Municipality
Baran,"Baran,Rajasthan,India",Municipality
Gudem Kotha Veedhi,"Gudem Kotha Veedhi,Andhra Pradesh,India",Municipality
Shujalpur,"Shujalpur,Madhya Pradesh,India",Municipality
Chhoti Sarwan,"Chhoti Sarwan,Rajasthan,India",Municipality
Padampur,"Padampur,Rajasthan,India",Municipality
Kottavalasa,"Kottavalasa,Andhra Pradesh,India",Municipality
Kharkhauda,"Kharkhauda,Haryana,India",Municipality
Nanjangud,"Nanjangud,Karnataka,India",Municipality
Dulmi,"Dulmi,Jharkhand,India",Municipality
Pataudi,"Pataudi,Haryana,India",Municipality
Kondapuram,"Kondapuram,Andhra Pradesh,India",Municipality
Khatra,"Khatra,West Bengal,India",Municipality
Firozabad,"Firozabad,Uttar Pradesh,India",Municipality
Arang,"Arang,Chhattisgarh,India",Municipality
Aminjikarai,"Aminjikarai,Tamil Nadu,India",Municipality
Gondal,"Gondal,Gujarat,India",Municipality
Risod,"Risod,Maharashtra,India",Municipality
Morang,"Morang,Himachal Pradesh,India",Municipality
Ramanuj Nagar,"Ramanuj Nagar,Chhattisgarh,India",Municipality
Chengam,"Chengam,Tamil Nadu,India",Municipality
Dashapalla,"Dashapalla,Odisha,India",Municipality
Pennagaram,"Pennagaram,Tamil Nadu,India",Municipality
Vinchhiya,"Vinchhiya,Gujarat,India",Municipality
Gurramkonda,"Gurramkonda,Andhra Pradesh,India",Municipality
Phagi,"Phagi,Rajasthan,India",Municipality
Devli,"Devli,Rajasthan,India",Municipality
Kalka,"Kalka,Haryana,India",Municipality
Rampur,"Rampur,Moradabad Division,Uttar Pradesh,India",Municipality
Thural,"Thural,Himachal Pradesh,India",Municipality
Kuppam,"Kuppam,Andhra Pradesh,India",Municipality
Masturi,"Masturi,Chhattisgarh,India",Municipality
Gudhamalani,"Gudhamalani,Rajasthan,India",Municipality
Chorasi,"Chorasi,Gujarat,India",Municipality
Uppalaguptam,"Uppalaguptam,Andhra Pradesh,India",Municipality
Kharaondi,"Kharaondi,Jharkhand,India",Municipality
Kolluru,"Kolluru,Andhra Pradesh,India",Municipality
Bhainsdehi,"Bhainsdehi,Madhya Pradesh,India",Municipality
Bajali Circle,"Bajali Circle,Assam,India",Municipality
Mangrol,"Mangrol,Rajasthan,India",Municipality
Sohagpur,"Sohagpur,Shahdol Division,Madhya Pradesh,India",Municipality
Lohawat,"Lohawat,Rajasthan,India",Municipality
Ghanpur(Mulug),"Ghanpur(Mulug),Telangana,India",Municipality
Patamundai,"Patamundai,Odisha,India",Municipality
Nimach,"Nimach,Madhya Pradesh,India",Municipality
Sasaram,"Sasaram,Bihar,India",Municipality
Gariadhar,"Gariadhar,Gujarat,India",Municipality
Katihar,"Katihar,Bihar,India",Municipality
Bibinagar,"Bibinagar,Telangana,India",Municipality
Kandhar,"Kandhar,Maharashtra,India",Municipality
Bhainsa,"Bhainsa,Telangana,India",Municipality
Chinthakani,"Chinthakani,Telangana,India",Municipality
Velacheri,"Velacheri,Tamil Nadu,India",Municipality
Lambhua,"Lambhua,Uttar Pradesh,India",Municipality
Nawabganj,"Nawabganj,Ayodhya Division,Uttar Pradesh,India",Municipality
Amgaon,"Amgaon,Maharashtra,India",Municipality
Palmaner,"Palmaner,Andhra Pradesh,India",Municipality
Hussainabad,"Hussainabad,Jharkhand,India",Municipality
Asifabad,"Asifabad,Telangana,India",Municipality
Chillakur,"Chillakur,Andhra Pradesh,India",Municipality
Shri Madhopur,"Shri Madhopur,Rajasthan,India",Municipality
Chitradurga,"Chitradurga,Karnataka,India",Municipality
Ellenabad,"Ellenabad,Haryana,India",Municipality
Nawabazar,"Nawabazar,Jharkhand,India",Municipality
Lahul,"Lahul,Himachal Pradesh,India",Municipality
Lakhimpur,"Lakhimpur,Uttar Pradesh,India",Municipality
Jamunamarathur,"Jamunamarathur,Tamil Nadu,India",Municipality
Gudur,"Gudur,Telangana,India",Municipality
Humnabad,"Humnabad,Karnataka,India",Municipality
Sangola,"Sangola,Maharashtra,India",Municipality
Pandhurna,"Pandhurna,Madhya Pradesh,India",Municipality
Chapar Circle,"Chapar Circle,Assam,India",Municipality
Bandi Atmakuru,"Bandi Atmakuru,Andhra Pradesh,India",Municipality
Babhulgaon,"Babhulgaon,Maharashtra,India",Municipality
Marungapuri,"Marungapuri,Tamil Nadu,India",Municipality
Gazipur,"Gazipur,Uttar Pradesh,India",Municipality
Kosli,"Kosli,Haryana,India",Municipality
Ardhavidu,"Ardhavidu,Andhra Pradesh,India",Municipality
Tarapur,"Tarapur,Bihar,India",Municipality
Sangmeshwar,"Sangmeshwar,Maharashtra,India",Municipality
Anudha,"Anudha,Maharashtra,India",Municipality
Nagod,"Nagod,Madhya Pradesh,India",Municipality
Sagwara,"Sagwara,Rajasthan,India",Municipality
Khargon,"Khargon,Madhya Pradesh,India",Municipality
Bari,"Bari,Odisha,India",Municipality
Buldhana,"Buldhana,Maharashtra,India",Municipality
Jesar,"Jesar,Gujarat,India",Municipality
Racherla,"Racherla,Andhra Pradesh,India",Municipality
Keonjhar (Kendujhar),"Keonjhar (Kendujhar),Odisha,India",Municipality
Gudipala,"Gudipala,Andhra Pradesh,India",Municipality
Sengottai,"Sengottai,Tamil Nadu,India",Municipality
Binki,"Binki,Uttar Pradesh,India",Municipality
Nagbhir,"Nagbhir,Maharashtra,India",Municipality
Yellandu,"Yellandu,Telangana,India",Municipality
Lahorighat Circle,"Lahorighat Circle,Assam,India",Municipality
Kutiyana,"Kutiyana,Gujarat,India",Municipality
Obuladevaracheruvu,"Obuladevaracheruvu,Andhra Pradesh,India",Municipality
Junagadh,"Junagadh,Gujarat,India",Municipality
Sarupathar Circle,"Sarupathar Circle,Assam,India",Municipality
Allur,"Allur,Andhra Pradesh,India",Municipality
Kuntala,"Kuntala,Telangana,India",Municipality
Bakshika Talab,"Bakshika Talab,Uttar Pradesh,India",Municipality
Saidapuram,"Saidapuram,Andhra Pradesh,India",Municipality
Rasra,"Rasra,Uttar Pradesh,India",Municipality
Chauth Ka Barwara,"Chauth Ka Barwara,Rajasthan,India",Municipality
Subansiri,"Subansiri,Assam,India",Municipality
Lalganj,"Lalganj,Azamgarh Division,Uttar Pradesh,India",Municipality
Mangaon,"Mangaon,Maharashtra,India",Municipality
Patnagarh,"Patnagarh,Odisha,India",Municipality
Repalle,"Repalle,Andhra Pradesh,India",Municipality
Pittalavaripalem,"Pittalavaripalem,Andhra Pradesh,India",Municipality
Chinna Selam,"Chinna Selam,Tamil Nadu,India",Municipality
Bare Rajpur,"Bare Rajpur,Chhattisgarh,India",Municipality
Navapur,"Navapur,Maharashtra,India",Municipality
Bawal,"Bawal,Haryana,India",Municipality
Brahmagiri,"Brahmagiri,Odisha,India",Municipality
Lingasamudram,"Lingasamudram,Andhra Pradesh,India",Municipality
Kanchili,"Kanchili,Andhra Pradesh,India",Municipality
Hajo Circle,"Hajo Circle,Assam,India",Municipality
Olpad,"Olpad,Gujarat,India",Municipality
Gollapaali,"Gollapaali,Telangana,India",Municipality
Makavarapalem,"Makavarapalem,Andhra Pradesh,India",Municipality
Sankarapuram,"Sankarapuram,Tamil Nadu,India",Municipality
Ausa,"Ausa,Maharashtra,India",Municipality
Tulsipur,"Tulsipur,Uttar Pradesh,India",Municipality
Faridpur,"Faridpur,Uttar Pradesh,India",Municipality
Pandharpur,"Pandharpur,Pune Division,Maharashtra,India",Municipality
Gisgonda,"Gisgonda,Telangana,India",Municipality
Orvakal,"Orvakal,Andhra Pradesh,India",Municipality
Nuagan,"Nuagan,Odisha,India",Municipality
Chakarnagar,"Chakarnagar,Uttar Pradesh,India",Municipality
Kottarakara,"Kottarakara,Kerala,India",Municipality
Ramannapet,"Ramannapet,Telangana,India",Municipality
Anandpur,"Anandpur,Jharkhand,India",Municipality
Dasarathpur,"Dasarathpur,Odisha,India",Municipality
Model Town,"Model Town,Delhi,India",Municipality
Barpali,"Barpali,Odisha,India",Municipality
Kotkasim,"Kotkasim,Rajasthan,India",Municipality
Khanapur,"Khanapur,Karnataka,India",Municipality
Magarlor,"Magarlor,Chhattisgarh,India",Municipality
Kallar,"Kallar,Telangana,India",Municipality
Pohri,"Pohri,Madhya Pradesh,India",Municipality
Gudipalli,"Gudipalli,Andhra Pradesh,India",Municipality
Uppununtala,"Uppununtala,Telangana,India",Municipality
Astarang,"Astarang,Odisha,India",Municipality
Ramasamudram,"Ramasamudram,Andhra Pradesh,India",Municipality
Bihar Sharif,"Bihar Sharif,Bihar,India",Municipality
Mehdawal,"Mehdawal,Uttar Pradesh,India",Municipality
Khairagarh,"Khairagarh,Chhattisgarh,India",Municipality
Midjil,"Midjil,Telangana,India",Municipality
Depalpur,"Depalpur,Madhya Pradesh,India",Municipality
Anaikkattu,"Anaikkattu,Tamil Nadu,India",Municipality
Serchhip,"Serchhip,Mizoram,India",Municipality
Barsoi,"Barsoi,Bihar,India",Municipality
Hosadurga,"Hosadurga,Karnataka,India",Municipality
Amet,"Amet,Rajasthan,India",Municipality
Shahpur,"Shahpur,Himachal Pradesh,India",Municipality
Sumerpur,"Sumerpur,Rajasthan,India",Municipality
Srinivasapura,"Srinivasapura,Karnataka,India",Municipality
Tirmalgiri,"Tirmalgiri,Telangana,India",Municipality
Gabhana,"Gabhana,Uttar Pradesh,India",Municipality
Madugula,"Madugula,Andhra Pradesh,India",Municipality
Paren,"Paren,Nagaland,India",Municipality
Kurdeg,"Kurdeg,Jharkhand,India",Municipality
Manali,"Manali,Himachal Pradesh,India",Municipality
Raipur,"Raipur,Jodhpur Division,Rajasthan,India",Municipality
Bhattiprolu,"Bhattiprolu,Andhra Pradesh,India",Municipality
Gurajala,"Gurajala,Andhra Pradesh,India",Municipality
Ranpur,"Ranpur,Gujarat,India",Municipality
Kankipadu,"Kankipadu,Andhra Pradesh,India",Municipality
Eleswaram,"Eleswaram,Andhra Pradesh,India",Municipality
Gumla,"Gumla,Jharkhand,India",Municipality
Shajapur,"Shajapur,Ujjain Division,Madhya Pradesh,India",Municipality
Rajpur,"Rajpur,Indore Division,Madhya Pradesh,India",Municipality
Brahmarajapur,"Brahmarajapur,Odisha,India",Municipality
Peddapuram,"Peddapuram,Andhra Pradesh,India",Municipality
Hazaribagh,"Hazaribagh,Jharkhand,India",Municipality
Bemetara,"Bemetara,Chhattisgarh,India",Municipality
Maredumilli,"Maredumilli,Andhra Pradesh,India",Municipality
Balachaur,"Balachaur,Punjab,India",Municipality
Ramachandrapuram,"Ramachandrapuram,Telangana,India",Municipality
Kalayarkovil,"Kalayarkovil,Tamil Nadu,India",Municipality
Vinjamur,"Vinjamur,Andhra Pradesh,India",Municipality
Shahpura,"Shahpura,Ajmer Division,Rajasthan,India",Municipality
Kalna,"Kalna,West Bengal,India",Municipality
Sikandarpur,"Sikandarpur,Uttar Pradesh,India",Municipality
Pedda Nandipadu,"Pedda Nandipadu,Andhra Pradesh,India",Municipality
Sakaleshpur,"Sakaleshpur,Karnataka,India",Municipality
Ballikurava,"Ballikurava,Andhra Pradesh,India",Municipality
Chandauli,"Chandauli,Uttar Pradesh,India",Municipality
North Vanlaiphai,"North Vanlaiphai,Mizoram,India",Municipality
Sindgi,"Sindgi,Karnataka,India",Municipality
Kotamangalam,"Kotamangalam,Kerala,India",Municipality
Murud,"Murud,Maharashtra,India",Municipality
Raikot,"Raikot,Punjab,India",Municipality
Churu,"Churu,Rajasthan,India",Municipality
Belsand,"Belsand,Bihar,India",Municipality
Zunheboto,"Zunheboto,Nagaland,India",Municipality
Amla,"Amla,Madhya Pradesh,India",Municipality
Kishangarh,"Kishangarh,Rajasthan,India",Municipality
Khumtai Circle,"Khumtai Circle,Assam,India",Municipality
Garhshankar,"Garhshankar,Punjab,India",Municipality
Lehra,"Lehra,Punjab,India",Municipality
Bhudargad,"Bhudargad,Maharashtra,India",Municipality
Susner,"Susner,Madhya Pradesh,India",Municipality
Kunda,"Kunda,Jharkhand,India",Municipality
Kongkhim,"Kongkhim,Nagaland,India",Municipality
Tenali,"Tenali,Andhra Pradesh,India",Municipality
Rajagangapur,"Rajagangapur,Odisha,India",Municipality
Shamli,"Shamli,Uttar Pradesh,India",Municipality
Bijeraghogarh,"Bijeraghogarh,Madhya Pradesh,India",Municipality
Gudihathnur,"Gudihathnur,Telangana,India",Municipality
Indergarh,"Indergarh,Rajasthan,India",Municipality
Pochampalli,"Pochampalli,Tamil Nadu,India",Municipality
Chaksu,"Chaksu,Rajasthan,India",Municipality
Ramshahr,"Ramshahr,Himachal Pradesh,India",Municipality
Gambhiraopet,"Gambhiraopet,Telangana,India",Municipality
Waraseoni,"Waraseoni,Madhya Pradesh,India",Municipality
Sonhat,"Sonhat,Chhattisgarh,India",Municipality
Raptadu,"Raptadu,Andhra Pradesh,India",Municipality
Jangareddigudem,"Jangareddigudem,Andhra Pradesh,India",Municipality
Garhwa,"Garhwa,Jharkhand,India",Municipality
Alamurui,"Alamurui,Andhra Pradesh,India",Municipality
Yellapur,"Yellapur,Karnataka,India",Municipality
Alipur Duar,"Alipur Duar,West Bengal,India",Municipality
Nizamabad,"Nizamabad,Uttar Pradesh,India",Municipality
Malarnadungar,"Malarnadungar,Rajasthan,India",Municipality
Pawai,"Pawai,Madhya Pradesh,India",Municipality
Nankhari,"Nankhari,Himachal Pradesh,India",Municipality
Jhirniya,"Jhirniya,Madhya Pradesh,India",Municipality
Bogribari Circle,"Bogribari Circle,Assam,India",Municipality
Anklesvar,"Anklesvar,Gujarat,India",Municipality
Pegadapalli,"Pegadapalli,Telangana,India",Municipality
Abohar,"Abohar,Punjab,India",Municipality
Bikapur,"Bikapur,Uttar Pradesh,India",Municipality
Ratia,"Ratia,Haryana,India",Municipality
Gopavaram,"Gopavaram,Andhra Pradesh,India",Municipality
Vepada,"Vepada,Andhra Pradesh,India",Municipality
Lakhipur Circle,"Lakhipur Circle,Assam,India",Municipality
Dharmabad,"Dharmabad,Maharashtra,India",Municipality
Taranagar,"Taranagar,Rajasthan,India",Municipality
Tharali,"Tharali,Uttarakhand,India",Municipality
Bayyaram,"Bayyaram,Telangana,India",Municipality
Tlabung,"Tlabung,Mizoram,India",Municipality
Naugarh,"Naugarh,Uttar Pradesh,India",Municipality
Ramgarh Shekhawati,"Ramgarh Shekhawati,Rajasthan,India",Municipality
Bharatpur,"Bharatpur,Rajasthan,India",Municipality
Kathkapur,"Kathkapur,Telangana,India",Municipality
Baleshwar Sadar,"Baleshwar Sadar,Odisha,India",Municipality
Bageshwar,"Bageshwar,Uttarakhand,India",Municipality
Bhusawal,"Bhusawal,Maharashtra,India",Municipality
Maduravoyal,"Maduravoyal,Tamil Nadu,India",Municipality
Paschim Medinipur Sadar,"Paschim Medinipur Sadar,West Bengal,India",Municipality
Pedda Pappuru,"Pedda Pappuru,Andhra Pradesh,India",Municipality
Nohar,"Nohar,Rajasthan,India",Municipality
Thalisain,"Thalisain,Uttarakhand,India",Municipality
Musunuru,"Musunuru,Andhra Pradesh,India",Municipality
Vadamalapeta,"Vadamalapeta,Andhra Pradesh,India",Municipality
Attabira,"Attabira,Odisha,India",Municipality
Rudhauli,"Rudhauli,Uttar Pradesh,India",Municipality
Hamirgarh,"Hamirgarh,Rajasthan,India",Municipality
Tosham,"Tosham,Haryana,India",Municipality
Srirangarajapuram,"Srirangarajapuram,Andhra Pradesh,India",Municipality
Kavali,"Kavali,Andhra Pradesh,India",Municipality
Goregaon,"Goregaon,Maharashtra,India",Municipality
Gangakhed,"Gangakhed,Maharashtra,India",Municipality
Timurni,"Timurni,Madhya Pradesh,India",Municipality
Bhuntar,"Bhuntar,Himachal Pradesh,India",Municipality
Champua,"Champua,Odisha,India",Municipality
Pentapadu,"Pentapadu,Andhra Pradesh,India",Municipality
Mundargi,"Mundargi,Karnataka,India",Municipality
Shirhatti,"Shirhatti,Karnataka,India",Municipality
Sisibargaon Circal,"Sisibargaon Circal,Assam,India",Municipality
Sirpur(T),"Sirpur(T),Telangana,India",Municipality
Dummagudem,"Dummagudem,Telangana,India",Municipality
Sundarpahari,"Sundarpahari,Jharkhand,India",Municipality
Atlur,"Atlur,Andhra Pradesh,India",Municipality
Kumbakonam,"Kumbakonam,Tamil Nadu,India",Municipality
Mozamabad,"Mozamabad,Rajasthan,India",Municipality
Baganpara Circle(Part),"Baganpara Circle(Part),Assam,India",Municipality
Ahmadpur,"Ahmadpur,Maharashtra,India",Municipality
Manchal,"Manchal,Telangana,India",Municipality
Udalguri Circle,"Udalguri Circle,Assam,India",Municipality
Sironj,"Sironj,Madhya Pradesh,India",Municipality
Karera,"Karera,Rajasthan,India",Municipality
Budalur,"Budalur,Tamil Nadu,India",Municipality
Dongargarh,"Dongargarh,Chhattisgarh,India",Municipality
Ranka,"Ranka,Jharkhand,India",Municipality
Teonthar,"Teonthar,Madhya Pradesh,India",Municipality
Mustabad,"Mustabad,Telangana,India",Municipality
Krishnagiri,"Krishnagiri,Tamil Nadu,India",Municipality
Narpala,"Narpala,Andhra Pradesh,India",Municipality
Hatadihi,"Hatadihi,Odisha,India",Municipality
Khanpur,"Khanpur,Gujarat,India",Municipality
Kunigal,"Kunigal,Karnataka,India",Municipality
Gulana,"Gulana,Madhya Pradesh,India",Municipality
Kesamudram,"Kesamudram,Telangana,India",Municipality
Palanpur,"Palanpur,Gujarat,India",Municipality
Valappadi,"Valappadi,Tamil Nadu,India",Municipality
Polaki,"Polaki,Andhra Pradesh,India",Municipality
Guhaghar,"Guhaghar,Maharashtra,India",Municipality
Amloh,"Amloh,Punjab,India",Municipality
Ozhukarai,"Ozhukarai,Puducherry,India",Municipality
Raghogarh,"Raghogarh,Gwalior Division,Madhya Pradesh,India",Municipality
Manatu,"Manatu,Jharkhand,India",Municipality
Akole,"Akole,Maharashtra,India",Municipality
Chandpur,"Chandpur,Uttar Pradesh,India",Municipality
Viraballe,"Viraballe,Andhra Pradesh,India",Municipality
Chitpur,"Chitpur,Karnataka,India",Municipality
Sirkonda,"Sirkonda,Telangana,India",Municipality
Saravakota,"Saravakota,Andhra Pradesh,India",Municipality
Sundargarh,"Sundargarh,Odisha,India",Municipality
Garot,"Garot,Madhya Pradesh,India",Municipality
Mamidikuduru,"Mamidikuduru,Andhra Pradesh,India",Municipality
Badnawar,"Badnawar,Madhya Pradesh,India",Municipality
Lalunga,"Lalunga,Chhattisgarh,India",Municipality
Ramnagar,"Ramnagar,Madhya Pradesh,India",Municipality
Mandalgarh,"Mandalgarh,Rajasthan,India",Municipality
Makkuva,"Makkuva,Andhra Pradesh,India",Municipality
Hasanparti,"Hasanparti,Telangana,India",Municipality
Nuzvid,"Nuzvid,Andhra Pradesh,India",Municipality
Barwani,"Barwani,Madhya Pradesh,India",Municipality
Tonk,"Tonk,Rajasthan,India",Municipality
Sirmaur,"Sirmaur,Madhya Pradesh,India",Municipality
Ananthasagaram,"Ananthasagaram,Andhra Pradesh,India",Municipality
Kuru,"Kuru,Jharkhand,India",Municipality
Sadia Circle,"Sadia Circle,Assam,India",Municipality
Kirlampudi,"Kirlampudi,Andhra Pradesh,India",Municipality
Dahegaon,"Dahegaon,Telangana,India",Municipality
Ner,"Ner,Maharashtra,India",Municipality
Bisauli,"Bisauli,Uttar Pradesh,India",Municipality
Pala Laharha,"Pala Laharha,Odisha,India",Municipality
Kodumur,"Kodumur,Andhra Pradesh,India",Municipality
Nuh,"Nuh,Haryana,India",Municipality
Igatpuri,"Igatpuri,Maharashtra,India",Municipality
Yeldurti,"Yeldurti,Telangana,India",Municipality
Nimrana,"Nimrana,Rajasthan,India",Municipality
Venkatagirikota,"Venkatagirikota,Andhra Pradesh,India",Municipality
Peravalli,"Peravalli,Andhra Pradesh,India",Municipality
Sidhauli,"Sidhauli,Uttar Pradesh,India",Municipality
Pratappur,"Pratappur,North Chotanagpur Division,Jharkhand,India",Municipality
Madurantakam,"Madurantakam,Tamil Nadu,India",Municipality
Lakkireddipalle,"Lakkireddipalle,Andhra Pradesh,India",Municipality
Kammarpalle,"Kammarpalle,Telangana,India",Municipality
G.Madugula,"G.Madugula,Andhra Pradesh,India",Municipality
Gira,"Gira,Rajasthan,India",Municipality
Dataganj,"Dataganj,Uttar Pradesh,India",Municipality
Julana,"Julana,Haryana,India",Municipality
Satyabadi,"Satyabadi,Odisha,India",Municipality
Chowdepalle,"Chowdepalle,Andhra Pradesh,India",Municipality
Kaladhungi,"Kaladhungi,Uttarakhand,India",Municipality
Bhatkal,"Bhatkal,Karnataka,India",Municipality
Theog,"Theog,Himachal Pradesh,India",Municipality
Avanigadda,"Avanigadda,Andhra Pradesh,India",Municipality
Bomraspet,"Bomraspet,Telangana,India",Municipality
Cuddapah,"Cuddapah,Andhra Pradesh,India",Municipality
Baghpat,"Baghpat,Uttar Pradesh,India",Municipality
Kamrau,"Kamrau,Himachal Pradesh,India",Municipality
Narasimharajapura,"Narasimharajapura,Karnataka,India",Municipality
Vatticherukuru,"Vatticherukuru,Andhra Pradesh,India",Municipality
Sarita Vihar,"Sarita Vihar,Delhi,India",Municipality
Neredikonda,"Neredikonda,Telangana,India",Municipality
Virakeralampudur,"Virakeralampudur,Tamil Nadu,India",Municipality
Murwara,"Murwara,Madhya Pradesh,India",Municipality
Pachipenta,"Pachipenta,Andhra Pradesh,India",Municipality
Majhgawan,"Majhgawan,Madhya Pradesh,India",Municipality
Jinnawaram,"Jinnawaram,Telangana,India",Municipality
Gudalur,"Gudalur,Tamil Nadu,India",Municipality
Leteri,"Leteri,Madhya Pradesh,India",Municipality
Malpura,"Malpura,Rajasthan,India",Municipality
Kampur Circle,"Kampur Circle,Assam,India",Municipality
Padra,"Padra,Gujarat,India",Municipality
Balanagar,"Balanagar,Telangana,India",Municipality
Anta,"Anta,Rajasthan,India",Municipality
Chapad,"Chapad,Andhra Pradesh,India",Municipality
Mummidivaram,"Mummidivaram,Andhra Pradesh,India",Municipality
Pauri,"Pauri,Uttarakhand,India",Municipality
Agomoni Circle,"Agomoni Circle,Assam,India",Municipality
Bhander,"Bhander,Madhya Pradesh,India",Municipality
Topchanchi,"Topchanchi,Jharkhand,India",Municipality
Madurai East,"Madurai East,Tamil Nadu,India",Municipality
Pagidyala,"Pagidyala,Andhra Pradesh,India",Municipality
Chachaura,"Chachaura,Madhya Pradesh,India",Municipality
Ghatkesar,"Ghatkesar,Telangana,India",Municipality
Karimganj,"Karimganj,Assam,India",Municipality
Deobhog,"Deobhog,Chhattisgarh,India",Municipality
Komarolu,"Komarolu,Andhra Pradesh,India",Municipality
Pungunuru,"Pungunuru,Andhra Pradesh,India",Municipality
Nagar-Untari,"Nagar-Untari,Jharkhand,India",Municipality
Umarpada,"Umarpada,Gujarat,India",Municipality
Dhaulpur,"Dhaulpur,Rajasthan,India",Municipality
Kanke,"Kanke,Jharkhand,India",Municipality
Alladurg,"Alladurg,Telangana,India",Municipality
Jamui,"Jamui,Bihar,India",Municipality
Manur,"Manur,Tamil Nadu,India",Municipality
Kotli,"Kotli,Himachal Pradesh,India",Municipality
Teni,"Teni,Tamil Nadu,India",Municipality
Vetapalem,"Vetapalem,Andhra Pradesh,India",Municipality
Kalasapakkam,"Kalasapakkam,Tamil Nadu,India",Municipality
Kothacheruvu,"Kothacheruvu,Andhra Pradesh,India",Municipality
Pudur,"Pudur,Telangana,India",Municipality
Katekalyan,"Katekalyan,Chhattisgarh,India",Municipality
Amritpur,"Amritpur,Uttar Pradesh,India",Municipality
Dhurki,"Dhurki,Jharkhand,India",Municipality
Dalmau,"Dalmau,Uttar Pradesh,India",Municipality
Dinhata,"Dinhata,West Bengal,India",Municipality
Lunawada,"Lunawada,Gujarat,India",Municipality
Chatrayi,"Chatrayi,Andhra Pradesh,India",Municipality
Kulithalai,"Kulithalai,Tamil Nadu,India",Municipality
Najafgarh,"Najafgarh,Delhi,India",Municipality
Bagodar,"Bagodar,Jharkhand,India",Municipality
Sabbavaram,"Sabbavaram,Andhra Pradesh,India",Municipality
Ramanagaram,"Ramanagaram,Karnataka,India",Municipality
Sadasivanagar,"Sadasivanagar,Telangana,India",Municipality
Bilaspur,"Bilaspur,Uttar Pradesh,India",Municipality
Tiruchendur,"Tiruchendur,Tamil Nadu,India",Municipality
Vilattikulam,"Vilattikulam,Tamil Nadu,India",Municipality
Chapar Circle,"Chapar Circle,Assam,India",Municipality
Tirutturaipundi,"Tirutturaipundi,Tamil Nadu,India",Municipality
Deori,"Deori,Jharkhand,India",Municipality
Orattanad,"Orattanad,Tamil Nadu,India",Municipality
Taloda,"Taloda,Maharashtra,India",Municipality
Piro,"Piro,Bihar,India",Municipality
Nateran,"Nateran,Madhya Pradesh,India",Municipality
Satyamangalam,"Satyamangalam,Tamil Nadu,India",Municipality
Lundra,"Lundra,Chhattisgarh,India",Municipality
Vilavancode,"Vilavancode,Tamil Nadu,India",Municipality
Naraini,"Naraini,Uttar Pradesh,India",Municipality
Raniya,"Raniya,Haryana,India",Municipality
Fatehgarh,"Fatehgarh,Rajasthan,India",Municipality
Lodhika,"Lodhika,Gujarat,India",Municipality
Jalandhar-1,"Jalandhar-1,Punjab,India",Municipality
Rawatbhata,"Rawatbhata,Rajasthan,India",Municipality
Udgir,"Udgir,Maharashtra,India",Municipality
Kanakapura,"Kanakapura,Karnataka,India",Municipality
Begunia,"Begunia,Odisha,India",Municipality
Valangiman,"Valangiman,Tamil Nadu,India",Municipality
Beohari,"Beohari,Madhya Pradesh,India",Municipality
Jannaram,"Jannaram,Telangana,India",Municipality
Panyam,"Panyam,Andhra Pradesh,India",Municipality
Pipra,"Pipra,Jharkhand,India",Municipality
Goroimari Circle,"Goroimari Circle,Assam,India",Municipality
Sendhwa,"Sendhwa,Madhya Pradesh,India",Municipality
Nandura,"Nandura,Maharashtra,India",Municipality
Nadigudem,"Nadigudem,Telangana,India",Municipality
Mutharam,"Mutharam,Telangana,India",Municipality
Penumantra,"Penumantra,Andhra Pradesh,India",Municipality
Peddaravidu,"Peddaravidu,Andhra Pradesh,India",Municipality
Rithi,"Rithi,Madhya Pradesh,India",Municipality
Bero,"Bero,Jharkhand,India",Municipality
Gopad Banas,"Gopad Banas,Madhya Pradesh,India",Municipality
Tirukkovilur,"Tirukkovilur,Tamil Nadu,India",Municipality
Bichhiwara,"Bichhiwara,Rajasthan,India",Municipality
North Guwahati Circle,"North Guwahati Circle,Assam,India",Municipality
Choppadandi,"Choppadandi,Telangana,India",Municipality
Thunag,"Thunag,Himachal Pradesh,India",Municipality
Gohpur Circle,"Gohpur Circle,Assam,India",Municipality
Gudiyattam,"Gudiyattam,Tamil Nadu,India",Municipality
Nandyal,"Nandyal,Andhra Pradesh,India",Municipality
Narharpur,"Narharpur,Chhattisgarh,India",Municipality
Man,"Man,Maharashtra,India",Municipality
Bondapalli,"Bondapalli,Andhra Pradesh,India",Municipality
Balikuda,"Balikuda,Odisha,India",Municipality
Ahore,"Ahore,Rajasthan,India",Municipality
Chhata,"Chhata,Uttar Pradesh,India",Municipality
Nilokheri,"Nilokheri,Haryana,India",Municipality
Gundlupet,"Gundlupet,Karnataka,India",Municipality
Sonkach,"Sonkach,Madhya Pradesh,India",Municipality
Jaleswar,"Jaleswar,Odisha,India",Municipality
Gajapatinagaram,"Gajapatinagaram,Andhra Pradesh,India",Municipality
Manamudarai,"Manamudarai,Tamil Nadu,India",Municipality
Sundar Nagar,"Sundar Nagar,Himachal Pradesh,India",Municipality
Parbhani,"Parbhani,Maharashtra,India",Municipality
Sataka,"Sataka,Nagaland,India",Municipality
Sikandra,"Sikandra,Uttar Pradesh,India",Municipality
Dhubri Circle,"Dhubri Circle,Assam,India",Municipality
Gogunda,"Gogunda,Rajasthan,India",Municipality
Niphad,"Niphad,Maharashtra,India",Municipality
Asind,"Asind,Rajasthan,India",Municipality
Zaheerabad,"Zaheerabad,Telangana,India",Municipality
Baliapur,"Baliapur,Jharkhand,India",Municipality
Devgadh Baria,"Devgadh Baria,Gujarat,India",Municipality
Rahuri,"Rahuri,Maharashtra,India",Municipality
G. Udayagiri,"G. Udayagiri,Odisha,India",Municipality
Pileru,"Pileru,Andhra Pradesh,India",Municipality
Moirang,"Moirang,Manipur,India",Municipality
Hingoli,"Hingoli,Maharashtra,India",Municipality
Thiruchuli,"Thiruchuli,Tamil Nadu,India",Municipality
Maham,"Maham,Haryana,India",Municipality
Dotoma Circle,"Dotoma Circle,Assam,India",Municipality
Atpadi,"Atpadi,Maharashtra,India",Municipality
Gharaunda,"Gharaunda,Haryana,India",Municipality
Basti,"Basti,Uttar Pradesh,India",Municipality
Molakalmuru,"Molakalmuru,Karnataka,India",Municipality
Tripuraram,"Tripuraram,Telangana,India",Municipality
Lunglei,"Lunglei,Mizoram,India",Municipality
Machilipatnam,"Machilipatnam,Andhra Pradesh,India",Municipality
Karanja-Lad,"Karanja-Lad,Maharashtra,India",Municipality
Chityala,"Chityala,Telangana,India",Municipality
Gurrampod,"Gurrampod,Telangana,India",Municipality
Ramachandrapura,"Ramachandrapura,Andhra Pradesh,India",Municipality
Tundla,"Tundla,Uttar Pradesh,India",Municipality
Mehmedabad,"Mehmedabad,Gujarat,India",Municipality
Mungod,"Mungod,Telangana,India",Municipality
Shehera,"Shehera,Gujarat,India",Municipality
Sandhol,"Sandhol,Himachal Pradesh,India",Municipality
Daudnagar,"Daudnagar,Bihar,India",Municipality
Kamalapur,"Kamalapur,Telangana,India",Municipality
Sheopur,"Sheopur,Madhya Pradesh,India",Municipality
Karanpur,"Karanpur,Rajasthan,India",Municipality
Begun,"Begun,Rajasthan,India",Municipality
Makrana,"Makrana,Rajasthan,India",Municipality
Addakal,"Addakal,Telangana,India",Municipality
Suwasra,"Suwasra,Madhya Pradesh,India",Municipality
Vadali,"Vadali,Gujarat,India",Municipality
Rajamahendravaram Rural,"Rajamahendravaram Rural,Andhra Pradesh,India",Municipality
Lalkuwa,"Lalkuwa,Uttarakhand,India",Municipality
Khetri,"Khetri,Rajasthan,India",Municipality
Vajrakarur,"Vajrakarur,Andhra Pradesh,India",Municipality
Shinor,"Shinor,Gujarat,India",Municipality
Mansa,"Mansa,Gujarat,India",Municipality
Jakholi,"Jakholi,Uttarakhand,India",Municipality
Chilika,"Chilika,Odisha,India",Municipality
Chamba,"Chamba,Himachal Pradesh,India",Municipality
Jharasangam,"Jharasangam,Telangana,India",Municipality
Mankapur,"Mankapur,Uttar Pradesh,India",Municipality
Kuhi,"Kuhi,Maharashtra,India",Municipality
Dharangao,"Dharangao,Maharashtra,India",Municipality
Anakapalle,"Anakapalle,Andhra Pradesh,India",Municipality
Mokhada,"Mokhada,Maharashtra,India",Municipality
Bestavarapupeta,"Bestavarapupeta,Andhra Pradesh,India",Municipality
Sarangarh,"Sarangarh,Chhattisgarh,India",Municipality
Mahakalaparha,"Mahakalaparha,Odisha,India",Municipality
Bhum,"Bhum,Maharashtra,India",Municipality
Umrala,"Umrala,Gujarat,India",Municipality
Chiwemla,"Chiwemla,Telangana,India",Municipality
Bhanupratappur,"Bhanupratappur,Chhattisgarh,India",Municipality
Nellimarla,"Nellimarla,Andhra Pradesh,India",Municipality
Gauriganj,"Gauriganj,Uttar Pradesh,India",Municipality
Viralimalai,"Viralimalai,Tamil Nadu,India",Municipality
Tiruvengadam,"Tiruvengadam,Tamil Nadu,India",Municipality
Dhaurahra,"Dhaurahra,Uttar Pradesh,India",Municipality
Khanna,"Khanna,Punjab,India",Municipality
Vadakara,"Vadakara,Kerala,India",Municipality
Bilsi,"Bilsi,Uttar Pradesh,India",Municipality
Kattumannarkoil,"Kattumannarkoil,Tamil Nadu,India",Municipality
Ranavav,"Ranavav,Gujarat,India",Municipality
Guru Har Sahai,"Guru Har Sahai,Punjab,India",Municipality
Banmankhi,"Banmankhi,Bihar,India",Municipality
Bhopalgarh,"Bhopalgarh,Rajasthan,India",Municipality
Sirivilliputtur,"Sirivilliputtur,Tamil Nadu,India",Municipality
Bandgaon,"Bandgaon,Jharkhand,India",Municipality
Tambaram,"Tambaram,Tamil Nadu,India",Municipality
Jalandhar-2,"Jalandhar-2,Punjab,India",Municipality
Dhrangadhra,"Dhrangadhra,Gujarat,India",Municipality
Gangapur,"Gangapur,Maharashtra,India",Municipality
Telhara,"Telhara,Maharashtra,India",Municipality
Baraut,"Baraut,Uttar Pradesh,India",Municipality
Atreyapuram,"Atreyapuram,Andhra Pradesh,India",Municipality
Sarubujjili,"Sarubujjili,Andhra Pradesh,India",Municipality
Chengalpattu,"Chengalpattu,Tamil Nadu,India",Municipality
Kalamb,"Kalamb,Amravati Division,Maharashtra,India",Municipality
Hoshangabad,"Hoshangabad,Madhya Pradesh,India",Municipality
Chaurai,"Chaurai,Madhya Pradesh,India",Municipality
Garur,"Garur,Uttarakhand,India",Municipality
Kamalpur Circle,"Kamalpur Circle,Assam,India",Municipality
Pharenda,"Pharenda,Uttar Pradesh,India",Municipality
Kouthalam,"Kouthalam,Andhra Pradesh,India",Municipality
Vaniyambadi,"Vaniyambadi,Tamil Nadu,India",Municipality
Kanaganapalle,"Kanaganapalle,Andhra Pradesh,India",Municipality
Mehrauli,"Mehrauli,Delhi,India",Municipality
Vempalli,"Vempalli,Andhra Pradesh,India",Municipality
Bogole,"Bogole,Andhra Pradesh,India",Municipality
Dharni,"Dharni,Maharashtra,India",Municipality
Raghurajnagar,"Raghurajnagar,Madhya Pradesh,India",Municipality
Lesligunj,"Lesligunj,Jharkhand,India",Municipality
Jam Jodhpur,"Jam Jodhpur,Gujarat,India",Municipality
Ramgarh,"Ramgarh,North Chotanagpur Division,Jharkhand,India",Municipality
Dhampur,"Dhampur,Uttar Pradesh,India",Municipality
Bejjanki,"Bejjanki,Telangana,India",Municipality
Bardiha,"Bardiha,Jharkhand,India",Municipality
Nadaun,"Nadaun,Himachal Pradesh,India",Municipality
Bommala Ramawaram,"Bommala Ramawaram,Telangana,India",Municipality
Maheshpur,"Maheshpur,Jharkhand,India",Municipality
Kamrej,"Kamrej,Gujarat,India",Municipality
Khamanon,"Khamanon,Punjab,India",Municipality
Shahpur,"Shahpur,Madhya Pradesh,India",Municipality
Piplu,"Piplu,Rajasthan,India",Municipality
Purna,"Purna,Maharashtra,India",Municipality
Amritsar 2,"Amritsar 2,Punjab,India",Municipality
Koregaon,"Koregaon,Maharashtra,India",Municipality
Nimbahera,"Nimbahera,Rajasthan,India",Municipality
Kayathar,"Kayathar,Tamil Nadu,India",Municipality
Simga,"Simga,Chhattisgarh,India",Municipality
Vembakottai,"Vembakottai,Tamil Nadu,India",Municipality
Kandukur,"Kandukur,Andhra Pradesh,India",Municipality
Thirukkuvalai,"Thirukkuvalai,Tamil Nadu,India",Municipality
Kathikund,"Kathikund,Jharkhand,India",Municipality
Nakur,"Nakur,Uttar Pradesh,India",Municipality
Maidpalli,"Maidpalli,Telangana,India",Municipality
Ramnagar,"Ramnagar,Uttar Pradesh,India",Municipality
Kanda,"Kanda,Uttarakhand,India",Municipality
Mambalam,"Mambalam,Tamil Nadu,India",Municipality
Julapalli,"Julapalli,Telangana,India",Municipality
Sarath,"Sarath,Jharkhand,India",Municipality
Akola,"Akola,Maharashtra,India",Municipality
Bahraich,"Bahraich,Uttar Pradesh,India",Municipality
Yadgir,"Yadgir,Karnataka,India",Municipality
Daryapur,"Daryapur,Maharashtra,India",Municipality
Aron,"Aron,Madhya Pradesh,India",Municipality
Shegaon,"Shegaon,Maharashtra,India",Municipality
Zagadiya,"Zagadiya,Gujarat,India",Municipality
Preet Vihar,"Preet Vihar,Delhi,India",Municipality
Sarswati,"Sarswati,Gujarat,India",Municipality
Talcher,"Talcher,Odisha,India",Municipality
Kondapi,"Kondapi,Andhra Pradesh,India",Municipality
Golugonda,"Golugonda,Andhra Pradesh,India",Municipality
Burmu,"Burmu,Jharkhand,India",Municipality
Baramati,"Baramati,Maharashtra,India",Municipality
Gossaigaon Circle,"Gossaigaon Circle,Assam,India",Municipality
Narmeta,"Narmeta,Telangana,India",Municipality
Shikaripara,"Shikaripara,Jharkhand,India",Municipality
Inkollu,"Inkollu,Andhra Pradesh,India",Municipality
Jawali,"Jawali,Himachal Pradesh,India",Municipality
Manendragarh,"Manendragarh,Chhattisgarh,India",Municipality
B Koduru,"B Koduru,Andhra Pradesh,India",Municipality
Shamatore,"Shamatore,Nagaland,India",Municipality
Kumarapalaiyam,"Kumarapalaiyam,Tamil Nadu,India",Municipality
Rawatsar,"Rawatsar,Rajasthan,India",Municipality
Mavli,"Mavli,Rajasthan,India",Municipality
Kullu,"Kullu,Himachal Pradesh,India",Municipality
Kondapur,"Kondapur,Telangana,India",Municipality
Kukru,"Kukru,Jharkhand,India",Municipality
Mandro,"Mandro,Jharkhand,India",Municipality
Bangaon,"Bangaon,West Bengal,India",Municipality
Dhekiajuli Circle,"Dhekiajuli Circle,Assam,India",Municipality
Kasdol,"Kasdol,Chhattisgarh,India",Municipality
Moga,"Moga,Punjab,India",Municipality
Aheri,"Aheri,Maharashtra,India",Municipality
Nurpur,"Nurpur,Himachal Pradesh,India",Municipality
Mulakalacheruvu,"Mulakalacheruvu,Andhra Pradesh,India",Municipality
Sri Avadhuta Kasinayana,"Sri Avadhuta Kasinayana,Andhra Pradesh,India",Municipality
Sainj,"Sainj,Himachal Pradesh,India",Municipality
Balia,"Balia,Bihar,India",Municipality
Chhachhrauli,"Chhachhrauli,Haryana,India",Municipality
Chhindwara,"Chhindwara,Madhya Pradesh,India",Municipality
Nayagarh,"Nayagarh,Odisha,India",Municipality
Barmer,"Barmer,Rajasthan,India",Municipality
Lahar,"Lahar,Chambal Division,Madhya Pradesh,India",Municipality
Papannapet,"Papannapet,Telangana,India",Municipality
Guindy,"Guindy,Tamil Nadu,India",Municipality
Charkhari,"Charkhari,Uttar Pradesh,India",Municipality
Kapkot,"Kapkot,Uttarakhand,India",Municipality
Darwha,"Darwha,Maharashtra,India",Municipality
Vembakkam,"Vembakkam,Tamil Nadu,India",Municipality
Tirumayam,"Tirumayam,Tamil Nadu,India",Municipality
Bhadgaon,"Bhadgaon,Maharashtra,India",Municipality
Bermo,"Bermo,Jharkhand,India",Municipality
Premnagar,"Premnagar,Chhattisgarh,India",Municipality
Baksa Circle,"Baksa Circle,Assam,India",Municipality
Lalganj,"Lalganj,Lucknow Division,Uttar Pradesh,India",Municipality
Chobattakhal,"Chobattakhal,Uttarakhand,India",Municipality
Chik Ballapur,"Chik Ballapur,Karnataka,India",Municipality
Mahua,"Mahua,Bihar,India",Municipality
Karo,"Karo,Jharkhand,India",Municipality
Savanur,"Savanur,Karnataka,India",Municipality
Sawar,"Sawar,Rajasthan,India",Municipality
Kurabalakota,"Kurabalakota,Andhra Pradesh,India",Municipality
Rudraprayag,"Rudraprayag,Uttarakhand,India",Municipality
Alur,"Alur,Karnataka,India",Municipality
Shirur-An,"Shirur-An,Maharashtra,India",Municipality
Pardi,"Pardi,Gujarat,India",Municipality
Ojili,"Ojili,Andhra Pradesh,India",Municipality
Gadchiroli,"Gadchiroli,Maharashtra,India",Municipality
Dhatwal,"Dhatwal,Himachal Pradesh,India",Municipality
Anupgarh,"Anupgarh,Rajasthan,India",Municipality
Phungyar,"Phungyar,Manipur,India",Municipality
Palakurti,"Palakurti,Telangana,India",Municipality
Pamulapadu,"Pamulapadu,Andhra Pradesh,India",Municipality
Patti,"Patti,Uttar Pradesh,India",Municipality
Dhamdaha,"Dhamdaha,Bihar,India",Municipality
Poshina,"Poshina,Gujarat,India",Municipality
Peddakottapalli,"Peddakottapalli,Telangana,India",Municipality
Garudeshwar,"Garudeshwar,Gujarat,India",Municipality
Tandur,"Tandur,Telangana,India",Municipality
Jammikunta,"Jammikunta,Telangana,India",Municipality
Vaijapur,"Vaijapur,Maharashtra,India",Municipality
Sanganer,"Sanganer,Rajasthan,India",Municipality
Lunkaransar,"Lunkaransar,Rajasthan,India",Municipality
Nichlaul,"Nichlaul,Uttar Pradesh,India",Municipality
Dev Prayag,"Dev Prayag,Uttarakhand,India",Municipality
Jalalabad,"Jalalabad,Punjab,India",Municipality
Kolimigundla,"Kolimigundla,Andhra Pradesh,India",Municipality
Multhan,"Multhan,Himachal Pradesh,India",Municipality
Nimmanapalle,"Nimmanapalle,Andhra Pradesh,India",Municipality
Sivaganga,"Sivaganga,Tamil Nadu,India",Municipality
Santhipuram,"Santhipuram,Andhra Pradesh,India",Municipality
Janjgirl,"Janjgirl,Chhattisgarh,India",Municipality
Chandampet,"Chandampet,Telangana,India",Municipality
Parvatgiri,"Parvatgiri,Telangana,India",Municipality
Talasseri,"Talasseri,Kerala,India",Municipality
Chatra,"Chatra,North Chotanagpur Division,Jharkhand,India",Municipality
Ajnala,"Ajnala,Punjab,India",Municipality
Mudkhed,"Mudkhed,Maharashtra,India",Municipality
Balkonda,"Balkonda,Telangana,India",Municipality
Madhira,"Madhira,Telangana,India",Municipality
Pargi,"Pargi,Telangana,India",Municipality
Vriddhachalam,"Vriddhachalam,Tamil Nadu,India",Municipality
Mulugu,"Mulugu,Telangana,India",Municipality
Achanta,"Achanta,Andhra Pradesh,India",Municipality
Gudivada,"Gudivada,Andhra Pradesh,India",Municipality
Roun,"Roun,Madhya Pradesh,India",Municipality
R Ajgarh,"R Ajgarh,Himachal Pradesh,India",Municipality
Derapur,"Derapur,Uttar Pradesh,India",Municipality
Dholka,"Dholka,Gujarat,India",Municipality
Ramna,"Ramna,Jharkhand,India",Municipality
Adoni,"Adoni,Andhra Pradesh,India",Municipality
Erki,"Erki,Jharkhand,India",Municipality
Loharu,"Loharu,Haryana,India",Municipality
Nakrekal,"Nakrekal,Telangana,India",Municipality
Turuvekere,"Turuvekere,Karnataka,India",Municipality
Madurai South,"Madurai South,Tamil Nadu,India",Municipality
Jakranpalle,"Jakranpalle,Telangana,India",Municipality
Domariyaganj,"Domariyaganj,Uttar Pradesh,India",Municipality
Srikakulam,"Srikakulam,Andhra Pradesh,India",Municipality
Balh,"Balh,Himachal Pradesh,India",Municipality
Vangur,"Vangur,Telangana,India",Municipality
Gangavalli,"Gangavalli,Tamil Nadu,India",Municipality
Gunaur,"Gunaur,Madhya Pradesh,India",Municipality
Majhiaon,"Majhiaon,Jharkhand,India",Municipality
Samrala,"Samrala,Punjab,India",Municipality
Akkalkot,"Akkalkot,Maharashtra,India",Municipality
Mundwa,"Mundwa,Rajasthan,India",Municipality
Jevargi,"Jevargi,Karnataka,India",Municipality
Isagarh,"Isagarh,Madhya Pradesh,India",Municipality
Ellandakunda,"Ellandakunda,Telangana,India",Municipality
Thakur Gangti,"Thakur Gangti,Jharkhand,India",Municipality
Bundu,"Bundu,Jharkhand,India",Municipality
Mahasamund,"Mahasamund,Chhattisgarh,India",Municipality
Allavaram,"Allavaram,Andhra Pradesh,India",Municipality
Lakhpat,"Lakhpat,Gujarat,India",Municipality
Wokha,"Wokha,Nagaland,India",Municipality
Khambha,"Khambha,Gujarat,India",Municipality
Adilabad,"Adilabad,Telangana,India",Municipality
Kallakkurichi,"Kallakkurichi,Tamil Nadu,India",Municipality
Heggadadevanakote,"Heggadadevanakote,Karnataka,India",Municipality
Chincholi,"Chincholi,Karnataka,India",Municipality
Dudhi,"Dudhi,Uttar Pradesh,India",Municipality
Mettuppalaiyam,"Mettuppalaiyam,Tamil Nadu,India",Municipality
Chandragiri,"Chandragiri,Andhra Pradesh,India",Municipality
Nighasan,"Nighasan,Uttar Pradesh,India",Municipality
Sarila,"Sarila,Uttar Pradesh,India",Municipality
Madurai West,"Madurai West,Tamil Nadu,India",Municipality
Patur,"Patur,Maharashtra,India",Municipality
Narayanavanam,"Narayanavanam,Andhra Pradesh,India",Municipality
Madanapalle,"Madanapalle,Andhra Pradesh,India",Municipality
Asnawar,"Asnawar,Rajasthan,India",Municipality
Kanigiri,"Kanigiri,Andhra Pradesh,India",Municipality
Vijay Nagar,"Vijay Nagar,Rajasthan,India",Municipality
Duggondi,"Duggondi,Telangana,India",Municipality
Shrimapur,"Shrimapur,Maharashtra,India",Municipality
Khajuwala,"Khajuwala,Rajasthan,India",Municipality
Lohardaga,"Lohardaga,Jharkhand,India",Municipality
Narayanpur,"Narayanpur,Upper Assam Division,Assam,India",Municipality
Godhra,"Godhra,Gujarat,India",Municipality
Marihan,"Marihan,Uttar Pradesh,India",Municipality
Kohima,"Kohima,Nagaland,India",Municipality
Kanjirapalli,"Kanjirapalli,Kerala,India",Municipality
Netrang,"Netrang,Gujarat,India",Municipality
Vedasandur,"Vedasandur,Tamil Nadu,India",Municipality
Gundala,"Gundala,Telangana,India",Municipality
Chagalamarri,"Chagalamarri,Andhra Pradesh,India",Municipality
Dera Baba Nanak,"Dera Baba Nanak,Punjab,India",Municipality
Nagarbera Circle,"Nagarbera Circle,Assam,India",Municipality
Bhoranj,"Bhoranj,Himachal Pradesh,India",Municipality
Brahmasamudram,"Brahmasamudram,Andhra Pradesh,India",Municipality
Pamidimukkala,"Pamidimukkala,Andhra Pradesh,India",Municipality
Quepem,"Quepem,Goa,India",Municipality
Nerua,"Nerua,Himachal Pradesh,India",Municipality
Shankheswar,"Shankheswar,Gujarat,India",Municipality
Dhanu,"Dhanu,Maharashtra,India",Municipality
Jubbal,"Jubbal,Himachal Pradesh,India",Municipality
Banda,"Banda,Madhya Pradesh,India",Municipality
Masuda,"Masuda,Rajasthan,India",Municipality
Pathari,"Pathari,Maharashtra,India",Municipality
Moinabad,"Moinabad,Telangana,India",Municipality
Kalgachia Circle,"Kalgachia Circle,Assam,India",Municipality
Seelampur,"Seelampur,Delhi,India",Municipality
Madduru,"Madduru,Telangana,India",Municipality
Laveru,"Laveru,Andhra Pradesh,India",Municipality
Hiramandalam,"Hiramandalam,Andhra Pradesh,India",Municipality
Howraghat,"Howraghat,Assam,India",Municipality
Tiruvidaimarudur,"Tiruvidaimarudur,Tamil Nadu,India",Municipality
Nindra,"Nindra,Andhra Pradesh,India",Municipality
Tallarevu,"Tallarevu,Andhra Pradesh,India",Municipality
Moth,"Moth,Uttar Pradesh,India",Municipality
Madurai North,"Madurai North,Tamil Nadu,India",Municipality
Chennaraopet,"Chennaraopet,Telangana,India",Municipality
Krushnaprasad,"Krushnaprasad,Odisha,India",Municipality
Sonua,"Sonua,Jharkhand,India",Municipality
Mahuadanr,"Mahuadanr,Jharkhand,India",Municipality
Khamnor,"Khamnor,Rajasthan,India",Municipality
Bhatapara,"Bhatapara,Chhattisgarh,India",Municipality
Mentada,"Mentada,Andhra Pradesh,India",Municipality
Sorba,"Sorba,Karnataka,India",Municipality
Prithvipur,"Prithvipur,Madhya Pradesh,India",Municipality
Taljhari,"Taljhari,Jharkhand,India",Municipality
Pundavapura,"Pundavapura,Karnataka,India",Municipality
Tikamgarh,"Tikamgarh,Madhya Pradesh,India",Municipality
Tipparti,"Tipparti,Telangana,India",Municipality
Nanpara,"Nanpara,Uttar Pradesh,India",Municipality
Manoor,"Manoor,Telangana,India",Municipality
Supaul,"Supaul,Bihar,India",Municipality
Undrajavaram,"Undrajavaram,Andhra Pradesh,India",Municipality
Vontimitta,"Vontimitta,Andhra Pradesh,India",Municipality
Ramachandrapuram,"Ramachandrapuram,Andhra Pradesh,India",Municipality
Malpur,"Malpur,Gujarat,India",Municipality
Ghatanji,"Ghatanji,Maharashtra,India",Municipality
Aurad,"Aurad,Karnataka,India",Municipality
Sonpeth,"Sonpeth,Maharashtra,India",Municipality
Golakganj Circle,"Golakganj Circle,Assam,India",Municipality
Malaut,"Malaut,Punjab,India",Municipality
Yellareddipet,"Yellareddipet,Telangana,India",Municipality
Bhandra,"Bhandra,Jharkhand,India",Municipality
Nangal Chaudhari,"Nangal Chaudhari,Haryana,India",Municipality
Islampur,"Islampur,Malda Division,West Bengal,India",Municipality
Jafrabad,"Jafrabad,Gujarat,India",Municipality
Tufanganj,"Tufanganj,West Bengal,India",Municipality
Andole,"Andole,Telangana,India",Municipality
Nowgong,"Nowgong,Madhya Pradesh,India",Municipality
Momanpet,"Momanpet,Telangana,India",Municipality
Kota,"Kota,Chhattisgarh,India",Municipality
Shergarh,"Shergarh,Rajasthan,India",Municipality
Addatigala,"Addatigala,Andhra Pradesh,India",Municipality
Rosera,"Rosera,Bihar,India",Municipality
Singareni,"Singareni,Telangana,India",Municipality
Aklera,"Aklera,Rajasthan,India",Municipality
Lakshmanchanda,"Lakshmanchanda,Telangana,India",Municipality
Huzur,"Huzur,Rewa Division,Madhya Pradesh,India",Municipality
Atmakuru,"Atmakuru,Andhra Pradesh,India",Municipality
Betul,"Betul,Madhya Pradesh,India",Municipality
Shamshabad,"Shamshabad,Telangana,India",Municipality
Telkoi,"Telkoi,Odisha,India",Municipality
Pamgarh,"Pamgarh,Chhattisgarh,India",Municipality
Armur,"Armur,Telangana,India",Municipality
Nakkapalli,"Nakkapalli,Andhra Pradesh,India",Municipality
Jabera,"Jabera,Madhya Pradesh,India",Municipality
Vanthali,"Vanthali,Gujarat,India",Municipality
Bonakal,"Bonakal,Telangana,India",Municipality
Chalkusha,"Chalkusha,Jharkhand,India",Municipality
Gummidipundi,"Gummidipundi,Tamil Nadu,India",Municipality
Nala,"Nala,Jharkhand,India",Municipality
Davangere,"Davangere,Karnataka,India",Municipality
Dindigul West,"Dindigul West,Tamil Nadu,India",Municipality
Deori,"Deori,Maharashtra,India",Municipality
Gampalagudem,"Gampalagudem,Andhra Pradesh,India",Municipality
Gairatganj,"Gairatganj,Madhya Pradesh,India",Municipality
Dig,"Dig,Rajasthan,India",Municipality
Bhanauli,"Bhanauli,Uttarakhand,India",Municipality
Anjar,"Anjar,Gujarat,India",Municipality
Narayangarh,"Narayangarh,Haryana,India",Municipality
Tarapur,"Tarapur,Gujarat,India",Municipality
Shirol,"Shirol,Pune Division,Maharashtra,India",Municipality
Ambapura,"Ambapura,Rajasthan,India",Municipality
Deoband,"Deoband,Uttar Pradesh,India",Municipality
Kekri,"Kekri,Rajasthan,India",Municipality
Kaligiri,"Kaligiri,Andhra Pradesh,India",Municipality
Uttangarai,"Uttangarai,Tamil Nadu,India",Municipality
Ramapuram,"Ramapuram,Andhra Pradesh,India",Municipality
Tirunallar,"Tirunallar,Puducherry,India",Municipality
Tonto,"Tonto,Jharkhand,India",Municipality
Rajapeta,"Rajapeta,Telangana,India",Municipality
Tulluru,"Tulluru,Andhra Pradesh,India",Municipality
Gopalganj,"Gopalganj,Bihar,India",Municipality
Kalla,"Kalla,Andhra Pradesh,India",Municipality
Hanwada,"Hanwada,Telangana,India",Municipality
Jaitpur,"Jaitpur,Madhya Pradesh,India",Municipality
Domchanch,"Domchanch,Jharkhand,India",Municipality
Bogribari Circle,"Bogribari Circle,Assam,India",Municipality
Jaggayyapeta,"Jaggayyapeta,Andhra Pradesh,India",Municipality
Kodavalur,"Kodavalur,Andhra Pradesh,India",Municipality
Dachepalli,"Dachepalli,Andhra Pradesh,India",Municipality
Madha,"Madha,Maharashtra,India",Municipality
Atmakur,"Atmakur,Andhra Pradesh,India",Municipality
Kothagudem,"Kothagudem,Telangana,India",Municipality
Hole Narasipura,"Hole Narasipura,Karnataka,India",Municipality
Pirtanar,"Pirtanar,Jharkhand,India",Municipality
Vissannapeta,"Vissannapeta,Andhra Pradesh,India",Municipality
Chinnagottigallu,"Chinnagottigallu,Andhra Pradesh,India",Municipality
Rania,"Rania,Jharkhand,India",Municipality
Kharar,"Kharar,Punjab,India",Municipality
Poonamallee,"Poonamallee,Tamil Nadu,India",Municipality
Bela,"Bela,Telangana,India",Municipality
Amguri Circle,"Amguri Circle,Assam,India",Municipality
Palsana,"Palsana,Gujarat,India",Municipality
Nuaparha,"Nuaparha,Odisha,India",Municipality
Sanand,"Sanand,Gujarat,India",Municipality
Narayanpatana,"Narayanpatana,Odisha,India",Municipality
Tadur,"Tadur,Telangana,India",Municipality
Misrik,"Misrik,Uttar Pradesh,India",Municipality
Dornipadu,"Dornipadu,Andhra Pradesh,India",Municipality
Alanguam,"Alanguam,Tamil Nadu,India",Municipality
Salem West,"Salem West,Tamil Nadu,India",Municipality
Rajpura,"Rajpura,Punjab,India",Municipality
Chandrapur,"Chandrapur,Maharashtra,India",Municipality
Hasanganj,"Hasanganj,Uttar Pradesh,India",Municipality
Muvattupuzha,"Muvattupuzha,Kerala,India",Municipality
Vajrapukotturu,"Vajrapukotturu,Andhra Pradesh,India",Municipality
Hinganghat,"Hinganghat,Maharashtra,India",Municipality
Dibai,"Dibai,Uttar Pradesh,India",Municipality
Thavanampalle,"Thavanampalle,Andhra Pradesh,India",Municipality
Varadayyapalem,"Varadayyapalem,Andhra Pradesh,India",Municipality
Kollapur,"Kollapur,Telangana,India",Municipality
Baglan,"Baglan,Maharashtra,India",Municipality
Modasa,"Modasa,Gujarat,India",Municipality
Bichkunda,"Bichkunda,Telangana,India",Municipality
Bhadesar,"Bhadesar,Rajasthan,India",Municipality
Seloo,"Seloo,Maharashtra,India",Municipality
Phagwara,"Phagwara,Punjab,India",Municipality
Nalbari Circle,"Nalbari Circle,Assam,India",Municipality
Chirgaon,"Chirgaon,Himachal Pradesh,India",Municipality
Singanamala,"Singanamala,Andhra Pradesh,India",Municipality
Kalikiri,"Kalikiri,Andhra Pradesh,India",Municipality
Ranjal,"Ranjal,Telangana,India",Municipality
Tada,"Tada,Andhra Pradesh,India",Municipality
Kandi,"Kandi,Jharkhand,India",Municipality
Jam Kandorna,"Jam Kandorna,Gujarat,India",Municipality
Alipur,"Alipur,Delhi,India",Municipality
Phulera,"Phulera,Rajasthan,India",Municipality
Chamaria Circle,"Chamaria Circle,Assam,India",Municipality
Jashipur,"Jashipur,Odisha,India",Municipality
Kolasib,"Kolasib,Mizoram,India",Municipality
Ruddam,"Ruddam,Andhra Pradesh,India",Municipality
Nihiri,"Nihiri,Himachal Pradesh,India",Municipality
Dantiwada,"Dantiwada,Gujarat,India",Municipality
Niwali,"Niwali,Madhya Pradesh,India",Municipality
Bakawand,"Bakawand,Chhattisgarh,India",Municipality
Padhar,"Padhar,Himachal Pradesh,India",Municipality
Paloncha,"Paloncha,Telangana,India",Municipality
Udaypur,"Udaypur,Chhattisgarh,India",Municipality
Jaspur,"Jaspur,Uttarakhand,India",Municipality
Tengnoupal,"Tengnoupal,Manipur,India",Municipality
Thoubal,"Thoubal,Manipur,India",Municipality
Rajgarh,"Rajgarh,Rajasthan,India",Municipality
Kruttivennu,"Kruttivennu,Andhra Pradesh,India",Municipality
Santbommali,"Santbommali,Andhra Pradesh,India",Municipality
Sisai,"Sisai,Jharkhand,India",Municipality
Kasaragod,"Kasaragod,Kerala,India",Municipality
Ghatol,"Ghatol,Rajasthan,India",Municipality
Muktainag,"Muktainag,Maharashtra,India",Municipality
Kottapalle,"Kottapalle,Andhra Pradesh,India",Municipality
Kawthe-Mahankal,"Kawthe-Mahankal,Maharashtra,India",Municipality
Hospet,"Hospet,Karnataka,India",Municipality
Thakur Dwara,"Thakur Dwara,Uttar Pradesh,India",Municipality
Palitana,"Palitana,Gujarat,India",Municipality
Pharasgaon,"Pharasgaon,Chhattisgarh,India",Municipality
Nennal,"Nennal,Telangana,India",Municipality
Khanapur,"Khanapur,Telangana,India",Municipality
Kariamangalam,"Kariamangalam,Tamil Nadu,India",Municipality
Dhar Kalan,"Dhar Kalan,Punjab,India",Municipality
Rani,"Rani,Rajasthan,India",Municipality
Bahur,"Bahur,Puducherry,India",Municipality
Ramdurg,"Ramdurg,Karnataka,India",Municipality
Thanagazi,"Thanagazi,Rajasthan,India",Municipality
Yellareddi,"Yellareddi,Telangana,India",Municipality
Ariyalur,"Ariyalur,Tamil Nadu,India",Municipality
Malkajgiri,"Malkajgiri,Telangana,India",Municipality
Udaipura,"Udaipura,Madhya Pradesh,India",Municipality
Coimbatore North,"Coimbatore North,Tamil Nadu,India",Municipality
Yanam,"Yanam,Puducherry,India",Municipality
Kaithal,"Kaithal,Haryana,India",Municipality
Raiparthi,"Raiparthi,Telangana,India",Municipality
Buntwal,"Buntwal,Karnataka,India",Municipality
Urai,"Urai,Uttar Pradesh,India",Municipality
Kaman,"Kaman,Rajasthan,India",Municipality
Laharpur,"Laharpur,Uttar Pradesh,India",Municipality
Haldibari,"Haldibari,West Bengal,India",Municipality
Sarupeta Circle,"Sarupeta Circle,Assam,India",Municipality
Devipur,"Devipur,Jharkhand,India",Municipality
Nimdih,"Nimdih,Jharkhand,India",Municipality
Dhing Circle,"Dhing Circle,Assam,India",Municipality
Bilha,"Bilha,Chhattisgarh,India",Municipality
Amer,"Amer,Rajasthan,India",Municipality
Luni,"Luni,Rajasthan,India",Municipality
Karbook,"Karbook,Tripura,India",Municipality
Campierganj,"Campierganj,Uttar Pradesh,India",Municipality
Venkatagiri,"Venkatagiri,Andhra Pradesh,India",Municipality
Bijnor,"Bijnor,Uttar Pradesh,India",Municipality
Uchchhal,"Uchchhal,Gujarat,India",Municipality
Kota,"Kota,Andhra Pradesh,India",Municipality
Gunnaur,"Gunnaur,Uttar Pradesh,India",Municipality
Vidisha,"Vidisha,Madhya Pradesh,India",Municipality
Nautanwa,"Nautanwa,Uttar Pradesh,India",Municipality
Bollapalli,"Bollapalli,Andhra Pradesh,India",Municipality
Pantran,"Pantran,Punjab,India",Municipality
Bhupalpalli,"Bhupalpalli,Telangana,India",Municipality
Mangapet,"Mangapet,Telangana,India",Municipality
Nagulaupalapadu,"Nagulaupalapadu,Andhra Pradesh,India",Municipality
Chainpur,"Chainpur,South Chotanagpur Division,Jharkhand,India",Municipality
Wadrufnagar,"Wadrufnagar,Chhattisgarh,India",Municipality
Muzaffarnagar,"Muzaffarnagar,Uttar Pradesh,India",Municipality
Kudligi,"Kudligi,Karnataka,India",Municipality
Dharamgarh,"Dharamgarh,Odisha,India",Municipality
Yercaud,"Yercaud,Tamil Nadu,India",Municipality
Aspur,"Aspur,Rajasthan,India",Municipality
Limkheda,"Limkheda,Gujarat,India",Municipality
Atrauli,"Atrauli,Uttar Pradesh,India",Municipality
Jalumuru,"Jalumuru,Andhra Pradesh,India",Municipality
Kuderu,"Kuderu,Andhra Pradesh,India",Municipality
Remuna,"Remuna,Odisha,India",Municipality
Tirumangalam,"Tirumangalam,Tamil Nadu,India",Municipality
Sarkaghat,"Sarkaghat,Himachal Pradesh,India",Municipality
Sindari,"Sindari,Rajasthan,India",Municipality
Ghatagaon,"Ghatagaon,Odisha,India",Municipality
Gadarwara,"Gadarwara,Madhya Pradesh,India",Municipality
Korai,"Korai,Odisha,India",Municipality
Pulicherla,"Pulicherla,Andhra Pradesh,India",Municipality
Harraiya,"Harraiya,Uttar Pradesh,India",Municipality
Raipur,"Raipur,Ajmer Division,Rajasthan,India",Municipality
Nagayalanka,"Nagayalanka,Andhra Pradesh,India",Municipality
Bahanaga,"Bahanaga,Odisha,India",Municipality
Phulparas,"Phulparas,Bihar,India",Municipality
Puri-Sadar,"Puri-Sadar,Odisha,India",Municipality
Mau,"Mau,Azamgarh Division,Uttar Pradesh,India",Municipality
Dasada,"Dasada,Gujarat,India",Municipality
Dharur,"Dharur,Maharashtra,India",Municipality
Bagbahra,"Bagbahra,Chhattisgarh,India",Municipality
Mohla,"Mohla,Chhattisgarh,India",Municipality
Fatepura,"Fatepura,Gujarat,India",Municipality
Radaur,"Radaur,Haryana,India",Municipality
Kolaras,"Kolaras,Madhya Pradesh,India",Municipality
Perambur,"Perambur,Tamil Nadu,India",Municipality
Kozhancheri,"Kozhancheri,Kerala,India",Municipality
Kumta,"Kumta,Karnataka,India",Municipality
Chanchal,"Chanchal,West Bengal,India",Municipality
Viramgam,"Viramgam,Gujarat,India",Municipality
Panisagar,"Panisagar,Tripura,India",Municipality
Hardoi,"Hardoi,Uttar Pradesh,India",Municipality
Saja,"Saja,Chhattisgarh,India",Municipality
Deoghar,"Deoghar,Jharkhand,India",Municipality
Lachhmangarh,"Lachhmangarh,Rajasthan,India",Municipality
Atarra,"Atarra,Uttar Pradesh,India",Municipality
Chhota Udepur,"Chhota Udepur,Gujarat,India",Municipality
Mikirbheta Circle,"Mikirbheta Circle,Assam,India",Municipality
Amod,"Amod,Gujarat,India",Municipality
Tundi,"Tundi,Jharkhand,India",Municipality
Khedbrahma,"Khedbrahma,Gujarat,India",Municipality
Gania,"Gania,Odisha,India",Municipality
Uppal,"Uppal,Telangana,India",Municipality
Kandi,"Kandi,West Bengal,India",Municipality
Basia,"Basia,Jharkhand,India",Municipality
Srivaikuntam,"Srivaikuntam,Tamil Nadu,India",Municipality
Alibag,"Alibag,Maharashtra,India",Municipality
Krishangarh,"Krishangarh,Himachal Pradesh,India",Municipality
Harihargunj,"Harihargunj,Jharkhand,India",Municipality
Mayang Circle,"Mayang Circle,Assam,India",Municipality
Bioli,"Bioli,Maharashtra,India",Municipality
Jalkot,"Jalkot,Maharashtra,India",Municipality
Bishamakatak,"Bishamakatak,Odisha,India",Municipality
Bairia,"Bairia,Uttar Pradesh,India",Municipality
Khairlanji,"Khairlanji,Madhya Pradesh,India",Municipality
Raiganj,"Raiganj,West Bengal,India",Municipality
Teosa,"Teosa,Maharashtra,India",Municipality
Yenkur,"Yenkur,Telangana,India",Municipality
Henglep,"Henglep,Manipur,India",Municipality
Kadayampatti,"Kadayampatti,Tamil Nadu,India",Municipality
Bhuvanagiri,"Bhuvanagiri,Tamil Nadu,India",Municipality
Ottappalam,"Ottappalam,Kerala,India",Municipality
Shahpura,"Shahpura,Madhya Pradesh,India",Municipality
Samalkot,"Samalkot,Andhra Pradesh,India",Municipality
Nihal Singh Wala,"Nihal Singh Wala,Punjab,India",Municipality
Agasthiswaram,"Agasthiswaram,Tamil Nadu,India",Municipality
Parkal,"Parkal,Telangana,India",Municipality
Mungaoli,"Mungaoli,Madhya Pradesh,India",Municipality
Bansdih,"Bansdih,Uttar Pradesh,India",Municipality
Saraiyahat,"Saraiyahat,Jharkhand,India",Municipality
Palari,"Palari,Chhattisgarh,India",Municipality
Barakot,"Barakot,Uttarakhand,India",Municipality
Revdar,"Revdar,Rajasthan,India",Municipality
Bisoi,"Bisoi,Odisha,India",Municipality
Kasrawad,"Kasrawad,Madhya Pradesh,India",Municipality
Dornakal,"Dornakal,Telangana,India",Municipality
Dhumakot,"Dhumakot,Uttarakhand,India",Municipality
Lalpur,"Lalpur,Gujarat,India",Municipality
Mawana,"Mawana,Uttar Pradesh,India",Municipality
Tobu,"Tobu,Nagaland,India",Municipality
Pakuria,"Pakuria,Jharkhand,India",Municipality
Fatehpur,"Fatehpur,Rajasthan,India",Municipality
Mhow,"Mhow,Indore Division,Madhya Pradesh,India",Municipality
Pakhanjur,"Pakhanjur,Chhattisgarh,India",Municipality
Meghraj,"Meghraj,Gujarat,India",Municipality
Barwala,"Barwala,Gujarat,India",Municipality
Sironcha,"Sironcha,Maharashtra,India",Municipality
Ramganj Mandi,"Ramganj Mandi,Rajasthan,India",Municipality
Unjha,"Unjha,Gujarat,India",Municipality
Arwal,"Arwal,Bihar,India",Municipality
Pandaria,"Pandaria,Chhattisgarh,India",Municipality
Pavagada,"Pavagada,Karnataka,India",Municipality
Holagunda,"Holagunda,Andhra Pradesh,India",Municipality
Sirathu,"Sirathu,Uttar Pradesh,India",Municipality
Sangod,"Sangod,Rajasthan,India",Municipality
Sitai,"Sitai,West Bengal,India",Municipality
Umred,"Umred,Maharashtra,India",Municipality
Diglipur,"Diglipur,Andaman and Nicobar Islands,India",Municipality
Kariyapatti,"Kariyapatti,Tamil Nadu,India",Municipality
Tiruppuvanam,"Tiruppuvanam,Tamil Nadu,India",Municipality
Nyalkal,"Nyalkal,Telangana,India",Municipality
Umarga,"Umarga,Maharashtra,India",Municipality
Dhar,"Dhar,Indore Division,Madhya Pradesh,India",Municipality
Varkala,"Varkala,Kerala,India",Municipality
Hunusur,"Hunusur,Karnataka,India",Municipality
Manamelkudi,"Manamelkudi,Tamil Nadu,India",Municipality
Khivnsar,"Khivnsar,Rajasthan,India",Municipality
Harchakian,"Harchakian,Himachal Pradesh,India",Municipality
Lalganj,"Lalganj,Mirzapur Division,Uttar Pradesh,India",Municipality
Ettaiyapuram,"Ettaiyapuram,Tamil Nadu,India",Municipality
Krishnagiri,"Krishnagiri,Andhra Pradesh,India",Municipality
Kishangarh Bas,"Kishangarh Bas,Rajasthan,India",Municipality
Unguturu,"Unguturu,Andhra Pradesh,India",Municipality
Somandepalle,"Somandepalle,Andhra Pradesh,India",Municipality
Talamadugu,"Talamadugu,Telangana,India",Municipality
Pendlimarri,"Pendlimarri,Andhra Pradesh,India",Municipality
Nandavaram,"Nandavaram,Andhra Pradesh,India",Municipality
Riamal,"Riamal,Odisha,India",Municipality
Dhari,"Dhari,Uttarakhand,India",Municipality
Nichar,"Nichar,Himachal Pradesh,India",Municipality
Kunkavav Vadia,"Kunkavav Vadia,Gujarat,India",Municipality
Udumalaippettai,"Udumalaippettai,Tamil Nadu,India",Municipality
Tengakhat Circle,"Tengakhat Circle,Assam,India",Municipality
Bijoliya,"Bijoliya,Rajasthan,India",Municipality
Bhamini,"Bhamini,Andhra Pradesh,India",Municipality
Kopargaon,"Kopargaon,Maharashtra,India",Municipality
Vangara,"Vangara,Andhra Pradesh,India",Municipality
Majhhgaon,"Majhhgaon,Jharkhand,India",Municipality
Balmur,"Balmur,Telangana,India",Municipality
Vemula,"Vemula,Andhra Pradesh,India",Municipality
Biswanath Circle,"Biswanath Circle,Assam,India",Municipality
Cheranmahadevi,"Cheranmahadevi,Tamil Nadu,India",Municipality
Vaso,"Vaso,Gujarat,India",Municipality
Golaghat Circle,"Golaghat Circle,Assam,India",Municipality
Ani,"Ani,Himachal Pradesh,India",Municipality
Chaukhutiya,"Chaukhutiya,Uttarakhand,India",Municipality
Hungund,"Hungund,Karnataka,India",Municipality
Kulattur,"Kulattur,Tamil Nadu,India",Municipality
Morbi,"Morbi,Gujarat,India",Municipality
Surajpur,"Surajpur,Chhattisgarh,India",Municipality
Khuntpani,"Khuntpani,Jharkhand,India",Municipality
Ibrahimpatan,"Ibrahimpatan,Telangana,India",Municipality
Desuri,"Desuri,Rajasthan,India",Municipality
Harij,"Harij,Gujarat,India",Municipality
Karjat,"Karjat,Maharashtra,India",Municipality
Lakshetipet,"Lakshetipet,Telangana,India",Municipality
Baba Bakala,"Baba Bakala,Punjab,India",Municipality
Salempur,"Salempur,Uttar Pradesh,India",Municipality
Devanakonda,"Devanakonda,Andhra Pradesh,India",Municipality
Gharsana,"Gharsana,Rajasthan,India",Municipality
Malur,"Malur,Karnataka,India",Municipality
Tousem,"Tousem,Manipur,India",Municipality
Unchahar,"Unchahar,Uttar Pradesh,India",Municipality
Car Nicobar,"Car Nicobar,Andaman and Nicobar Islands,India",Municipality
Alot,"Alot,Madhya Pradesh,India",Municipality
Tovala,"Tovala,Tamil Nadu,India",Municipality
Jagdalpura,"Jagdalpura,Chhattisgarh,India",Municipality
Chandurti,"Chandurti,Telangana,India",Municipality
Kanchipuram,"Kanchipuram,Tamil Nadu,India",Municipality
Pamuru,"Pamuru,Andhra Pradesh,India",Municipality
Chigurumamidi,"Chigurumamidi,Telangana,India",Municipality
Pachphar,"Pachphar,Rajasthan,India",Municipality
Neyyattinkara,"Neyyattinkara,Kerala,India",Municipality
Dumraon,"Dumraon,Bihar,India",Municipality
Gudri,"Gudri,Jharkhand,India",Municipality
Boden,"Boden,Odisha,India",Municipality
Kuchaman,"Kuchaman,Rajasthan,India",Municipality
Mandamarri,"Mandamarri,Telangana,India",Municipality
Dehgam,"Dehgam,Gujarat,India",Municipality
Zarijaman,"Zarijaman,Maharashtra,India",Municipality
Velugodu,"Velugodu,Andhra Pradesh,India",Municipality
Khadoor Sahib,"Khadoor Sahib,Punjab,India",Municipality
Kovilpatti,"Kovilpatti,Tamil Nadu,India",Municipality
Arambagh,"Arambagh,West Bengal,India",Municipality
Chandgad,"Chandgad,Maharashtra,India",Municipality
Rohini,"Rohini,Delhi,India",Municipality
Lingal,"Lingal,Telangana,India",Municipality
Achalpur,"Achalpur,Maharashtra,India",Municipality
Dhanwar,"Dhanwar,Jharkhand,India",Municipality
Peddakadaburu,"Peddakadaburu,Andhra Pradesh,India",Municipality
Hosanagara,"Hosanagara,Karnataka,India",Municipality
Rajnagar,"Rajnagar,Sagar Division,Madhya Pradesh,India",Municipality
Hasanpur,"Hasanpur,Uttar Pradesh,India",Municipality
Sarara,"Sarara,Rajasthan,India",Municipality
Kuchai,"Kuchai,Jharkhand,India",Municipality
Polur,"Polur,Tamil Nadu,India",Municipality
Tirwa,"Tirwa,Uttar Pradesh,India",Municipality
Konni,"Konni,Kerala,India",Municipality
Jalor,"Jalor,Rajasthan,India",Municipality
Bhiloda,"Bhiloda,Gujarat,India",Municipality
Ashoknagar,"Ashoknagar,Madhya Pradesh,India",Municipality
Bantwaram,"Bantwaram,Telangana,India",Municipality
Koheda,"Koheda,Telangana,India",Municipality
Gonda,"Gonda,Uttar Pradesh,India",Municipality
Chaupal,"Chaupal,Himachal Pradesh,India",Municipality
Hoskote,"Hoskote,Karnataka,India",Municipality
Raj Samand,"Raj Samand,Rajasthan,India",Municipality
Bayad,"Bayad,Gujarat,India",Municipality
Puttaparti,"Puttaparti,Andhra Pradesh,India",Municipality
Nidamangalam,"Nidamangalam,Tamil Nadu,India",Municipality
Sherghati,"Sherghati,Bihar,India",Municipality
Savarkundla,"Savarkundla,Gujarat,India",Municipality
Jalalabad,"Jalalabad,Uttar Pradesh,India",Municipality
Melmalayanur,"Melmalayanur,Tamil Nadu,India",Municipality
Satyavedu,"Satyavedu,Andhra Pradesh,India",Municipality
Khurai,"Khurai,Madhya Pradesh,India",Municipality
Dadi,"Dadi,Jharkhand,India",Municipality
Chintalapudi,"Chintalapudi,Andhra Pradesh,India",Municipality
Vellarikundu,"Vellarikundu,Kerala,India",Municipality
Banta,"Banta,Odisha,India",Municipality
Parlakhemundi,"Parlakhemundi,Odisha,India",Municipality
Champa,"Champa,Chhattisgarh,India",Municipality
Tekkal,"Tekkal,Andhra Pradesh,India",Municipality
Avadiyarkovil,"Avadiyarkovil,Tamil Nadu,India",Municipality
Umreth,"Umreth,Gujarat,India",Municipality
Karwar,"Karwar,Karnataka,India",Municipality
Verno,"Verno,Jharkhand,India",Municipality
Andimadam,"Andimadam,Tamil Nadu,India",Municipality
Kotauratla,"Kotauratla,Andhra Pradesh,India",Municipality
Komarada,"Komarada,Andhra Pradesh,India",Municipality
Atru,"Atru,Rajasthan,India",Municipality
Khagaria,"Khagaria,Bihar,India",Municipality
Palera,"Palera,Madhya Pradesh,India",Municipality
Mohania,"Mohania,Bihar,India",Municipality
Tiruvaiyaru,"Tiruvaiyaru,Tamil Nadu,India",Municipality
Samdari,"Samdari,Rajasthan,India",Municipality
Mohadi,"Mohadi,Maharashtra,India",Municipality
Munagala,"Munagala,Telangana,India",Municipality
Atmakur,"Atmakur,Telangana,India",Municipality
Tendukheda,"Tendukheda,Sagar Division,Madhya Pradesh,India",Municipality
Tribeniganj,"Tribeniganj,Bihar,India",Municipality
Gundardehi,"Gundardehi,Chhattisgarh,India",Municipality
Amarapuram,"Amarapuram,Andhra Pradesh,India",Municipality
Potka,"Potka,Jharkhand,India",Municipality
Dwarakatirumala,"Dwarakatirumala,Andhra Pradesh,India",Municipality
Marpalli,"Marpalli,Telangana,India",Municipality
Jintur,"Jintur,Maharashtra,India",Municipality
Kirakat,"Kirakat,Uttar Pradesh,India",Municipality
Radhanagari,"Radhanagari,Maharashtra,India",Municipality
Mahabaleshwar,"Mahabaleshwar,Maharashtra,India",Municipality
Maharajganj,"Maharajganj,Uttar Pradesh,India",Municipality
Hansi,"Hansi,Haryana,India",Municipality
Ramakuppam,"Ramakuppam,Andhra Pradesh,India",Municipality
Rath,"Rath,Uttar Pradesh,India",Municipality
Rampura Phul,"Rampura Phul,Punjab,India",Municipality
Mahanandi,"Mahanandi,Andhra Pradesh,India",Municipality
Gundlapalli,"Gundlapalli,Telangana,India",Municipality
Kumardungi,"Kumardungi,Jharkhand,India",Municipality
Hosdurg,"Hosdurg,Kerala,India",Municipality
Chevella,"Chevella,Telangana,India",Municipality
Dadahu,"Dadahu,Himachal Pradesh,India",Municipality
Raigod,"Raigod,Telangana,India",Municipality
Nattam,"Nattam,Tamil Nadu,India",Municipality
Badlapur,"Badlapur,Uttar Pradesh,India",Municipality
Chittamur,"Chittamur,Andhra Pradesh,India",Municipality
Lonar,"Lonar,Maharashtra,India",Municipality
Sankarankovil,"Sankarankovil,Tamil Nadu,India",Municipality
Nohra,"Nohra,Himachal Pradesh,India",Municipality
Sudhagad,"Sudhagad,Maharashtra,India",Municipality
Rajapalaiyam,"Rajapalaiyam,Tamil Nadu,India",Municipality
Warora,"Warora,Maharashtra,India",Municipality
Musabani,"Musabani,Jharkhand,India",Municipality
Balrampur,"Balrampur,Chhattisgarh,India",Municipality
Muhammadbad,"Muhammadbad,Uttar Pradesh,India",Municipality
Siddhapur,"Siddhapur,Gujarat,India",Municipality
Villupuram,"Villupuram,Tamil Nadu,India",Municipality
Rambilli,"Rambilli,Andhra Pradesh,India",Municipality
Ukhimath,"Ukhimath,Uttarakhand,India",Municipality
Riyanbaddi,"Riyanbaddi,Rajasthan,India",Municipality
Khaira,"Khaira,Odisha,India",Municipality
Srungavarapukota,"Srungavarapukota,Andhra Pradesh,India",Municipality
Peesangan,"Peesangan,Rajasthan,India",Municipality
Puttur,"Puttur,Andhra Pradesh,India",Municipality
Kotra,"Kotra,Rajasthan,India",Municipality
Borsad,"Borsad,Gujarat,India",Municipality
Ambad,"Ambad,Maharashtra,India",Municipality
Bhapur,"Bhapur,Odisha,India",Municipality
Siwana,"Siwana,Rajasthan,India",Municipality
Totapalligudur,"Totapalligudur,Andhra Pradesh,India",Municipality
Chopda,"Chopda,Maharashtra,India",Municipality
Chikkamagaluru,"Chikkamagaluru,Karnataka,India",Municipality
Khairigarh,"Khairigarh,Uttar Pradesh,India",Municipality
Challakere,"Challakere,Karnataka,India",Municipality
Jagtial,"Jagtial,Telangana,India",Municipality
Amangal,"Amangal,Telangana,India",Municipality
Ramayampet,"Ramayampet,Telangana,India",Municipality
Tamnar,"Tamnar,Chhattisgarh,India",Municipality
Hindaun,"Hindaun,Rajasthan,India",Municipality
Morangi Circle,"Morangi Circle,Assam,India",Municipality
Ormanjhi,"Ormanjhi,Jharkhand,India",Municipality
Bodhan,"Bodhan,Telangana,India",Municipality
Vemanapalle,"Vemanapalle,Telangana,India",Municipality
Dharampur,"Dharampur,Gujarat,India",Municipality
Barkagaon,"Barkagaon,Jharkhand,India",Municipality
Haveli,"Haveli,Maharashtra,India",Municipality
Tihu Circle,"Tihu Circle,Assam,India",Municipality
Lalganj,"Lalganj,Prayagraj Division,Uttar Pradesh,India",Municipality
Malkapur,"Malkapur,Amravati Division,Maharashtra,India",Municipality
Husnabad,"Husnabad,Telangana,India",Municipality
Kashipur,"Kashipur,Uttarakhand,India",Municipality
Gandhwani,"Gandhwani,Madhya Pradesh,India",Municipality
Kalakada,"Kalakada,Andhra Pradesh,India",Municipality
Nedumangad,"Nedumangad,Kerala,India",Municipality
Garautha,"Garautha,Uttar Pradesh,India",Municipality
Ajaigarh,"Ajaigarh,Madhya Pradesh,India",Municipality
Malshiras,"Malshiras,Maharashtra,India",Municipality
Vaithiry,"Vaithiry,Kerala,India",Municipality
Vagra,"Vagra,Gujarat,India",Municipality
Narsampet,"Narsampet,Telangana,India",Municipality
Panchkula,"Panchkula,Ambala Division,Haryana,India",Municipality
Damaragidda,"Damaragidda,Telangana,India",Municipality
Kalpa,"Kalpa,Himachal Pradesh,India",Municipality
Pedana,"Pedana,Andhra Pradesh,India",Municipality
Renapur,"Renapur,Maharashtra,India",Municipality
Amrabad,"Amrabad,Telangana,India",Municipality
Chinyalisaur,"Chinyalisaur,Uttarakhand,India",Municipality
Chinna Kodur,"Chinna Kodur,Telangana,India",Municipality
Tilakwada,"Tilakwada,Gujarat,India",Municipality
Sillod,"Sillod,Maharashtra,India",Municipality
Manjeshvar,"Manjeshvar,Kerala,India",Municipality
Koduru,"Koduru,Andhra Pradesh,India",Municipality
Madattukulam,"Madattukulam,Tamil Nadu,India",Municipality
Machhali Sahar,"Machhali Sahar,Uttar Pradesh,India",Municipality
Julurupadu,"Julurupadu,Telangana,India",Municipality
Kala Pipal,"Kala Pipal,Madhya Pradesh,India",Municipality
Vikramgad,"Vikramgad,Maharashtra,India",Municipality
Kumarghat,"Kumarghat,Tripura,India",Municipality
Yamkeshwar,"Yamkeshwar,Uttarakhand,India",Municipality
Undi,"Undi,Andhra Pradesh,India",Municipality
Sonapur Circle,"Sonapur Circle,Assam,India",Municipality
Seethanagaram,"Seethanagaram,Andhra Pradesh,India",Municipality
Baharagaon,"Baharagaon,Jharkhand,India",Municipality
Hilsa,"Hilsa,Bihar,India",Municipality
Narendra Nagar,"Narendra Nagar,Uttarakhand,India",Municipality
Keolari,"Keolari,Madhya Pradesh,India",Municipality
Punjabi Bagh,"Punjabi Bagh,Delhi,India",Municipality
Lingal Ghanpuram,"Lingal Ghanpuram,Telangana,India",Municipality
Aurai,"Aurai,Uttar Pradesh,India",Municipality
Nawadiha,"Nawadiha,Jharkhand,India",Municipality
Yaval,"Yaval,Maharashtra,India",Municipality
Ravulapalem,"Ravulapalem,Andhra Pradesh,India",Municipality
Seondha,"Seondha,Madhya Pradesh,India",Municipality
Sakhinetipalle,"Sakhinetipalle,Andhra Pradesh,India",Municipality
Singrauli,"Singrauli,Madhya Pradesh,India",Municipality
Anklav,"Anklav,Gujarat,India",Municipality
Ajra,"Ajra,Maharashtra,India",Municipality
Gangadhara,"Gangadhara,Telangana,India",Municipality
Jampuijala,"Jampuijala,Tripura,India",Municipality
Vaghodia,"Vaghodia,Gujarat,India",Municipality
Patera,"Patera,Madhya Pradesh,India",Municipality
Rajamahendravaram Urban,"Rajamahendravaram Urban,Andhra Pradesh,India",Municipality
Baihar,"Baihar,Madhya Pradesh,India",Municipality
Rajauli,"Rajauli,Bihar,India",Municipality
Damoh,"Damoh,Madhya Pradesh,India",Municipality
Lanji,"Lanji,Madhya Pradesh,India",Municipality
Jetpur-Pavi,"Jetpur-Pavi,Gujarat,India",Municipality
Ketar,"Ketar,Jharkhand,India",Municipality
Jamwa Ramgarh,"Jamwa Ramgarh,Rajasthan,India",Municipality
Puthalapattu,"Puthalapattu,Andhra Pradesh,India",Municipality
Kottapeta,"Kottapeta,Andhra Pradesh,India",Municipality
Toda Raisingh,"Toda Raisingh,Rajasthan,India",Municipality
Mariahu,"Mariahu,Uttar Pradesh,India",Municipality
Vijapur,"Vijapur,Gujarat,India",Municipality
Rayagarha,"Rayagarha,Odisha,India",Municipality
Lakhani,"Lakhani,Maharashtra,India",Municipality
Faridkot,"Faridkot,Punjab,India",Municipality
Badbil,"Badbil,Odisha,India",Municipality
Nadbai,"Nadbai,Rajasthan,India",Municipality
Bardoli,"Bardoli,Gujarat,India",Municipality
Kurkheda,"Kurkheda,Maharashtra,India",Municipality
Derabis,"Derabis,Odisha,India",Municipality
Kansabel,"Kansabel,Chhattisgarh,India",Municipality
Tadwai,"Tadwai,Telangana,India",Municipality
Shakaldiha,"Shakaldiha,Uttar Pradesh,India",Municipality
Gairsain,"Gairsain,Uttarakhand,India",Municipality
Mahagaon,"Mahagaon,Maharashtra,India",Municipality
Nalkhera,"Nalkhera,Madhya Pradesh,India",Municipality
Narkhed,"Narkhed,Maharashtra,India",Municipality
Athamallik,"Athamallik,Odisha,India",Municipality
Shahnagar,"Shahnagar,Madhya Pradesh,India",Municipality
Jaridih,"Jaridih,Jharkhand,India",Municipality
Bhadravathi,"Bhadravathi,Karnataka,India",Municipality
Pulivendla,"Pulivendla,Andhra Pradesh,India",Municipality
Sawli,"Sawli,Maharashtra,India",Municipality
Chandarlapadu,"Chandarlapadu,Andhra Pradesh,India",Municipality
Bhimini,"Bhimini,Telangana,India",Municipality
Lingampet,"Lingampet,Telangana,India",Municipality
Hindool,"Hindool,Odisha,India",Municipality
Danta,"Danta,Gujarat,India",Municipality
Kasimkota,"Kasimkota,Andhra Pradesh,India",Municipality
Rudrapur,"Rudrapur,Uttar Pradesh,India",Municipality
Ramkanda,"Ramkanda,Jharkhand,India",Municipality
Hathin,"Hathin,Haryana,India",Municipality
Banswada,"Banswada,Telangana,India",Municipality
Jagdevpur,"Jagdevpur,Telangana,India",Municipality
Nimchak Bathani,"Nimchak Bathani,Bihar,India",Municipality
Patti,"Patti,Punjab,India",Municipality
Gawan,"Gawan,Jharkhand,India",Municipality
Tumakuru,"Tumakuru,Karnataka,India",Municipality
Mohanpur,"Mohanpur,Jharkhand,India",Municipality
Shrigonda,"Shrigonda,Maharashtra,India",Municipality
Pedda Gantyada,"Pedda Gantyada,Andhra Pradesh,India",Municipality
Dhanera,"Dhanera,Gujarat,India",Municipality
Kirnapur,"Kirnapur,Madhya Pradesh,India",Municipality
Kotapalle,"Kotapalle,Telangana,India",Municipality
Pullalacheruvu,"Pullalacheruvu,Andhra Pradesh,India",Municipality
Jaladanki,"Jaladanki,Andhra Pradesh,India",Municipality
Marshaghai,"Marshaghai,Odisha,India",Municipality
Gantyada,"Gantyada,Andhra Pradesh,India",Municipality
Udaipur,"Udaipur,Tripura,India",Municipality
Kalasapadu,"Kalasapadu,Andhra Pradesh,India",Municipality
Kalyani,"Kalyani,West Bengal,India",Municipality
Indri,"Indri,Haryana,India",Municipality
Kalamnuri,"Kalamnuri,Maharashtra,India",Municipality
Agali,"Agali,Andhra Pradesh,India",Municipality
Poladpur,"Poladpur,Maharashtra,India",Municipality
Sehore,"Sehore,Madhya Pradesh,India",Municipality
Gadarpur,"Gadarpur,Uttarakhand,India",Municipality
Dhanwada,"Dhanwada,Telangana,India",Municipality
Dhira,"Dhira,Himachal Pradesh,India",Municipality
Gummagatta,"Gummagatta,Andhra Pradesh,India",Municipality
Korchi,"Korchi,Maharashtra,India",Municipality
Chipurupalle,"Chipurupalle,Andhra Pradesh,India",Municipality
Padmapur,"Padmapur,Odisha,India",Municipality
Kotari,"Kotari,Rajasthan,India",Municipality
Iluppur,"Iluppur,Tamil Nadu,India",Municipality
Veldanda,"Veldanda,Telangana,India",Municipality
Krishnarujpet,"Krishnarujpet,Karnataka,India",Municipality
Jhanduta,"Jhanduta,Himachal Pradesh,India",Municipality
Sarangapur,"Sarangapur,Telangana,India",Municipality
Kheda,"Kheda,Gujarat,India",Municipality
Pilibanga,"Pilibanga,Rajasthan,India",Municipality
Denduluru,"Denduluru,Andhra Pradesh,India",Municipality
Vidapanakallu,"Vidapanakallu,Andhra Pradesh,India",Municipality
Mallapur,"Mallapur,Telangana,India",Municipality
Kusumi,"Kusumi,Odisha,India",Municipality
Gop,"Gop,Odisha,India",Municipality
Narela,"Narela,Delhi,India",Municipality
Mahmara Circle,"Mahmara Circle,Assam,India",Municipality
Chimakurti,"Chimakurti,Andhra Pradesh,India",Municipality
Pondi Uproda,"Pondi Uproda,Chhattisgarh,India",Municipality
Kharagwan,"Kharagwan,Chhattisgarh,India",Municipality
Domakonda,"Domakonda,Telangana,India",Municipality
Jaithari,"Jaithari,Madhya Pradesh,India",Municipality
Tiruvottiyur,"Tiruvottiyur,Tamil Nadu,India",Municipality
Litipara,"Litipara,Jharkhand,India",Municipality
Rampur,"Rampur,Himachal Pradesh,India",Municipality
Datia,"Datia,Madhya Pradesh,India",Municipality
Burhanpur,"Burhanpur,Uttar Pradesh,India",Municipality
Ichchapuram,"Ichchapuram,Andhra Pradesh,India",Municipality
Champawat,"Champawat,Uttarakhand,India",Municipality
Santalpur,"Santalpur,Gujarat,India",Municipality
Dharmanagar,"Dharmanagar,Tripura,India",Municipality
Pappireddipatti,"Pappireddipatti,Tamil Nadu,India",Municipality
Hailakandi,"Hailakandi,Assam,India",Municipality
Bhor,"Bhor,Maharashtra,India",Municipality
Civil Lines,"Civil Lines,Delhi,India",Municipality
Hnahthial,"Hnahthial,Mizoram,India",Municipality
Pratap Nagar,"Pratap Nagar,Uttarakhand,India",Municipality
Parola,"Parola,Maharashtra,India",Municipality
Tiruppur North,"Tiruppur North,Tamil Nadu,India",Municipality
Veppanthattai,"Veppanthattai,Tamil Nadu,India",Municipality
Ashwaraopet,"Ashwaraopet,Telangana,India",Municipality
Milak,"Milak,Uttar Pradesh,India",Municipality
Nahan,"Nahan,Himachal Pradesh,India",Municipality
Nujendla,"Nujendla,Andhra Pradesh,India",Municipality
Rolugunta,"Rolugunta,Andhra Pradesh,India",Municipality
Dewas,"Dewas,Madhya Pradesh,India",Municipality
Siddapur,"Siddapur,Karnataka,India",Municipality
Srirangam,"Srirangam,Tamil Nadu,India",Municipality
Gajuvaka,"Gajuvaka,Andhra Pradesh,India",Municipality
Kankon,"Kankon,Goa,India",Municipality
Dediyapada,"Dediyapada,Gujarat,India",Municipality
Nirmali,"Nirmali,Bihar,India",Municipality
Giridih,"Giridih,Jharkhand,India",Municipality
Narva,"Narva,Telangana,India",Municipality
Yavatmal,"Yavatmal,Maharashtra,India",Municipality
Bhamragad,"Bhamragad,Maharashtra,India",Municipality
Jaswantnagar,"Jaswantnagar,Uttar Pradesh,India",Municipality
Akaltara,"Akaltara,Bilaspur Division,Chhattisgarh,India",Municipality
Kanha Chatti,"Kanha Chatti,Jharkhand,India",Municipality
Amarwara,"Amarwara,Madhya Pradesh,India",Municipality
Bagli,"Bagli,Madhya Pradesh,India",Municipality
Patapatnam,"Patapatnam,Andhra Pradesh,India",Municipality
Gonegandla,"Gonegandla,Andhra Pradesh,India",Municipality
Mahaban,"Mahaban,Uttar Pradesh,India",Municipality
Sorawn,"Sorawn,Uttar Pradesh,India",Municipality
Bankheri,"Bankheri,Madhya Pradesh,India",Municipality
Titabar Circle,"Titabar Circle,Assam,India",Municipality
Ranibennuru,"Ranibennuru,Karnataka,India",Municipality
Thiruvarur,"Thiruvarur,Tamil Nadu,India",Municipality
Paravada,"Paravada,Andhra Pradesh,India",Municipality
Shahdra,"Shahdra,Delhi,India",Municipality
Silvani,"Silvani,Madhya Pradesh,India",Municipality
Macherla,"Macherla,Andhra Pradesh,India",Municipality
Narsimhapur,"Narsimhapur,Madhya Pradesh,India",Municipality
Kosiyakutoli,"Kosiyakutoli,Uttarakhand,India",Municipality
Devadurga,"Devadurga,Karnataka,India",Municipality
Ateli,"Ateli,Haryana,India",Municipality
Bara,"Bara,Uttar Pradesh,India",Municipality
Mudigere,"Mudigere,Karnataka,India",Municipality
Badangi,"Badangi,Andhra Pradesh,India",Municipality
Zira,"Zira,Punjab,India",Municipality
Batiagarh,"Batiagarh,Madhya Pradesh,India",Municipality
Munger,"Munger,Bihar,India",Municipality
Nandod,"Nandod,Gujarat,India",Municipality
Budaun,"Budaun,Uttar Pradesh,India",Municipality
Mauganj,"Mauganj,Madhya Pradesh,India",Municipality
Turaiyur,"Turaiyur,Tamil Nadu,India",Municipality
Ambalapuzha,"Ambalapuzha,Kerala,India",Municipality
Shivampet,"Shivampet,Telangana,India",Municipality
Anjangaon-Surji,"Anjangaon-Surji,Maharashtra,India",Municipality
Bawani Khera,"Bawani Khera,Haryana,India",Municipality
Virapanaya,"Virapanaya,Andhra Pradesh,India",Municipality
Ghosi,"Ghosi,Uttar Pradesh,India",Municipality
Karon,"Karon,Jharkhand,India",Municipality
Didwana,"Didwana,Rajasthan,India",Municipality
Leej,"Leej,Telangana,India",Municipality
Samundrapur,"Samundrapur,Maharashtra,India",Municipality
Peddavaduguru,"Peddavaduguru,Andhra Pradesh,India",Municipality
Thandala,"Thandala,Madhya Pradesh,India",Municipality
Belthara Road,"Belthara Road,Uttar Pradesh,India",Municipality
Totlavalluru,"Totlavalluru,Andhra Pradesh,India",Municipality
Dabwali,"Dabwali,Haryana,India",Municipality
Junagadh City,"Junagadh City,Gujarat,India",Municipality
Allagadda,"Allagadda,Andhra Pradesh,India",Municipality
Tamarasserry,"Tamarasserry,Kerala,India",Municipality
Niwas,"Niwas,Madhya Pradesh,India",Municipality
Uthukuli,"Uthukuli,Tamil Nadu,India",Municipality
Amaravati,"Amaravati,Maharashtra,India",Municipality
Nandurbar,"Nandurbar,Maharashtra,India",Municipality
Hindoli,"Hindoli,Rajasthan,India",Municipality
Kangpokpi,"Kangpokpi,Manipur,India",Municipality
Mutharam,"Mutharam,Telangana,India",Municipality
Sukma,"Sukma,Chhattisgarh,India",Municipality
Baroh,"Baroh,Himachal Pradesh,India",Municipality
Bellamkonda,"Bellamkonda,Andhra Pradesh,India",Municipality
Katkamdag,"Katkamdag,Jharkhand,India",Municipality
Timmajipet,"Timmajipet,Telangana,India",Municipality
Chakia,"Chakia,Bihar,India",Municipality
Gangapurcity,"Gangapurcity,Rajasthan,India",Municipality
Addanki,"Addanki,Andhra Pradesh,India",Municipality
Nagarkurnool,"Nagarkurnool,Telangana,India",Municipality
Sankheda,"Sankheda,Gujarat,India",Municipality
Deesa,"Deesa,Gujarat,India",Municipality
Kajrat,"Kajrat,Maharashtra,India",Municipality
Zamania,"Zamania,Uttar Pradesh,India",Municipality
Chandrugonda,"Chandrugonda,Telangana,India",Municipality
Bisalpur,"Bisalpur,Uttar Pradesh,India",Municipality
Sira,"Sira,Karnataka,India",Municipality
Trimbakeshwar,"Trimbakeshwar,Maharashtra,India",Municipality
Similia,"Similia,Odisha,India",Municipality
Khergam,"Khergam,Gujarat,India",Municipality
Limbdi,"Limbdi,Gujarat,India",Municipality
Maharajgang,"Maharajgang,Bihar,India",Municipality
Sirsi,"Sirsi,Karnataka,India",Municipality
Matia Circle,"Matia Circle,Assam,India",Municipality
Maidukuru,"Maidukuru,Andhra Pradesh,India",Municipality
Wankaner,"Wankaner,Gujarat,India",Municipality
Harda,"Harda,Madhya Pradesh,India",Municipality
Srijangram Circle,"Srijangram Circle,Assam,India",Municipality
Kunnattunad,"Kunnattunad,Kerala,India",Municipality
Dhariyawad,"Dhariyawad,Rajasthan,India",Municipality
Hadiya,"Hadiya,Uttar Pradesh,India",Municipality
Kesli,"Kesli,Madhya Pradesh,India",Municipality
Badasahi,"Badasahi,Odisha,India",Municipality
Naugachhia,"Naugachhia,Bihar,India",Municipality
Ilayankudi,"Ilayankudi,Tamil Nadu,India",Municipality
Bangarapet,"Bangarapet,Karnataka,India",Municipality
Kosigi,"Kosigi,Andhra Pradesh,India",Municipality
Poreyahat,"Poreyahat,Jharkhand,India",Municipality
Peddamandyam,"Peddamandyam,Andhra Pradesh,India",Municipality
Gumia,"Gumia,Jharkhand,India",Municipality
Uniara,"Uniara,Rajasthan,India",Municipality
Bijaynagar,"Bijaynagar,Rajasthan,India",Municipality
Goreswar Circle,"Goreswar Circle,Assam,India",Municipality
Keredari,"Keredari,Jharkhand,India",Municipality
Bagbar Circle,"Bagbar Circle,Assam,India",Municipality
Piduguralla,"Piduguralla,Andhra Pradesh,India",Municipality
Morwa Hadaf,"Morwa Hadaf,Gujarat,India",Municipality
Ralegaon,"Ralegaon,Maharashtra,India",Municipality
Penukonda,"Penukonda,Andhra Pradesh,India",Municipality
Shahjahanpur,"Shahjahanpur,Uttar Pradesh,India",Municipality
Sattanapalle,"Sattanapalle,Andhra Pradesh,India",Municipality
Nelakondapalli,"Nelakondapalli,Telangana,India",Municipality
Sanguem,"Sanguem,Goa,India",Municipality
Palkot,"Palkot,Jharkhand,India",Municipality
Durgukondal,"Durgukondal,Chhattisgarh,India",Municipality
Matar,"Matar,Gujarat,India",Municipality
Bagha Purana,"Bagha Purana,Punjab,India",Municipality
Guna,"Guna,Madhya Pradesh,India",Municipality
Dhakuakhana,"Dhakuakhana,Assam,India",Municipality
Longleng,"Longleng,Nagaland,India",Municipality
Chauri Chaura,"Chauri Chaura,Uttar Pradesh,India",Municipality
Kanchikacherla,"Kanchikacherla,Andhra Pradesh,India",Municipality
Majbat Circle,"Majbat Circle,Assam,India",Municipality
Patan,"Patan,Gujarat,India",Municipality
Rangampeta,"Rangampeta,Andhra Pradesh,India",Municipality
Pedda Tippa Samudram,"Pedda Tippa Samudram,Andhra Pradesh,India",Municipality
Lanja,"Lanja,Maharashtra,India",Municipality
Betamcherla,"Betamcherla,Andhra Pradesh,India",Municipality
Tikari,"Tikari,Bihar,India",Municipality
Amrutaluru,"Amrutaluru,Andhra Pradesh,India",Municipality
Nepanagar,"Nepanagar,Madhya Pradesh,India",Municipality
Patiali,"Patiali,Uttar Pradesh,India",Municipality
Surajgarh,"Surajgarh,Rajasthan,India",Municipality
Dharur,"Dharur,Telangana,India",Municipality
Ernad,"Ernad,Kerala,India",Municipality
Udumbanchola,"Udumbanchola,Kerala,India",Municipality
Kuttanad,"Kuttanad,Kerala,India",Municipality
Indukurupeta,"Indukurupeta,Andhra Pradesh,India",Municipality
Kadana,"Kadana,Gujarat,India",Municipality
Duni,"Duni,Rajasthan,India",Municipality
Bangiriposi,"Bangiriposi,Odisha,India",Municipality
Karambakkudi,"Karambakkudi,Tamil Nadu,India",Municipality
Sitamau,"Sitamau,Madhya Pradesh,India",Municipality
Kadiri,"Kadiri,Andhra Pradesh,India",Municipality
Jind,"Jind,Haryana,India",Municipality
Evaruppal,"Evaruppal,Telangana,India",Municipality
Gharawal,"Gharawal,Uttar Pradesh,India",Municipality
Sanjeli,"Sanjeli,Gujarat,India",Municipality
Vasant Vihar,"Vasant Vihar,Delhi,India",Municipality
Athagarh,"Athagarh,Odisha,India",Municipality
Guduru,"Guduru,Andhra Pradesh,India",Municipality
Neredcherla,"Neredcherla,Telangana,India",Municipality
Mahwa,"Mahwa,Rajasthan,India",Municipality
Khategaon,"Khategaon,Madhya Pradesh,India",Municipality
Okha Mandal,"Okha Mandal,Gujarat,India",Municipality
Manawar,"Manawar,Madhya Pradesh,India",Municipality
Milkipur,"Milkipur,Uttar Pradesh,India",Municipality
Rajupalem,"Rajupalem,Andhra Pradesh,India",Municipality
Mandu,"Mandu,Jharkhand,India",Municipality
Kartikapalli,"Kartikapalli,Kerala,India",Municipality
Tiring,"Tiring,Odisha,India",Municipality
Bilara,"Bilara,Rajasthan,India",Municipality
Balrampur,"Balrampur,Devipatan Division,Uttar Pradesh,India",Municipality
Rajmahal,"Rajmahal,Jharkhand,India",Municipality
Mundgod,"Mundgod,Karnataka,India",Municipality
Jhanjharpur,"Jhanjharpur,Bihar,India",Municipality
Murtizapur,"Murtizapur,Maharashtra,India",Municipality
Piddawa,"Piddawa,Rajasthan,India",Municipality
Narwar,"Narwar,Madhya Pradesh,India",Municipality
Kunnattur,"Kunnattur,Kerala,India",Municipality
Balichauki,"Balichauki,Himachal Pradesh,India",Municipality
Dunda,"Dunda,Uttarakhand,India",Municipality
Marrigudem,"Marrigudem,Telangana,India",Municipality
Bhanjanagar,"Bhanjanagar,Odisha,India",Municipality
Raichur,"Raichur,Karnataka,India",Municipality
Mallappalli,"Mallappalli,Kerala,India",Municipality
Tirumakudalnarsipur,"Tirumakudalnarsipur,Karnataka,India",Municipality
Chikodi,"Chikodi,Karnataka,India",Municipality
Deoria,"Deoria,Uttar Pradesh,India",Municipality
Pathariya,"Pathariya,Chhattisgarh,India",Municipality
Tiloi,"Tiloi,Uttar Pradesh,India",Municipality
Bijawar,"Bijawar,Madhya Pradesh,India",Municipality
Balipatana,"Balipatana,Odisha,India",Municipality
Jatani,"Jatani,Odisha,India",Municipality
Khajipeta,"Khajipeta,Andhra Pradesh,India",Municipality
Serilingampalli,"Serilingampalli,Telangana,India",Municipality
Chunar,"Chunar,Uttar Pradesh,India",Municipality
Pansemal,"Pansemal,Madhya Pradesh,India",Municipality
Bilgram,"Bilgram,Uttar Pradesh,India",Municipality
Dhubri Circle (Part),"Dhubri Circle (Part),Assam,India",Municipality
Simhadripuram,"Simhadripuram,Andhra Pradesh,India",Municipality
Doravarisatram,"Doravarisatram,Andhra Pradesh,India",Municipality
Kilpennathur,"Kilpennathur,Tamil Nadu,India",Municipality
Srirampur,"Srirampur,West Bengal,India",Municipality
Safidon,"Safidon,Haryana,India",Municipality
Batala,"Batala,Punjab,India",Municipality
Vatsavai,"Vatsavai,Andhra Pradesh,India",Municipality
West Jorhat Circle,"West Jorhat Circle,Assam,India",Municipality
Seyochung,"Seyochung,Nagaland,India",Municipality
Bokardan,"Bokardan,Maharashtra,India",Municipality
Shahada,"Shahada,Maharashtra,India",Municipality
Noklak,"Noklak,Nagaland,India",Municipality
Aonla,"Aonla,Uttar Pradesh,India",Municipality
Gidhaur,"Gidhaur,Jharkhand,India",Municipality
Jawhar,"Jawhar,Maharashtra,India",Municipality
Daringibadi,"Daringibadi,Odisha,India",Municipality
Lepakshi,"Lepakshi,Andhra Pradesh,India",Municipality
Tuticorin,"Tuticorin,Tamil Nadu,India",Municipality
Chakulia,"Chakulia,Jharkhand,India",Municipality
Meghnagar,"Meghnagar,Madhya Pradesh,India",Municipality
Thottambedu,"Thottambedu,Andhra Pradesh,India",Municipality
Kunda,"Kunda,Uttar Pradesh,India",Municipality
Reni,"Reni,Rajasthan,India",Municipality
Bidhuna,"Bidhuna,Uttar Pradesh,India",Municipality
Palkonda,"Palkonda,Andhra Pradesh,India",Municipality
Mandangad,"Mandangad,Maharashtra,India",Municipality
Jobat,"Jobat,Madhya Pradesh,India",Municipality
Rewari,"Rewari,Haryana,India",Municipality
Wagidora,"Wagidora,Rajasthan,India",Municipality
Ratu,"Ratu,Jharkhand,India",Municipality
Vikarabad,"Vikarabad,Telangana,India",Municipality
Pandhana,"Pandhana,Madhya Pradesh,India",Municipality
Bagalkot,"Bagalkot,Karnataka,India",Municipality
Tiptur,"Tiptur,Karnataka,India",Municipality
Palam,"Palam,Maharashtra,India",Municipality
Dabra,"Dabra,Madhya Pradesh,India",Municipality
Kasom Khullen,"Kasom Khullen,Manipur,India",Municipality
Jalah Circle,"Jalah Circle,Assam,India",Municipality
Shahapur,"Shahapur,Maharashtra,India",Municipality
Mirganj,"Mirganj,Uttar Pradesh,India",Municipality
Hapur,"Hapur,Uttar Pradesh,India",Municipality
Kaisarganj,"Kaisarganj,Uttar Pradesh,India",Municipality
Boitamari Circle,"Boitamari Circle,Assam,India",Municipality
Baldeogarh,"Baldeogarh,Madhya Pradesh,India",Municipality
Shahpura,"Shahpura,Rajasthan,India",Municipality
Galteshwar,"Galteshwar,Gujarat,India",Municipality
Sepau,"Sepau,Rajasthan,India",Municipality
Sanwer,"Sanwer,Madhya Pradesh,India",Municipality
Bathalapalle,"Bathalapalle,Andhra Pradesh,India",Municipality
Sangammer,"Sangammer,Maharashtra,India",Municipality
Sujangarh,"Sujangarh,Rajasthan,India",Municipality
Paruchuru,"Paruchuru,Andhra Pradesh,India",Municipality
Gudur,"Gudur,Andhra Pradesh,India",Municipality
Shhganj,"Shhganj,Uttar Pradesh,India",Municipality
Nangal Rajawatan,"Nangal Rajawatan,Rajasthan,India",Municipality
Tezpur Circle,"Tezpur Circle,Assam,India",Municipality
Murbad,"Murbad,Maharashtra,India",Municipality
Hemagiri,"Hemagiri,Odisha,India",Municipality
Rajakhera,"Rajakhera,Rajasthan,India",Municipality
Anthiyur,"Anthiyur,Tamil Nadu,India",Municipality
Sami,"Sami,Gujarat,India",Municipality
Sagri,"Sagri,Uttar Pradesh,India",Municipality
Kodimudi,"Kodimudi,Tamil Nadu,India",Municipality
Jayal,"Jayal,Rajasthan,India",Municipality
Kanayannur,"Kanayannur,Kerala,India",Municipality
Owk,"Owk,Andhra Pradesh,India",Municipality
Bhadrak,"Bhadrak,Odisha,India",Municipality
Tiruvuru,"Tiruvuru,Andhra Pradesh,India",Municipality
Regonda,"Regonda,Telangana,India",Municipality
Pantran Patiala,"Pantran Patiala,Punjab,India",Municipality
Hansot,"Hansot,Gujarat,India",Municipality
Maklur,"Maklur,Telangana,India",Municipality
Biknur,"Biknur,Telangana,India",Municipality
Gandarvakottai,"Gandarvakottai,Tamil Nadu,India",Municipality
Hatta,"Hatta,Madhya Pradesh,India",Municipality
Suryapet,"Suryapet,Telangana,India",Municipality
Sangrampur,"Sangrampur,Maharashtra,India",Municipality
Annur,"Annur,Tamil Nadu,India",Municipality
Navalgund,"Navalgund,Karnataka,India",Municipality
Pungro,"Pungro,Nagaland,India",Municipality
Ramtek,"Ramtek,Maharashtra,India",Municipality
Sirvel,"Sirvel,Andhra Pradesh,India",Municipality
Pupri,"Pupri,Bihar,India",Municipality
Dibrugarh West Circle,"Dibrugarh West Circle,Assam,India",Municipality
Untari Road,"Untari Road,Jharkhand,India",Municipality
Merta,"Merta,Rajasthan,India",Municipality
Kurichedu,"Kurichedu,Andhra Pradesh,India",Municipality
Ballarpur,"Ballarpur,Maharashtra,India",Municipality
Peint,"Peint,Maharashtra,India",Municipality
Mandvi,"Mandvi,Gujarat,India",Municipality
Sarthebari,"Sarthebari,Assam,India",Municipality
Chomu,"Chomu,Rajasthan,India",Municipality
Anantagiri,"Anantagiri,Andhra Pradesh,India",Municipality
Madhubani,"Madhubani,Bihar,India",Municipality
Nabha,"Nabha,Punjab,India",Municipality
Mudhol,"Mudhol,Karnataka,India",Municipality
Jevar,"Jevar,Uttar Pradesh,India",Municipality
Mohanlal Ganj,"Mohanlal Ganj,Uttar Pradesh,India",Municipality
Bijapur,"Bijapur,Chhattisgarh,India",Municipality
Kumher,"Kumher,Rajasthan,India",Municipality
Patti,"Patti,Uttarakhand,India",Municipality
Abhanpur,"Abhanpur,Raipur Division,Chhattisgarh,India",Municipality
Boath,"Boath,Telangana,India",Municipality
Maler Kotla,"Maler Kotla,Punjab,India",Municipality
Gandlapenta,"Gandlapenta,Andhra Pradesh,India",Municipality
Jainad,"Jainad,Telangana,India",Municipality
Nawadih,"Nawadih,Jharkhand,India",Municipality
Margomunda,"Margomunda,Jharkhand,India",Municipality
Ghanpur(Station),"Ghanpur(Station),Telangana,India",Municipality
Hadgaon,"Hadgaon,Maharashtra,India",Municipality
Yedpalle,"Yedpalle,Telangana,India",Municipality
Korutla,"Korutla,Telangana,India",Municipality
Ramsanehighat,"Ramsanehighat,Uttar Pradesh,India",Municipality
Rairangpur,"Rairangpur,Odisha,India",Municipality
Tala,"Tala,Maharashtra,India",Municipality
Gurur,"Gurur,Chhattisgarh,India",Municipality
Kambadur,"Kambadur,Andhra Pradesh,India",Municipality
Mau,"Mau,Chitrakoot Division,Uttar Pradesh,India",Municipality
Kondapuram,"Kondapuram,Andhra Pradesh,India",Municipality
Garividi,"Garividi,Andhra Pradesh,India",Municipality
Ramabhadrapuram,"Ramabhadrapuram,Andhra Pradesh,India",Municipality
Ikauna,"Ikauna,Uttar Pradesh,India",Municipality
Turkapalli,"Turkapalli,Telangana,India",Municipality
Garla,"Garla,Telangana,India",Municipality
Raghunathpalli,"Raghunathpalli,Telangana,India",Municipality
Uyyalavada,"Uyyalavada,Andhra Pradesh,India",Municipality
Ranasthal,"Ranasthal,Andhra Pradesh,India",Municipality
Udaipurwati,"Udaipurwati,Rajasthan,India",Municipality
Koraput,"Koraput,Odisha,India",Municipality
Mainpuri,"Mainpuri,Uttar Pradesh,India",Municipality
Amarpur,"Amarpur,Tripura,India",Municipality
Chamkor Sahib,"Chamkor Sahib,Punjab,India",Municipality
Mopidevi,"Mopidevi,Andhra Pradesh,India",Municipality
Tirtol,"Tirtol,Odisha,India",Municipality
Bidhannagar,"Bidhannagar,West Bengal,India",Municipality
Namhol,"Namhol,Himachal Pradesh,India",Municipality
Bhusawar,"Bhusawar,Rajasthan,India",Municipality
Bayana,"Bayana,Rajasthan,India",Municipality
Valparai,"Valparai,Tamil Nadu,India",Municipality
Tamei,"Tamei,Manipur,India",Municipality
Manubolu,"Manubolu,Andhra Pradesh,India",Municipality
Lathi,"Lathi,Gujarat,India",Municipality
Lingala,"Lingala,Andhra Pradesh,India",Municipality
Kannauj,"Kannauj,Uttar Pradesh,India",Municipality
Basibpathana,"Basibpathana,Punjab,India",Municipality
Gangarampur,"Gangarampur,West Bengal,India",Municipality
Auraiya,"Auraiya,Uttar Pradesh,India",Municipality
Subarnapur,"Subarnapur,Odisha,India",Municipality
Kheralu,"Kheralu,Gujarat,India",Municipality
Bikramganj,"Bikramganj,Bihar,India",Municipality
Mirzapur,"Mirzapur,Uttar Pradesh,India",Municipality
Madhepura,"Madhepura,Bihar,India",Municipality
Vemulapalli,"Vemulapalli,Telangana,India",Municipality
Usmanabad,"Usmanabad,Maharashtra,India",Municipality
Dispur Circle,"Dispur Circle,Assam,India",Municipality
Bhimunipatnam,"Bhimunipatnam,Andhra Pradesh,India",Municipality
Banganapalle,"Banganapalle,Andhra Pradesh,India",Municipality
Sirauli Gauspur,"Sirauli Gauspur,Uttar Pradesh,India",Municipality
Uthamapalayam,"Uthamapalayam,Tamil Nadu,India",Municipality
Tripurantakam,"Tripurantakam,Andhra Pradesh,India",Municipality
Maddur,"Maddur,Karnataka,India",Municipality
Iglas,"Iglas,Uttar Pradesh,India",Municipality
Mulakalapalli,"Mulakalapalli,Telangana,India",Municipality
Sambepalle,"Sambepalle,Andhra Pradesh,India",Municipality
Vakadu,"Vakadu,Andhra Pradesh,India",Municipality
Umargam,"Umargam,Gujarat,India",Municipality
Jagatsinghpur,"Jagatsinghpur,Odisha,India",Municipality
Zirapur,"Zirapur,Madhya Pradesh,India",Municipality
Pehowa,"Pehowa,Haryana,India",Municipality
Pitlam,"Pitlam,Telangana,India",Municipality
Mandrail,"Mandrail,Rajasthan,India",Municipality
Siwan,"Siwan,Bihar,India",Municipality
T Sundupalle,"T Sundupalle,Andhra Pradesh,India",Municipality
Maliya,"Maliya,Gujarat,India",Municipality
Lanka Circle,"Lanka Circle,Assam,India",Municipality
Somala,"Somala,Andhra Pradesh,India",Municipality
Barnagar,"Barnagar,Madhya Pradesh,India",Municipality
Sibsagar Circle,"Sibsagar Circle,Assam,India",Municipality
Mayur Vihar,"Mayur Vihar,Delhi,India",Municipality
Khandela,"Khandela,Rajasthan,India",Municipality
Washi,"Washi,Maharashtra,India",Municipality
Vijayawada Rural,"Vijayawada Rural,Andhra Pradesh,India",Municipality
Naigaon,"Naigaon,Maharashtra,India",Municipality
Aliganj,"Aliganj,Uttar Pradesh,India",Municipality
Kamareddy,"Kamareddy,Telangana,India",Municipality
Barharwa,"Barharwa,Jharkhand,India",Municipality
Dalgaon,"Dalgaon,Assam,India",Municipality
Becharaji,"Becharaji,Gujarat,India",Municipality
Veligandla,"Veligandla,Andhra Pradesh,India",Municipality
Khandala,"Khandala,Maharashtra,India",Municipality
Thandrampet,"Thandrampet,Tamil Nadu,India",Municipality
Shahabad,"Shahabad,Haryana,India",Municipality
Phaltan,"Phaltan,Maharashtra,India",Municipality
Gowribidanur,"Gowribidanur,Karnataka,India",Municipality
Mayabunder,"Mayabunder,Andaman and Nicobar Islands,India",Municipality
Bhagwanpura,"Bhagwanpura,Madhya Pradesh,India",Municipality
Shahbad,"Shahbad,Rajasthan,India",Municipality
Pangal,"Pangal,Telangana,India",Municipality
Aswapuram,"Aswapuram,Telangana,India",Municipality
Bhowraguri Circle,"Bhowraguri Circle,Assam,India",Municipality
Parvatipuram,"Parvatipuram,Andhra Pradesh,India",Municipality
Virpur,"Virpur,Gujarat,India",Municipality
Nasirabad,"Nasirabad,Rajasthan,India",Municipality
Khambhaliya,"Khambhaliya,Gujarat,India",Municipality
Maganur,"Maganur,Telangana,India",Municipality
Dharmapuri,"Dharmapuri,Tamil Nadu,India",Municipality
Madhogarh,"Madhogarh,Uttar Pradesh,India",Municipality
Kattangur,"Kattangur,Telangana,India",Municipality
Lad Bharol,"Lad Bharol,Himachal Pradesh,India",Municipality
Jaito,"Jaito,Punjab,India",Municipality
Rajanagaram,"Rajanagaram,Andhra Pradesh,India",Municipality
Kaviti,"Kaviti,Andhra Pradesh,India",Municipality
Peddamandadi,"Peddamandadi,Telangana,India",Municipality
Tiruppattur,"Tiruppattur,Tamil Nadu,India",Municipality
Visnagar,"Visnagar,Gujarat,India",Municipality
Sikrai,"Sikrai,Rajasthan,India",Municipality
Hamirpur,"Hamirpur,Uttar Pradesh,India",Municipality
Shaligouraram,"Shaligouraram,Telangana,India",Municipality
Chautuppal,"Chautuppal,Telangana,India",Municipality
Jakhnidhar,"Jakhnidhar,Uttarakhand,India",Municipality
Ukhrul Central,"Ukhrul Central,Manipur,India",Municipality
Gohad,"Gohad,Madhya Pradesh,India",Municipality
Jambughoda,"Jambughoda,Gujarat,India",Municipality
Mohol,"Mohol,Maharashtra,India",Municipality
Gurugram,"Gurugram,Haryana,India",Municipality
Ponda,"Ponda,Goa,India",Municipality
Kej,"Kej,Maharashtra,India",Municipality
Qutubullapur,"Qutubullapur,Telangana,India",Municipality
Bolagarh,"Bolagarh,Odisha,India",Municipality
Patan,"Patan,Chhattisgarh,India",Municipality
Palakodu,"Palakodu,Tamil Nadu,India",Municipality
Tadvai,"Tadvai,Telangana,India",Municipality
Fatehpur,"Fatehpur,Jharkhand,India",Municipality
Manwat,"Manwat,Maharashtra,India",Municipality
Gokavaram,"Gokavaram,Andhra Pradesh,India",Municipality
Bhandaripokhari,"Bhandaripokhari,Odisha,India",Municipality
Penugonda,"Penugonda,Andhra Pradesh,India",Municipality
Purnagiri,"Purnagiri,Uttarakhand,India",Municipality
Jama,"Jama,Jharkhand,India",Municipality
Thalavadi,"Thalavadi,Tamil Nadu,India",Municipality
Kaparada,"Kaparada,Gujarat,India",Municipality
Raha Circle,"Raha Circle,Assam,India",Municipality
Kundgol,"Kundgol,Karnataka,India",Municipality
Lakhtar,"Lakhtar,Gujarat,India",Municipality
Bhokar,"Bhokar,Maharashtra,India",Municipality
Chhaygaon Circle,"Chhaygaon Circle,Assam,India",Municipality
Ganora,"Ganora,Rajasthan,India",Municipality
Gharghoda,"Gharghoda,Chhattisgarh,India",Municipality
Dungarpur,"Dungarpur,Rajasthan,India",Municipality
Zafargarh,"Zafargarh,Telangana,India",Municipality
Pushkar,"Pushkar,Rajasthan,India",Municipality
Bijatola,"Bijatola,Odisha,India",Municipality
Kottur,"Kottur,Telangana,India",Municipality
Dhoraji,"Dhoraji,Gujarat,India",Municipality
Patori,"Patori,Bihar,India",Municipality
Jamda,"Jamda,Odisha,India",Municipality
Ponduru,"Ponduru,Andhra Pradesh,India",Municipality
Karmala,"Karmala,Maharashtra,India",Municipality
Badhra,"Badhra,Haryana,India",Municipality
Padwa,"Padwa,Jharkhand,India",Municipality
Bharari,"Bharari,Himachal Pradesh,India",Municipality
Chandur-Railway,"Chandur-Railway,Maharashtra,India",Municipality
Chandannagar,"Chandannagar,West Bengal,India",Municipality
Sanghriya,"Sanghriya,Rajasthan,India",Municipality
Rasulpur,"Rasulpur,Odisha,India",Municipality
Kol,"Kol,Uttar Pradesh,India",Municipality
Jamkhandi,"Jamkhandi,Belgaum Division,Karnataka,India",Municipality
Ibrahimpatnam,"Ibrahimpatnam,Andhra Pradesh,India",Municipality
Ganapavaram,"Ganapavaram,Andhra Pradesh,India",Municipality
Shankargarh,"Shankargarh,Chhattisgarh,India",Municipality
Jaitaran,"Jaitaran,Rajasthan,India",Municipality
Mahuva,"Mahuva,Gujarat,India",Municipality
Rajapur,"Rajapur,Maharashtra,India",Municipality
Lalbag,"Lalbag,West Bengal,India",Municipality
Munagapaka,"Munagapaka,Andhra Pradesh,India",Municipality
Bansgaon,"Bansgaon,Uttar Pradesh,India",Municipality
Bhiwapur,"Bhiwapur,Maharashtra,India",Municipality
Pirmed,"Pirmed,Kerala,India",Municipality
Kalsi,"Kalsi,Uttarakhand,India",Municipality
Firozpur Jhirka,"Firozpur Jhirka,Haryana,India",Municipality
Budhana,"Budhana,Uttar Pradesh,India",Municipality
Nangnur,"Nangnur,Telangana,India",Municipality
Bhinay,"Bhinay,Rajasthan,India",Municipality
Aspari,"Aspari,Andhra Pradesh,India",Municipality
Baytoo,"Baytoo,Rajasthan,India",Municipality
Rohat,"Rohat,Rajasthan,India",Municipality
Patan Cheruvu,"Patan Cheruvu,Telangana,India",Municipality
Tiruvannamalai,"Tiruvannamalai,Tamil Nadu,India",Municipality
Gorentla,"Gorentla,Andhra Pradesh,India",Municipality
Bhaiyathan,"Bhaiyathan,Chhattisgarh,India",Municipality
Miraj,"Miraj,Maharashtra,India",Municipality
Biyavra,"Biyavra,Madhya Pradesh,India",Municipality
Banka,"Banka,Bihar,India",Municipality
Uran,"Uran,Maharashtra,India",Municipality
Chitrangi,"Chitrangi,Madhya Pradesh,India",Municipality
Devanahalli,"Devanahalli,Karnataka,India",Municipality
Kurud,"Kurud,Raipur Division,Chhattisgarh,India",Municipality
Chilamathur,"Chilamathur,Andhra Pradesh,India",Municipality
Murhu,"Murhu,Jharkhand,India",Municipality
Tarn Taran,"Tarn Taran,Punjab,India",Municipality
Kowdipalle,"Kowdipalle,Telangana,India",Municipality
Nawabganj,"Nawabganj,Bareilly Division,Uttar Pradesh,India",Municipality
Tahrauli,"Tahrauli,Uttar Pradesh,India",Municipality
Gotegaon,"Gotegaon,Madhya Pradesh,India",Municipality
Satbarwa,"Satbarwa,Jharkhand,India",Municipality
Malegaon,"Malegaon,Nashik Division,Maharashtra,India",Municipality
Narnur,"Narnur,Telangana,India",Municipality
Samakhunta,"Samakhunta,Odisha,India",Municipality
Meral,"Meral,Jharkhand,India",Municipality
Biramitrapur,"Biramitrapur,Odisha,India",Municipality
Kantamal,"Kantamal,Odisha,India",Municipality
Hajipur,"Hajipur,Bihar,India",Municipality
Nagina,"Nagina,Uttar Pradesh,India",Municipality
Penuballi,"Penuballi,Telangana,India",Municipality
Basta,"Basta,Odisha,India",Municipality
Mukhed,"Mukhed,Maharashtra,India",Municipality
Chittur,"Chittur,Kerala,India",Municipality
Tadikonda,"Tadikonda,Andhra Pradesh,India",Municipality
Ghansyali,"Ghansyali,Uttarakhand,India",Municipality
Sullurpeta,"Sullurpeta,Andhra Pradesh,India",Municipality
Baramalehara,"Baramalehara,Madhya Pradesh,India",Municipality
Mogalturru,"Mogalturru,Andhra Pradesh,India",Municipality
Harpanahalli,"Harpanahalli,Karnataka,India",Municipality
Vaikam,"Vaikam,Kerala,India",Municipality
Konakanametla,"Konakanametla,Andhra Pradesh,India",Municipality
Rentachintala,"Rentachintala,Andhra Pradesh,India",Municipality
Shohela,"Shohela,Odisha,India",Municipality
Angara,"Angara,Jharkhand,India",Municipality
Marwahi,"Marwahi,Chhattisgarh,India",Municipality
Prantij,"Prantij,Gujarat,India",Municipality
Pathardi,"Pathardi,Maharashtra,India",Municipality
Bargur,"Bargur,Tamil Nadu,India",Municipality
Umarkot,"Umarkot,Odisha,India",Municipality
Bargaon,"Bargaon,Rajasthan,India",Municipality
Armori,"Armori,Maharashtra,India",Municipality
Peddapudi,"Peddapudi,Andhra Pradesh,India",Municipality
Chebrolu,"Chebrolu,Andhra Pradesh,India",Municipality
Karunagapalli,"Karunagapalli,Kerala,India",Municipality
Madhuban,"Madhuban,Uttar Pradesh,India",Municipality
Ponnuru,"Ponnuru,Andhra Pradesh,India",Municipality
Mahnar,"Mahnar,Bihar,India",Municipality
Shivpuri,"Shivpuri,Madhya Pradesh,India",Municipality
Balangir,"Balangir,Odisha,India",Municipality
Tamiya,"Tamiya,Madhya Pradesh,India",Municipality
Sardulgarh,"Sardulgarh,Punjab,India",Municipality
Rohru,"Rohru,Himachal Pradesh,India",Municipality
Nainpur,"Nainpur,Madhya Pradesh,India",Municipality
Doma,"Doma,Telangana,India",Municipality
Pali,"Pali,Chhattisgarh,India",Municipality
Chamorshi,"Chamorshi,Maharashtra,India",Municipality
Dudhnai Circle,"Dudhnai Circle,Assam,India",Municipality
Dahod,"Dahod,Gujarat,India",Municipality
Chandrapura,"Chandrapura,Jharkhand,India",Municipality
Wazirpur,"Wazirpur,Rajasthan,India",Municipality
Podalakur,"Podalakur,Andhra Pradesh,India",Municipality
Fatehabad,"Fatehabad,Uttar Pradesh,India",Municipality
Iritty,"Iritty,Kerala,India",Municipality
Kunavaram,"Kunavaram,Andhra Pradesh,India",Municipality
Pedda Mudium,"Pedda Mudium,Andhra Pradesh,India",Municipality
Kharsawan,"Kharsawan,Jharkhand,India",Municipality
Badachana,"Badachana,Odisha,India",Municipality
Unchahra,"Unchahra,Madhya Pradesh,India",Municipality
Punalur,"Punalur,Kerala,India",Municipality
Kattakkada,"Kattakkada,Kerala,India",Municipality
Shiv,"Shiv,Rajasthan,India",Municipality
Chawngte,"Chawngte,Mizoram,India",Municipality
Baruipur,"Baruipur,West Bengal,India",Municipality
Parvatsar,"Parvatsar,Rajasthan,India",Municipality
Santir Bazar,"Santir Bazar,Tripura,India",Municipality
Israna,"Israna,Haryana,India",Municipality
Bokakhat Circle,"Bokakhat Circle,Assam,India",Municipality
Noksen,"Noksen,Nagaland,India",Municipality
Daman,"Daman,Dadra and Nagar Haveli and Daman and Diu,India",Municipality
Rehli,"Rehli,Madhya Pradesh,India",Municipality
Villianur,"Villianur,Puducherry,India",Municipality
Kujanga,"Kujanga,Odisha,India",Municipality
Dambur Nagar Block,"Dambur Nagar Block,Tripura,India",Municipality
Patoda,"Patoda,Maharashtra,India",Municipality
Karkal,"Karkal,Karnataka,India",Municipality
Chekrayapeta,"Chekrayapeta,Andhra Pradesh,India",Municipality
Galividu,"Galividu,Andhra Pradesh,India",Municipality
Saharanpur,"Saharanpur,Uttar Pradesh,India",Municipality
Gadivemula,"Gadivemula,Andhra Pradesh,India",Municipality
Kotma,"Kotma,Shahdol Division,Madhya Pradesh,India",Municipality
Bholath,"Bholath,Punjab,India",Municipality
Garbor,"Garbor,Rajasthan,India",Municipality
Basavakalyan,"Basavakalyan,Karnataka,India",Municipality
Ukhrul North,"Ukhrul North,Manipur,India",Municipality
Banapur,"Banapur,Odisha,India",Municipality
Jangipur,"Jangipur,West Bengal,India",Municipality
Anandapuram,"Anandapuram,Andhra Pradesh,India",Municipality
Khundian,"Khundian,Himachal Pradesh,India",Municipality
Gollaprolu,"Gollaprolu,Andhra Pradesh,India",Municipality
Kushtagi,"Kushtagi,Karnataka,India",Municipality
Sabrum,"Sabrum,Tripura,India",Municipality
Mehnagar,"Mehnagar,Uttar Pradesh,India",Municipality
Khalilabad,"Khalilabad,Uttar Pradesh,India",Municipality
Subir,"Subir,Gujarat,India",Municipality
Thanesar,"Thanesar,Haryana,India",Municipality
Bidar,"Bidar,Karnataka,India",Municipality
Teliamura,"Teliamura,Tripura,India",Municipality
Yerravaripalem,"Yerravaripalem,Andhra Pradesh,India",Municipality
Gola,"Gola,Lucknow Division,Uttar Pradesh,India",Municipality
Koilkuntla,"Koilkuntla,Andhra Pradesh,India",Municipality
Gunupur,"Gunupur,Odisha,India",Municipality
Ali,"Ali,Odisha,India",Municipality
Alirajpur,"Alirajpur,Madhya Pradesh,India",Municipality
Khajni,"Khajni,Uttar Pradesh,India",Municipality
Periyakulam,"Periyakulam,Tamil Nadu,India",Municipality
Washim,"Washim,Maharashtra,India",Municipality
Marripudi,"Marripudi,Andhra Pradesh,India",Municipality
Barshi,"Barshi,Amravati Division,Maharashtra,India",Municipality
Anuppur,"Anuppur,Madhya Pradesh,India",Municipality
Tantoti,"Tantoti,Rajasthan,India",Municipality
Itkhori,"Itkhori,Jharkhand,India",Municipality
Koppal,"Koppal,Karnataka,India",Municipality
Kinwat,"Kinwat,Maharashtra,India",Municipality
Ottapidaram,"Ottapidaram,Tamil Nadu,India",Municipality
Virullapadu,"Virullapadu,Andhra Pradesh,India",Municipality
Anup Shahr,"Anup Shahr,Uttar Pradesh,India",Municipality
Bhalki,"Bhalki,Karnataka,India",Municipality
Khed,"Khed,Pune Division,Maharashtra,India",Municipality
Siddhavattam,"Siddhavattam,Andhra Pradesh,India",Municipality
Koyilandi,"Koyilandi,Kerala,India",Municipality
Manugur,"Manugur,Telangana,India",Municipality
Longtharai Valley,"Longtharai Valley,Tripura,India",Municipality
Ichhawar,"Ichhawar,Madhya Pradesh,India",Municipality
Mudhole,"Mudhole,Telangana,India",Municipality
Jaswantpura,"Jaswantpura,Rajasthan,India",Municipality
Bodinayakkanur,"Bodinayakkanur,Tamil Nadu,India",Municipality
Wadasa,"Wadasa,Maharashtra,India",Municipality
Talala,"Talala,Gujarat,India",Municipality
Bhanpura,"Bhanpura,Madhya Pradesh,India",Municipality
Tingkhong Circle,"Tingkhong Circle,Assam,India",Municipality
Jagadhri,"Jagadhri,Haryana,India",Municipality
Senha,"Senha,Jharkhand,India",Municipality
Belona,"Belona,Tripura,India",Municipality
Chandrasekharapuram,"Chandrasekharapuram,Andhra Pradesh,India",Municipality
Mogullapalli,"Mogullapalli,Telangana,India",Municipality
Rompicherla,"Rompicherla,Andhra Pradesh,India",Municipality
Modakurichi,"Modakurichi,Tamil Nadu,India",Municipality
Jora,"Jora,Madhya Pradesh,India",Municipality
Chiplun,"Chiplun,Maharashtra,India",Municipality
Jath,"Jath,Maharashtra,India",Municipality
Chanasma,"Chanasma,Gujarat,India",Municipality
Masalia,"Masalia,Jharkhand,India",Municipality
Andipatti,"Andipatti,Tamil Nadu,India",Municipality
Tisri,"Tisri,Jharkhand,India",Municipality
Narasannapeta,"Narasannapeta,Andhra Pradesh,India",Municipality
Mulug,"Mulug,Telangana,India",Municipality
Mohmadi,"Mohmadi,Uttar Pradesh,India",Municipality
Shankarampet,"Shankarampet,Telangana,India",Municipality
Giddarbaha,"Giddarbaha,Punjab,India",Municipality
Marturu,"Marturu,Andhra Pradesh,India",Municipality
Doultabad,"Doultabad,Telangana,India",Municipality
Sagbara,"Sagbara,Gujarat,India",Municipality
Basoda,"Basoda,Madhya Pradesh,India",Municipality
Thanlon,"Thanlon,Manipur,India",Municipality
Dhanaura,"Dhanaura,Uttar Pradesh,India",Municipality
Maripeda,"Maripeda,Telangana,India",Municipality
Batauli,"Batauli,Chhattisgarh,India",Municipality
Rajouri Garden,"Rajouri Garden,Delhi,India",Municipality
Rajula,"Rajula,Gujarat,India",Municipality
Defence Colony,"Defence Colony,Delhi,India",Municipality
Banswara,"Banswara,Rajasthan,India",Municipality
Manoharpur,"Manoharpur,Jharkhand,India",Municipality
Vijaypur,"Vijaypur,Madhya Pradesh,India",Municipality
Ghanuri,"Ghanuri,Himachal Pradesh,India",Municipality
Kaikalur,"Kaikalur,Andhra Pradesh,India",Municipality
Bagepalli,"Bagepalli,Karnataka,India",Municipality
Deogarh,"Deogarh,Odisha,India",Municipality
Sattupalli,"Sattupalli,Telangana,India",Municipality
Indi,"Indi,Karnataka,India",Municipality
Konaraopet,"Konaraopet,Telangana,India",Municipality
Khatima,"Khatima,Uttarakhand,India",Municipality
Salem South,"Salem South,Tamil Nadu,India",Municipality
Pali,"Pali,Rajasthan,India",Municipality
Nallampalli,"Nallampalli,Tamil Nadu,India",Municipality
Narsimlapet,"Narsimlapet,Telangana,India",Municipality
Bukkapatnam,"Bukkapatnam,Andhra Pradesh,India",Municipality
Tallada,"Tallada,Telangana,India",Municipality
Antagarh,"Antagarh,Chhattisgarh,India",Municipality
Dadri,"Dadri,Uttar Pradesh,India",Municipality
Digras,"Digras,Maharashtra,India",Municipality
Kherwara,"Kherwara,Rajasthan,India",Municipality
Motihari,"Motihari,Bihar,India",Municipality
Avadi,"Avadi,Tamil Nadu,India",Municipality
Mahur,"Mahur,Maharashtra,India",Municipality
Saifai,"Saifai,Uttar Pradesh,India",Municipality
Purwa,"Purwa,Uttar Pradesh,India",Municipality
Latehar,"Latehar,Jharkhand,India",Municipality
Tantnagar,"Tantnagar,Jharkhand,India",Municipality
Movva,"Movva,Andhra Pradesh,India",Municipality
Sanjamala,"Sanjamala,Andhra Pradesh,India",Municipality
Bishnupur,"Bishnupur,West Bengal,India",Municipality
Wer,"Wer,Rajasthan,India",Municipality
Sipajhar,"Sipajhar,Assam,India",Municipality
Gadag,"Gadag,Karnataka,India",Municipality
Fatehpur,"Fatehpur,Prayagraj Division,Uttar Pradesh,India",Municipality
Dausa,"Dausa,Rajasthan,India",Municipality
Asandh,"Asandh,Haryana,India",Municipality
Cherial,"Cherial,Telangana,India",Municipality
Dharur,"Dharur,Telangana,India",Municipality
Baghmara-Cum-Katras,"Baghmara-Cum-Katras,Jharkhand,India",Municipality
Deglur,"Deglur,Maharashtra,India",Municipality
Pithora,"Pithora,Chhattisgarh,India",Municipality
Narasaraopet,"Narasaraopet,Andhra Pradesh,India",Municipality
Jainur,"Jainur,Telangana,India",Municipality
Piploda,"Piploda,Madhya Pradesh,India",Municipality
Kulkacharla,"Kulkacharla,Telangana,India",Municipality
Dada Siba,"Dada Siba,Himachal Pradesh,India",Municipality
Dhamnagar,"Dhamnagar,Odisha,India",Municipality
Chikhli,"Chikhli,Maharashtra,India",Municipality
Balesar,"Balesar,Rajasthan,India",Municipality
Malikipuram,"Malikipuram,Andhra Pradesh,India",Municipality
Khanapur,"Khanapur,Maharashtra,India",Municipality
Malasisar,"Malasisar,Rajasthan,India",Municipality
Thenzawl,"Thenzawl,Mizoram,India",Municipality
Ganaur,"Ganaur,Haryana,India",Municipality
Pichhor,"Pichhor,Madhya Pradesh,India",Municipality
Kasganj,"Kasganj,Uttar Pradesh,India",Municipality
Kataram,"Kataram,Telangana,India",Municipality
Ramnagar,"Ramnagar,Uttarakhand,India",Municipality
Palia Kalan,"Palia Kalan,Uttar Pradesh,India",Municipality
Vaddepalli,"Vaddepalli,Telangana,India",Municipality
Talavanchi Narasapuram,"Talavanchi Narasapuram,Andhra Pradesh,India",Municipality
Savalyapuram,"Savalyapuram,Andhra Pradesh,India",Municipality
Ghoghamba,"Ghoghamba,Gujarat,India",Municipality
Singampunari,"Singampunari,Tamil Nadu,India",Municipality
Saoner,"Saoner,Maharashtra,India",Municipality
Kahalgaon,"Kahalgaon,Bihar,India",Municipality
Hangal,"Hangal,Karnataka,India",Municipality
Saraipali,"Saraipali,Chhattisgarh,India",Municipality
Barihat,"Barihat,Jharkhand,India",Municipality
Ranikhet,"Ranikhet,Uttarakhand,India",Municipality
Erpedu,"Erpedu,Andhra Pradesh,India",Municipality
Krosur,"Krosur,Andhra Pradesh,India",Municipality
Kannad,"Kannad,Maharashtra,India",Municipality
Tiryani,"Tiryani,Telangana,India",Municipality
Tirukkalukkunram,"Tirukkalukkunram,Tamil Nadu,India",Municipality
Ipuru,"Ipuru,Andhra Pradesh,India",Municipality
Pamidi,"Pamidi,Andhra Pradesh,India",Municipality
Mohanpur,"Mohanpur,Tripura,India",Municipality
Bhimadolu,"Bhimadolu,Andhra Pradesh,India",Municipality
Chandwara,"Chandwara,Palamu Division,Jharkhand,India",Municipality
Perintalmanna,"Perintalmanna,Kerala,India",Municipality
Ratangarh,"Ratangarh,Rajasthan,India",Municipality
Chennur,"Chennur,Andhra Pradesh,India",Municipality
Rampur Maniharran,"Rampur Maniharran,Uttar Pradesh,India",Municipality
Dakkili,"Dakkili,Andhra Pradesh,India",Municipality
Sihora,"Sihora,Madhya Pradesh,India",Municipality
Khachrod,"Khachrod,Madhya Pradesh,India",Municipality
Mainpur,"Mainpur,Raipur Division,Chhattisgarh,India",Municipality
Phuliya Kalan,"Phuliya Kalan,Rajasthan,India",Municipality
Tuni,"Tuni,Andhra Pradesh,India",Municipality
Tanur,"Tanur,Telangana,India",Municipality
Kodaikkanal,"Kodaikkanal,Tamil Nadu,India",Municipality
Samaguri Circle,"Samaguri Circle,Assam,India",Municipality
Loha,"Loha,Maharashtra,India",Municipality
Karwi,"Karwi,Uttar Pradesh,India",Municipality
Dharmapuri,"Dharmapuri,Telangana,India",Municipality
Denkanikota,"Denkanikota,Tamil Nadu,India",Municipality
Lachhmangarh,"Lachhmangarh,Rajasthan,India",Municipality
Kambhamvaripalle,"Kambhamvaripalle,Andhra Pradesh,India",Municipality
Tira Sujanpur,"Tira Sujanpur,Himachal Pradesh,India",Municipality
Chilkuru,"Chilkuru,Telangana,India",Municipality
Nagapattinam,"Nagapattinam,Tamil Nadu,India",Municipality
Dumbriguda,"Dumbriguda,Andhra Pradesh,India",Municipality
Kotdwar,"Kotdwar,Uttarakhand,India",Municipality
Tiruppur South,"Tiruppur South,Tamil Nadu,India",Municipality
Ghatiya,"Ghatiya,Madhya Pradesh,India",Municipality
Maihar,"Maihar,Madhya Pradesh,India",Municipality
Sattankulam,"Sattankulam,Tamil Nadu,India",Municipality
Parli-Vai,"Parli-Vai,Maharashtra,India",Municipality
Bhabhar,"Bhabhar,Gujarat,India",Municipality
Arantangi,"Arantangi,Tamil Nadu,India",Municipality
Baswa,"Baswa,Rajasthan,India",Municipality
Sirohi,"Sirohi,Rajasthan,India",Municipality
Korapana,"Korapana,Maharashtra,India",Municipality
Maudaha,"Maudaha,Uttar Pradesh,India",Municipality
Sadar,"Sadar,Tripura,India",Municipality
Athur,"Athur,Tamil Nadu,India",Municipality
Natrampalli,"Natrampalli,Tamil Nadu,India",Municipality
Usur,"Usur,Chhattisgarh,India",Municipality
Bijnapalli,"Bijnapalli,Telangana,India",Municipality
Chakia,"Chakia,Uttar Pradesh,India",Municipality
Thamballapalle,"Thamballapalle,Andhra Pradesh,India",Municipality
Bellampalli,"Bellampalli,Telangana,India",Municipality
Ramgarh,"Ramgarh,Rajasthan,India",Municipality
Purasaivakam,"Purasaivakam,Tamil Nadu,India",Municipality
Baliguda,"Baliguda,Odisha,India",Municipality
Nayudupeta,"Nayudupeta,Andhra Pradesh,India",Municipality
Kotwali,"Kotwali,Delhi,India",Municipality
Demow Circle,"Demow Circle,Assam,India",Municipality
Kishanganj,"Kishanganj,Bihar,India",Municipality
Atmakur,"Atmakur,Andhra Pradesh,India",Municipality
Pindra,"Pindra,Uttar Pradesh,India",Municipality
Pipar Shahr,"Pipar Shahr,Rajasthan,India",Municipality
Kundam,"Kundam,Madhya Pradesh,India",Municipality
Bansi,"Bansi,Uttar Pradesh,India",Municipality
Lohaghat,"Lohaghat,Uttarakhand,India",Municipality
Gangavati,"Gangavati,Karnataka,India",Municipality
Ichak,"Ichak,Jharkhand,India",Municipality
Penuganchiprolu,"Penuganchiprolu,Andhra Pradesh,India",Municipality
Dindori,"Dindori,Maharashtra,India",Municipality
Nakodar,"Nakodar,Punjab,India",Municipality
Narayanpet,"Narayanpet,Telangana,India",Municipality
Shauwadi,"Shauwadi,Maharashtra,India",Municipality
Sultan Battery,"Sultan Battery,Kerala,India",Municipality
Sohna,"Sohna,Haryana,India",Municipality
Pendurti,"Pendurti,Andhra Pradesh,India",Municipality
Haliyal,"Haliyal,Karnataka,India",Municipality
Dandepalli,"Dandepalli,Telangana,India",Municipality
Vuyyuru,"Vuyyuru,Andhra Pradesh,India",Municipality
Mukerian,"Mukerian,Punjab,India",Municipality
Vayalpad,"Vayalpad,Andhra Pradesh,India",Municipality
Barghat,"Barghat,Madhya Pradesh,India",Municipality
Bapulapadu,"Bapulapadu,Andhra Pradesh,India",Municipality
Basudebpur,"Basudebpur,Odisha,India",Municipality
Kalligudi,"Kalligudi,Tamil Nadu,India",Municipality
Dammapeta,"Dammapeta,Telangana,India",Municipality
Talupula,"Talupula,Andhra Pradesh,India",Municipality
Suratgarh,"Suratgarh,Rajasthan,India",Municipality
Rajampet,"Rajampet,Andhra Pradesh,India",Municipality
Raj Nandgaon,"Raj Nandgaon,Chhattisgarh,India",Municipality
Shikarpur,"Shikarpur,Karnataka,India",Municipality
Peddapadu,"Peddapadu,Andhra Pradesh,India",Municipality
Narsapur,"Narsapur,Telangana,India",Municipality
Bali,"Bali,Rajasthan,India",Municipality
Gohana,"Gohana,Haryana,India",Municipality
Abdasa,"Abdasa,Gujarat,India",Municipality
Egmore,"Egmore,Tamil Nadu,India",Municipality
Malhargarh,"Malhargarh,Madhya Pradesh,India",Municipality
Bhachau,"Bhachau,Gujarat,India",Municipality
Digod,"Digod,Rajasthan,India",Municipality
Sankari,"Sankari,Tamil Nadu,India",Municipality
Junnar,"Junnar,Maharashtra,India",Municipality
Himayatn,"Himayatn,Maharashtra,India",Municipality
Pernambut,"Pernambut,Tamil Nadu,India",Municipality
Arjunimorgaon,"Arjunimorgaon,Maharashtra,India",Municipality
Chauthan,"Chauthan,Rajasthan,India",Municipality
Nagar,"Nagar,Maharashtra,India",Municipality
Bengaluru South,"Bengaluru South,Karnataka,India",Municipality
Kuchinda,"Kuchinda,Odisha,India",Municipality
Behat,"Behat,Uttar Pradesh,India",Municipality
Kaddam,"Kaddam,Telangana,India",Municipality
Veludurti,"Veludurti,Andhra Pradesh,India",Municipality
Jajapur,"Jajapur,Odisha,India",Municipality
Karvetnagar,"Karvetnagar,Andhra Pradesh,India",Municipality
Mahagama,"Mahagama,Jharkhand,India",Municipality
Kalayat,"Kalayat,Haryana,India",Municipality
Purnia,"Purnia,Bihar,India",Municipality
Ambarnath,"Ambarnath,Maharashtra,India",Municipality
Odela,"Odela,Telangana,India",Municipality
Renuka,"Renuka,Himachal Pradesh,India",Municipality
Kolebira,"Kolebira,Jharkhand,India",Municipality
Zalod,"Zalod,Gujarat,India",Municipality
Peddapanjani,"Peddapanjani,Andhra Pradesh,India",Municipality
Sukinda,"Sukinda,Odisha,India",Municipality
Mahoba,"Mahoba,Uttar Pradesh,India",Municipality
Hingna,"Hingna,Maharashtra,India",Municipality
Ramadugu,"Ramadugu,Telangana,India",Municipality
Rudauli,"Rudauli,Uttar Pradesh,India",Municipality
Birirhi,"Birirhi,Odisha,India",Municipality
Munchingipattu,"Munchingipattu,Andhra Pradesh,India",Municipality
Paramakkudi,"Paramakkudi,Tamil Nadu,India",Municipality
Goharganj,"Goharganj,Madhya Pradesh,India",Municipality
Shollinganallur,"Shollinganallur,Tamil Nadu,India",Municipality
Thakurmunda,"Thakurmunda,Odisha,India",Municipality
Bhatili,"Bhatili,Odisha,India",Municipality
Phalodi,"Phalodi,Rajasthan,India",Municipality
Bhadohi,"Bhadohi,Uttar Pradesh,India",Municipality
Udayagiri,"Udayagiri,Andhra Pradesh,India",Municipality
Bighapur,"Bighapur,Uttar Pradesh,India",Municipality
Manpur,"Manpur,Madhya Pradesh,India",Municipality
Jonai,"Jonai,Assam,India",Municipality
Kintada Kotopadu,"Kintada Kotopadu,Andhra Pradesh,India",Municipality
Fazilka,"Fazilka,Punjab,India",Municipality
Sahibganj,"Sahibganj,Jharkhand,India",Municipality
Machavaram,"Machavaram,Andhra Pradesh,India",Municipality
Mahasi,"Mahasi,Uttar Pradesh,India",Municipality
Pendra Road,"Pendra Road,Chhattisgarh,India",Municipality
Baudh (Bauda),"Baudh (Bauda),Odisha,India",Municipality
Telkapalli,"Telkapalli,Telangana,India",Municipality
Moteh,"Moteh,Telangana,India",Municipality
Govindgarh,"Govindgarh,Rajasthan,India",Municipality
Chatargarh,"Chatargarh,Rajasthan,India",Municipality
Kanagallu,"Kanagallu,Telangana,India",Municipality
Nagrota Bagwan,"Nagrota Bagwan,Himachal Pradesh,India",Municipality
Mangalore,"Mangalore,Karnataka,India",Municipality
Arakalgud,"Arakalgud,Karnataka,India",Municipality
Paranda,"Paranda,Maharashtra,India",Municipality
Bidasar,"Bidasar,Rajasthan,India",Municipality
Tadepalligudem,"Tadepalligudem,Andhra Pradesh,India",Municipality
Lakhanpur,"Lakhanpur,Chhattisgarh,India",Municipality
Pattanapuram,"Pattanapuram,Kerala,India",Municipality
Sengaon,"Sengaon,Maharashtra,India",Municipality
Ankola,"Ankola,Karnataka,India",Municipality
Tupang,"Tupang,Mizoram,India",Municipality
Porsa,"Porsa,Madhya Pradesh,India",Municipality
Araku Valley,"Araku Valley,Andhra Pradesh,India",Municipality
Rupwas,"Rupwas,Rajasthan,India",Municipality
Piparia,"Piparia,Madhya Pradesh,India",Municipality
Krishnarayapuram,"Krishnarayapuram,Tamil Nadu,India",Municipality
Upleta,"Upleta,Gujarat,India",Municipality
Nathusiri Chopta,"Nathusiri Chopta,Haryana,India",Municipality
Bhitarwar,"Bhitarwar,Madhya Pradesh,India",Municipality
Kersai,"Kersai,Jharkhand,India",Municipality
Atchampet,"Atchampet,Andhra Pradesh,India",Municipality
Rolla,"Rolla,Andhra Pradesh,India",Municipality
Jiyyammavalasa,"Jiyyammavalasa,Andhra Pradesh,India",Municipality
Thikri,"Thikri,Madhya Pradesh,India",Municipality
Loundi,"Loundi,Madhya Pradesh,India",Municipality
Bikkavolu,"Bikkavolu,Andhra Pradesh,India",Municipality
Jalaun,"Jalaun,Uttar Pradesh,India",Municipality
Ramgarh,"Ramgarh,Santhal Pargana Division,Jharkhand,India",Municipality
Manpur,"Manpur,Chhattisgarh,India",Municipality
Bhinga,"Bhinga,Uttar Pradesh,India",Municipality
Thirthahalli,"Thirthahalli,Karnataka,India",Municipality
Vivek Vihar,"Vivek Vihar,Delhi,India",Municipality
Burhanpur,"Burhanpur,Madhya Pradesh,India",Municipality
Brahmamgari Matham,"Brahmamgari Matham,Andhra Pradesh,India",Municipality
Hodal,"Hodal,Haryana,India",Municipality
Katpadi,"Katpadi,Tamil Nadu,India",Municipality
Santamaguluru,"Santamaguluru,Andhra Pradesh,India",Municipality
Mirialguda,"Mirialguda,Telangana,India",Municipality
Ghurmwin,"Ghurmwin,Himachal Pradesh,India",Municipality
Gande,"Gande,Jharkhand,India",Municipality
Pedakurapadu,"Pedakurapadu,Andhra Pradesh,India",Municipality
Diu,"Diu,Dadra and Nagar Haveli and Daman and Diu,India",Municipality
Benipatti,"Benipatti,Bihar,India",Municipality
Buhana,"Buhana,Rajasthan,India",Municipality
Duggirala,"Duggirala,Andhra Pradesh,India",Municipality
Bansjor,"Bansjor,Jharkhand,India",Municipality
Bangarupalem,"Bangarupalem,Andhra Pradesh,India",Municipality
Sodam,"Sodam,Andhra Pradesh,India",Municipality
Chiknayakanhalli,"Chiknayakanhalli,Karnataka,India",Municipality
Chidikada,"Chidikada,Andhra Pradesh,India",Municipality
Mahesana,"Mahesana,Gujarat,India",Municipality
Jhinkpani,"Jhinkpani,Jharkhand,India",Municipality
Jaisinghnagar,"Jaisinghnagar,Madhya Pradesh,India",Municipality
Pandalur,"Pandalur,Tamil Nadu,India",Municipality
Basavana Bagevadi,"Basavana Bagevadi,Karnataka,India",Municipality
Nawalgarh,"Nawalgarh,Rajasthan,India",Municipality
Chegunta,"Chegunta,Telangana,India",Municipality
Payakaraopeta,"Payakaraopeta,Andhra Pradesh,India",Municipality
Jasrana,"Jasrana,Uttar Pradesh,India",Municipality
Perur,"Perur,Tamil Nadu,India",Municipality
Belagavi,"Belagavi,Karnataka,India",Municipality
Paonta Sahib,"Paonta Sahib,Himachal Pradesh,India",Municipality
Chhibramau,"Chhibramau,Uttar Pradesh,India",Municipality
Vadipatti,"Vadipatti,Tamil Nadu,India",Municipality
Dagadarti,"Dagadarti,Andhra Pradesh,India",Municipality
Boram,"Boram,Jharkhand,India",Municipality
Dumduma Circle,"Dumduma Circle,Assam,India",Municipality
Ravikamatam,"Ravikamatam,Andhra Pradesh,India",Municipality
Pudukkottai,"Pudukkottai,Tamil Nadu,India",Municipality
Rampur Nekin,"Rampur Nekin,Madhya Pradesh,India",Municipality
Alur,"Alur,Andhra Pradesh,India",Municipality
Koyyuru,"Koyyuru,Andhra Pradesh,India",Municipality
Parseoni,"Parseoni,Maharashtra,India",Municipality
Tonk Khurd,"Tonk Khurd,Madhya Pradesh,India",Municipality
Sailu,"Sailu,Maharashtra,India",Municipality
Petlawad,"Petlawad,Madhya Pradesh,India",Municipality
Chachyot,"Chachyot,Himachal Pradesh,India",Municipality
Khair,"Khair,Uttar Pradesh,India",Municipality
Honavar,"Honavar,Karnataka,India",Municipality
Huzur,"Huzur,Bhopal Division,Madhya Pradesh,India",Municipality
Musafirkhana,"Musafirkhana,Uttar Pradesh,India",Municipality
Bhim,"Bhim,Rajasthan,India",Municipality
Barbhag Circle,"Barbhag Circle,Assam,India",Municipality
Rengali,"Rengali,Northern Division,Odisha,India",Municipality
Kerameri,"Kerameri,Telangana,India",Municipality
Birpur,"Birpur,Bihar,India",Municipality
Akividu,"Akividu,Andhra Pradesh,India",Municipality
Mandavalli,"Mandavalli,Andhra Pradesh,India",Municipality
Dalhousie,"Dalhousie,Himachal Pradesh,India",Municipality
Yerraguntla,"Yerraguntla,Andhra Pradesh,India",Municipality
Samana,"Samana,Punjab,India",Municipality
Bhubaneshwar,"Bhubaneshwar,Odisha,India",Municipality
Seonimalwa,"Seonimalwa,Madhya Pradesh,India",Municipality
Talappalli,"Talappalli,Kerala,India",Municipality
Meza,"Meza,Uttar Pradesh,India",Municipality
Lawngtlai,"Lawngtlai,Mizoram,India",Municipality
Dhamtari,"Dhamtari,Chhattisgarh,India",Municipality
Gangdhar,"Gangdhar,Rajasthan,India",Municipality
Gopichettipalaiyam,"Gopichettipalaiyam,Tamil Nadu,India",Municipality
Chalisgao,"Chalisgao,Maharashtra,India",Municipality
Jangaon,"Jangaon,Telangana,India",Municipality
Kurud,"Kurud,Chhattisgarh,India",City
Narayanpur,"Narayanpur,Surguja Division,Chhattisgarh,India",City
Narayanpur,"Narayanpur,Assam,India",City
Narayanpur,"Narayanpur,Lower Assam Division,Assam,India",City
Narayanpur,"Narayanpur,Assam,India",City
Rajpur,"Rajpur,Meerut Division,Uttar Pradesh,India",City
Rajpur,"Rajpur,Saharanpur Division,Uttar Pradesh,India",City
Bodla,"Bodla,Haryana,India",City
Rajpur,"Rajpur,Haryana,India",City
Baloda,"Baloda,Rajasthan,India",City
Lakhanpur,"Lakhanpur,Himachal Pradesh,India",City
Premnagar,"Premnagar,Rajasthan,India",City
Arang,"Arang,Rajasthan,India",City
Basna,"Basna,Jodhpur Division,Rajasthan,India",City
Pratappur,"Pratappur,Gujarat,India",City
Lakhanpur,"Lakhanpur,Gujarat,India",City
Bodla,"Bodla,Madhya Pradesh,India",City
Baloda,"Baloda,Indore Division,Madhya Pradesh,India",City
Narayanpur,"Narayanpur,Indore Division,Madhya Pradesh,India",City
Bijapur,"Bijapur,Madhya Pradesh,India",City
Baloda,"Baloda,Ujjain Division,Madhya Pradesh,India",City
Pithora,"Pithora,Madhya Pradesh,India",City
Baloda,"Baloda,Indore Division,Madhya Pradesh,India",City
Berla,"Berla,Kota Division,Rajasthan,India",City
Rajpur,"Rajpur,Bhopal Division,Madhya Pradesh,India",City
Baloda,"Baloda,Ujjain Division,Madhya Pradesh,India",City
Bodla,"Bodla,Rajasthan,India",City
Nagri,"Nagri,Rajasthan,India",City
Palari,"Palari,Rajasthan,India",City
Lakhanpur,"Lakhanpur,Bharatpur Division,Rajasthan,India",City
Narayanpur,"Narayanpur,Kota Division,Rajasthan,India",City
Balod,"Balod,Rajasthan,India",City
Palari,"Palari,Chambal Division,Madhya Pradesh,India",City
Narayanpur,"Narayanpur,Bharatpur Division,Rajasthan,India",City
Lakhanpur,"Lakhanpur,Rajasthan,India",City
Mainpur,"Mainpur,Rajasthan,India",City
Balrampur,"Balrampur,Agra Division,Uttar Pradesh,India",City
Lakhanpur,"Lakhanpur,Bharatpur Division,Rajasthan,India",City
Kartala,"Kartala,Uttar Pradesh,India",City
Lakhanpur,"Lakhanpur,Bareilly Division,Uttar Pradesh,India",City
Narayanpur,"Narayanpur,Agra Division,Uttar Pradesh,India",City
Dabhra,"Dabhra,Madhya Pradesh,India",City
Rajpur,"Rajpur,Gwalior Division,Madhya Pradesh,India",City
Orchha,"Orchha,Madhya Pradesh,India",City
Nagri,"Nagri,Sagar Division,Madhya Pradesh,India",City
Rajpur,"Rajpur,Bhopal Division,Madhya Pradesh,India",City
Lakhanpur,"Lakhanpur,Madhya Pradesh,India",City
Pathariya,"Pathariya,Bhopal Division,Madhya Pradesh,India",City
Balrampur,"Balrampur,Bhopal Division,Madhya Pradesh,India",City
Pathariya,"Pathariya,Gwalior Division,Madhya Pradesh,India",City
Balrampur,"Balrampur,Madhya Pradesh,India",City
Nagri,"Nagri,Bhopal Division,Madhya Pradesh,India",City
Manora,"Manora,Ujjain Division,Madhya Pradesh,India",City
Lakhanpur,"Lakhanpur,Narmadapuram Division,Madhya Pradesh,India",City
Manora,"Manora,Bhopal Division,Madhya Pradesh,India",City
Lakhanpur,"Lakhanpur,Bhopal Division,Madhya Pradesh,India",City
Narayanpur,"Narayanpur,Bhopal Division,Madhya Pradesh,India",City
Narayanpur,"Narayanpur,Madhya Pradesh,India",City
Nagri,"Nagri,Madhya Pradesh,India",City
Palari,"Palari,Jabalpur Division,Madhya Pradesh,India",City
Pratappur,"Pratappur,Madhya Pradesh,India",City
Narayanpur,"Narayanpur,Jabalpur Division,Madhya Pradesh,India",City
Chhuriya,"Chhuriya,Madhya Pradesh,India",City
Bilha,"Bilha,Jabalpur Division,Madhya Pradesh,India",City
Pathariya,"Pathariya,Jabalpur Division,Madhya Pradesh,India",City
Bilha,"Bilha,Sagar Division,Madhya Pradesh,India",City
Rajpur,"Rajpur,Madhya Pradesh,India",City
Bilha,"Bilha,Madhya Pradesh,India",City
Pathariya,"Pathariya,Sagar Division,Madhya Pradesh,India",City
Narharpur,"Narharpur,Madhya Pradesh,India",City
Narayanpur,"Narayanpur,Rewa Division,Madhya Pradesh,India",City
Bilha,"Bilha,Madhya Pradesh,India",City
Lakhanpur,"Lakhanpur,Uttar Pradesh,India",City
Pratappur,"Pratappur,Uttar Pradesh,India",City
Lakhanpur,"Lakhanpur,Shahdol Division,Madhya Pradesh,India",City
Lakhanpur,"Lakhanpur,Shahdol Division,Madhya Pradesh,India",City
Nawagarh,"Nawagarh,Jharkhand,India",City
Narayanpur,"Narayanpur,Palamu Division,Jharkhand,India",City
Nagri,"Nagri,Palamu Division,Jharkhand,India",City
Champa,"Champa,Jharkhand,India",City
Pratappur,"Pratappur,Palamu Division,Jharkhand,India",City
Kanker,"Kanker,Bihar,India",City
Arang,"Arang,Bihar,India",City
Narayanpur,"Narayanpur,Varanasi Division,Uttar Pradesh,India",City
Rajpur,"Rajpur,Uttar Pradesh,India",City
Mainpur,"Mainpur,Uttar Pradesh,India",City
Narayanpur,"Narayanpur,Devipatan Division,Uttar Pradesh,India",City
Balrampur,"Balrampur,Uttar Pradesh,India",City
Narharpur,"Narharpur,Uttar Pradesh,India",City
Lakhanpur,"Lakhanpur,Chitrakoot Division,Uttar Pradesh,India",City
Narayanpur,"Narayanpur,Chitrakoot Division,Uttar Pradesh,India",City
Narayanpur,"Narayanpur,Lucknow Division,Uttar Pradesh,India",City
Bilha,"Bilha,Uttar Pradesh,India",City
Pratappur,"Pratappur,Uttarakhand,India",City
Baikunthpur,"Baikunthpur,Uttarakhand,India",City
Narayanpur,"Narayanpur,Malda Division,West Bengal,India",City
Narayanpur,"Narayanpur,Tirhut Division,Bihar,India",City
Narayanpur,"Narayanpur,Darbhanga Division,Bihar,India",City
Narayanpur,"Narayanpur,Bihar,India",City
Dabhra,"Dabhra,Bihar,India",City
Lakhanpur,"Lakhanpur,Jharkhand,India",City
Pratappur,"Pratappur,Bihar,India",City
Nagri,"Nagri,North Chotanagpur Division,Jharkhand,India",City
Nagri,"Nagri,North Chotanagpur Division,Jharkhand,India",City
Narayanpur,"Narayanpur,Jharkhand,India",City
Balrampur,"Balrampur,Jharkhand,India",City
Nawagarh,"Nawagarh,Jharkhand,India",City
Nagri,"Nagri,South Chotanagpur Division,Jharkhand,India",City
Narayanpur,"Narayanpur,Medinipur Division,West Bengal,India",City
Nagri,"Nagri,West Bengal,India",City
Pratappur,"Pratappur,West Bengal,India",City
Lakhanpur,"Lakhanpur,Bihar,India",City
Narayanpur,"Narayanpur,West Bengal,India",City
Narayanpur,"Narayanpur,Presidency Division,West Bengal,India",City
Narayanpur,"Narayanpur,Presidency Division,West Bengal,India",City
Pratappur,"Pratappur,Central Division,Odisha,India",City
Rajpur,"Rajpur,Central Division,Odisha,India",City
Narayanpur,"Narayanpur,Odisha,India",City
Rajpur,"Rajpur,Odisha,India",City
Rajpur,"Rajpur,West Bengal,India",City
Rajpur,"Rajpur,Southern Division,Odisha,India",City
Pratappur,"Pratappur,Northern Division,Odisha,India",City
Pratappur,"Pratappur,Odisha,India",City
Lormi,"Lormi,Madhya Pradesh,India",City
Palari,"Palari,Madhya Pradesh,India",City
Manora,"Manora,Nagpur Division,Maharashtra,India",City
Bijapur,"Bijapur,Maharashtra,India",City
Kurud,"Kurud,Maharashtra,India",City
Manora,"Manora,Nagpur Division,Maharashtra,India",City
Rajpur,"Rajpur,Odisha,India",City
Lakhanpur,"Lakhanpur,Southern Division,Odisha,India",City
Bijapur,"Bijapur,Odisha,India",City
Narayanpur,"Narayanpur,Southern Division,Odisha,India",City
Gurur,"Gurur,Karnataka,India",City
Kartala,"Kartala,Maharashtra,India",City
Manora,"Manora,Amravati Division,Maharashtra,India",City
Manora,"Manora,Maharashtra,India",City
Manora,"Manora,Maharashtra,India",City
Narayanpur,"Narayanpur,Amravati Division,Maharashtra,India",City
Narayanpur,"Narayanpur,Maharashtra,India",City
Lakhanpur,"Lakhanpur,Madhya Pradesh,India",City
Balrampur,"Balrampur,Indore Division,Madhya Pradesh,India",City
Bijapur,"Bijapur,Madhya Pradesh,India",City
Narayanpur,"Narayanpur,Aurangabad Division,Maharashtra,India",City
Pratappur,"Pratappur,Aurangabad Division,Maharashtra,India",City
Narayanpur,"Narayanpur,Maharashtra,India",City
Rajpur,"Rajpur,Maharashtra,India",City
Pratappur,"Pratappur,Nashik Division,Maharashtra,India",City
Abhanpur,"Abhanpur,Maharashtra,India",City
Jagdishpur,"Jagdishpur,Darbhanga Division,Bihar,India",City
Anuppur,"Anuppur,Anuppur,Madhya Pradesh,India",City
Kurpania,"Kurpania,Jharkhand,India",City
Benipur,"Benipur,Prayagraj Division,Uttar Pradesh,India",City
Basar,"Basar,Maharashtra,India",City
Mandu,"Mandu,Mandu,Jharkhand,India",City
Sonepur,"Sonepur,Odisha,India",City
Akot,"Akot,Nagpur Division,Maharashtra,India",City
Benipur,"Benipur,Meerut Division,Uttar Pradesh,India",City
Chatra,"Chatra,Chatra,Jharkhand,India",City
Achalpur,"Achalpur,Sagar Division,Madhya Pradesh,India",City
Mandla,"Mandla,Sagar Division,Madhya Pradesh,India",City
Patratu,"Patratu,South Chotanagpur Division,Jharkhand,India",City
Jaspur,"Jaspur,North Chotanagpur Division,Jharkhand,India",City
Balanagar,"Balanagar,Maharashtra,India",City
Jaspur,"Jaspur,Jharkhand,India",City
Rengali,"Rengali,Rengali,Odisha,India",City
Hanumat Kheda,"Hanumat Kheda,Gwalior Division,Madhya Pradesh,India",City
Panna,"Panna,Rewa Division,Madhya Pradesh,India",City
Jagdispur,"Jagdispur,Jharkhand,India",City
Joshimath,"Joshimath,Uttarakhand,India",City
Sirsi,"Sirsi,Rewa Division,Madhya Pradesh,India",City
Sirsi,"Sirsi,Chambal Division,Madhya Pradesh,India",City
Parasiya,"Parasiya,Jabalpur Division,Madhya Pradesh,India",City
Jeypore,"Jeypore,Odisha,India",City
Chandrapura,"Chandrapura,Sagar Division,Madhya Pradesh,India",City
Sohagpur,"Sohagpur,Raipur Division,Chhattisgarh,India",City
Maharajpur,"Maharajpur,Agra Division,Uttar Pradesh,India",City
Jagdishpur,"Jagdishpur,Lucknow Division,Uttar Pradesh,India",City
Shajapur,"Shajapur,Shajapur,Madhya Pradesh,India",City
Devli,"Devli,Bhopal Division,Madhya Pradesh,India",City
Wani,"Wani,Wani,Maharashtra,India",City
Sonapur,"Sonapur,Nagpur Division,Maharashtra,India",City
Sohagpur,"Sohagpur,Madhya Pradesh,India",City
Rajgir,"Rajgir,Himachal Pradesh,India",City
Samana,"Samana,Odisha,India",City
Chandrapura,"Chandrapura,Ujjain Division,Madhya Pradesh,India",City
Parasia,"Parasia,Jharkhand,India",City
Parasiya,"Parasiya,Sagar Division,Madhya Pradesh,India",City
Samana,"Samana,Samana,Punjab,India",City
Chandrapura,"Chandrapura,Chandrapura,Jharkhand,India",City
Samana,"Samana,Madhya Pradesh,India",City
Jamtara,"Jamtara,North Chotanagpur Division,Jharkhand,India",City
Nahan,"Nahan,Nahan,Himachal Pradesh,India",City
Wani,"Wani,Maharashtra,India",City
Kollur,"Kollur,Bangalore Division,Karnataka,India",City
Achalpur,"Achalpur,Shahdol Division,Madhya Pradesh,India",City
Sirsi,"Sirsi,Jharkhand,India",City
Nagar,"Nagar,Odisha,India",City
Khalari,"Khalari,South Chotanagpur Division,Jharkhand,India",City
Chandrapura,"Chandrapura,Chambal Division,Madhya Pradesh,India",City
Raghogarh,"Raghogarh,Ujjain Division,Madhya Pradesh,India",City
Gandhinagar,"Gandhinagar,Aurangabad Division,Maharashtra,India",City
Singrauli,"Singrauli,Singrauli,Madhya Pradesh,India",City
Karanja,"Karanja,Amravati Division,Maharashtra,India",City
Gandhinagar,"Gandhinagar,Kalaburagi Division,Karnataka,India",City
Devli,"Devli,Ujjain Division,Madhya Pradesh,India",City
Jagdishpur,"Jagdishpur,Chhattisgarh,India",City
Sarsi,"Sarsi,Maharashtra,India",City
Anandapur,"Anandapur,Anandapur,Odisha,India",City
Basar,"Basar,Uttarakhand,India",City
Sarsi,"Sarsi,Ujjain Division,Madhya Pradesh,India",City
Basar,"Basar,Madhya Pradesh,India",City
Umred,"Umred,Umred,Maharashtra,India",City
Bagasara,"Bagasara,Bagasara,Gujarat,India",City
Nagari,"Nagari,Agra Division,Uttar Pradesh,India",City
Chitapur,"Chitapur,Karnataka,India",City
Bhainsa,"Bhainsa,Odisha,India",City
Chitapur,"Chitapur,Chhattisgarh,India",City
Barbil,"Barbil,Odisha,India",City
Nagari,"Nagari,Karnataka,India",City
Rajnagar,"Rajnagar,Presidency Division,West Bengal,India",City
Dholka,"Dholka,Madhya Pradesh,India",City
Khalari,"Khalari,Uttarakhand,India",City
Gandhinagar,"Gandhinagar,Belgaum Division,Karnataka,India",City
Balaghat,"Balaghat,Balaghat,Madhya Pradesh,India",City
Jagdishpur,"Jagdishpur,Patna Division,Bihar,India",City
Amalner,"Amalner,Amalner,Maharashtra,India",City
Gandhinagar,"Gandhinagar,Karnataka,India",City
Sonapur,"Sonapur,Bihar,India",City
Udhampur,"Udhampur,Bihar,India",City
Chatra,"Chatra,Santhal Pargana Division,Jharkhand,India",City
Jagdishpur,"Jagdishpur,Ayodhya Division,Uttar Pradesh,India",City
Devli,"Devli,Madhya Pradesh,India",City
Nagari,"Nagari,Kanpur Division,Uttar Pradesh,India",City
Ganjam,"Ganjam,Odisha,India",City
Jaspur,"Jaspur,Palamu Division,Jharkhand,India",City
Musahri,"Musahri,Bihar,India",City
Jagdispur,"Jagdispur,Darbhanga Division,Bihar,India",City
Jaspur,"Jaspur,Jaspur,Uttarakhand,India",City
Maharaj Pur,"Maharaj Pur,Madhya Pradesh,India",City
Sonapur,"Sonapur,Maharashtra,India",City
Ashoknagar,"Ashoknagar,West Bengal,India",City
Mandla,"Mandla,Indore Division,Madhya Pradesh,India",City
Karanja,"Karanja,Odisha,India",City
Kallur K,"Kallur K,Karnataka,India",City
Patratu,"Patratu,Palamu Division,Jharkhand,India",City
Attur,"Attur,Karnataka,India",City
Bisrampur,"Bisrampur,Bihar,India",City
Ashoknagar,"Ashoknagar,Karnataka,India",City
Panchla,"Panchla,West Bengal,India",City
Anandapur,"Anandapur,Jalpaiguri Division,West Bengal,India",City
Chandrapura,"Chandrapura,Madhya Pradesh,India",City
Sirsi,"Sirsi,Maharashtra,India",City
Hingni,"Hingni,Maharashtra,India",City
Teghra,"Teghra,Teghra,Bihar,India",City
Chandrapura,"Chandrapura,Ujjain Division,Madhya Pradesh,India",City
Nagaon,"Nagaon,Konkan Division,Maharashtra,India",City
Nagaon,"Nagaon,Nashik Division,Maharashtra,India",City
Rajgir,"Rajgir,Rajgir,Bihar,India",City
Sohagpur,"Sohagpur,Madhya Pradesh,India",City
Rayagada,"Rayagada,Odisha,India",City
Bhainsa,"Bhainsa,Jabalpur Division,Madhya Pradesh,India",City
Ghatshila,"Ghatshila,Jharkhand,India",City
Devsar,"Devsar,Gujarat,India",City
Parali,"Parali,Maharashtra,India",City
Parli,"Parli,Maharashtra,India",City
Burla,"Burla,Gujarat,India",City
Jaspur,"Jaspur,Bihar,India",City
Wani,"Wani,Nagpur Division,Maharashtra,India",City
Chatra,"Chatra,Uttarakhand,India",City
Nagaon,"Nagaon,Pune Division,Maharashtra,India",City
Parasia,"Parasia,Parasia,Madhya Pradesh,India",City
Bhainsa,"Bhainsa,Varanasi Division,Uttar Pradesh,India",City
Rajnagar,"Rajnagar,Medinipur Division,West Bengal,India",City
Baikunth Pur,"Baikunth Pur,Bihar,India",City
Bhainsa,"Bhainsa,Madhya Pradesh,India",City
Jairampur,"Jairampur,Lucknow Division,Uttar Pradesh,India",City
Hingna,"Hingna,Bihar,India",City
Dholi,"Dholi,Maharashtra,India",City
Sirsi,"Sirsi,Sagar Division,Madhya Pradesh,India",City
Musahari,"Musahari,Bihar,India",City
Kantabanji,"Kantabanji,Odisha,India",City
Rajnagar,"Rajnagar,Chhattisgarh,India",City
Barahiya,"Barahiya,Bihar,India",City
Sheikhpura,"Sheikhpura,Sheikhpura,Bihar,India",City
Pernem,"Pernem,Goa,India",City
Simdega,"Simdega,Odisha,India",City
Nagari,"Nagari,Uttar Pradesh,India",City
Mangrol,"Mangrol,Ujjain Division,Madhya Pradesh,India",City
Jamtara,"Jamtara,Jharkhand,India",City
Parasiya,"Parasiya,Jabalpur Division,Madhya Pradesh,India",City
Benipur,"Benipur,Uttar Pradesh,India",City
Jairampur,"Jairampur,Uttar Pradesh,India",City
Rajganj,"Rajganj,Bihar,India",City
Rajnagar,"Rajnagar,Ujjain Division,Madhya Pradesh,India",City
Karwar,"Karwar,Maharashtra,India",City
Raghogarh,"Raghogarh,Madhya Pradesh,India",City
Bisrampur,"Bisrampur,South Chotanagpur Division,Jharkhand,India",City
Rengali,"Rengali,Southern Division,Odisha,India",City
Shekhpura,"Shekhpura,Bihar,India",City
Jamui,"Jamui,Jamui,Bihar,India",City
Bishrampur,"Bishrampur,Madhya Pradesh,India",City
Sarsi,"Sarsi,Madhya Pradesh,India",City
Nagaon,"Nagaon,Maharashtra,India",City
Achalpur,"Achalpur,Aligarh Division,Uttar Pradesh,India",City
Amloh,"Amloh,Amloh,Punjab,India",City
Barbigha,"Barbigha,Bihar,India",City
Sonapur,"Sonapur,Maharashtra,India",City
Narsapur,"Narsapur,Amravati Division,Maharashtra,India",City
Mukundapuram,"Mukundapuram,Kerala,India",City
Sirsi,"Sirsi,Indore Division,Madhya Pradesh,India",City
Hanumat Kheda,"Hanumat Kheda,Indore Division,Madhya Pradesh,India",City
Devli,"Devli,Maharashtra,India",City
Gandhinagar,"Gandhinagar,Konkan Division,Maharashtra,India",City
Jagdishpur,"Jagdishpur,Purnia division,Bihar,India",City
Sonapur,"Sonapur,West Bengal,India",City
Bisrampur,"Bisrampur,Palamu Division,Jharkhand,India",City
Jayrampur,"Jayrampur,Odisha,India",City
Kallur B,"Kallur B,Karnataka,India",City
Khalari,"Khalari,Chhattisgarh,India",City
Jairampur,"Jairampur,Maharashtra,India",City
Chitarpur,"Chitarpur,South Chotanagpur Division,Jharkhand,India",City
Saidabad,"Saidabad,Uttar Pradesh,India",City
Venkatagiri,"Venkatagiri,Karnataka,India",City
Akot,"Akot,Maharashtra,India",City
Koriya,"Koriya,Madhya Pradesh,India",City
Maharajpur,"Maharajpur,Bareilly Division,Uttar Pradesh,India",City
Sarsi,"Sarsi,Haryana,India",City
Palasa,"Palasa,Gujarat,India",City
Anandapur,"Anandapur,Presidency Division,West Bengal,India",City
Jagadishpur,"Jagadishpur,West Bengal,India",City
Krishna,"Krishna,Maharashtra,India",City
Joshimath,"Joshimath,Uttarakhand,India",City
Bahadurpura,"Bahadurpura,Madhya Pradesh,India",City
Nagari,"Nagari,Jharkhand,India",City
Karwar,"Karwar,Karwar,Karnataka,India",City
Jagdish Pur,"Jagdish Pur,Kanpur Division,Uttar Pradesh,India",City
Keshod,"Keshod,Keshod,Gujarat,India",City
Jagdishpur,"Jagdishpur,Jharkhand,India",City
Dhar,"Dhar,Aurangabad Division,Maharashtra,India",City
Hingni,"Hingni,Maharashtra,India",City
Rajnagar,"Rajnagar,Sagar Division,Madhya Pradesh,India",City
Kotdwar,"Kotdwar,Kotdwar,Uttarakhand,India",City
Jagdishpur,"Jagdishpur,Madhya Pradesh,India",City
Indergarh,"Indergarh,Madhya Pradesh,India",City
Kotma,"Kotma,Kotma,Madhya Pradesh,India",City
Dagar,"Dagar,Madhya Pradesh,India",City
Narsapur,"Narsapur,Karnataka,India",City
Bhainsa,"Bhainsa,Meerut Division,Uttar Pradesh,India",City
Sonapur,"Sonapur,Pune Division,Maharashtra,India",City
Dholka,"Dholka,Gujarat,India",City
Amreli,"Amreli,Amreli,Gujarat,India",City
Jaspur,"Jaspur,Uttar Pradesh,India",City
Kathua,"Kathua,West Bengal,India",City
Rajgir,"Rajgir,Uttar Pradesh,India",City
Sundargarh,"Sundargarh,Sundargarh,Odisha,India",City
Mangrol,"Mangrol,Narmadapuram Division,Madhya Pradesh,India",City
Anandapur,"Anandapur,Southern Division,Odisha,India",City
Wani,"Wani,Konkan Division,Maharashtra,India",City
Jagdishpur,"Jagdishpur,Haryana,India",City
Rajnagar,"Rajnagar,West Bengal,India",City
Jagdishpur,"Jagdishpur,Lucknow Division,Uttar Pradesh,India",City
Kotma,"Kotma,Rewa Division,Madhya Pradesh,India",City
Chandrapura,"Chandrapura,Sagar Division,Madhya Pradesh,India",City
Kallur,"Kallur,Kalaburagi Division,Karnataka,India",City
Chitarpur,"Chitarpur,Palamu Division,Jharkhand,India",City
Jagdishpur,"Jagdishpur,Kanpur Division,Uttar Pradesh,India",City
Parali,"Parali,Kerala,India",City
Parasia,"Parasia,Madhya Pradesh,India",City
Washim,"Washim,Washim,Maharashtra,India",City
Sonapur,"Sonapur,Nagpur Division,Maharashtra,India",City
Sheikhpura,"Sheikhpura,Haryana,India",City
Patratu,"Patratu,North Chotanagpur Division,Jharkhand,India",City
Shajapur,"Shajapur,Gwalior Division,Madhya Pradesh,India",City
Narela,"Narela,Bhopal Division,Madhya Pradesh,India",City
Sonepur,"Sonepur,Tirhut Division,Bihar,India",City
Salanpur,"Salanpur,West Bengal,India",City
Dhar,"Dhar,Gujarat,India",City
Sirsi,"Sirsi,Madhya Pradesh,India",City
Kendrapara,"Kendrapara,Odisha,India",City
Panna,"Panna,Madhya Pradesh,India",City
Nagar,"Nagar,Agra Division,Uttar Pradesh,India",City
Sarsi,"Sarsi,Narmadapuram Division,Madhya Pradesh,India",City
Parali,"Parali,Maharashtra,India",City
Chatra,"Chatra,Jharkhand,India",City
Chandrapura,"Chandrapura,Chambal Division,Madhya Pradesh,India",City
Mahoba,"Mahoba,Mahoba,Uttar Pradesh,India",City
Deoli,"Deoli,Kolhan Division,Jharkhand,India",City
Salur,"Salur,Karnataka,India",City
Narela,"Narela,Madhya Pradesh,India",City
Chitarpur,"Chitarpur,Chhattisgarh,India",City
Mandla,"Mandla,Narmadapuram Division,Madhya Pradesh,India",City
Patratu,"Patratu,Chhattisgarh,India",City
Deoli,"Deoli,Deoli,Maharashtra,India",City
Mandav,"Mandav,Uttar Pradesh,India",City
Santipur,"Santipur,West Bengal,India",City
Bishrampur,"Bishrampur,South Chotanagpur Division,Jharkhand,India",City
Jagdishpur,"Jagdishpur,Tirhut Division,Bihar,India",City
Achalpur,"Achalpur,Achalpur,Maharashtra,India",City
Arani,"Arani,Jharkhand,India",City
Uppal,"Uppal,Punjab,India",City
Ashoknagar,"Ashoknagar,Ashoknagar,Madhya Pradesh,India",City
Nagar,"Nagar,Jharkhand,India",City
Jaspur,"Jaspur,Gujarat,India",City
Nagaon,"Nagaon,Konkan Division,Maharashtra,India",City
Balaghat,"Balaghat,Maharashtra,India",City
Dhar,"Dhar,Nashik Division,Maharashtra,India",City
Mangrol,"Mangrol,Indore Division,Madhya Pradesh,India",City
Dhar,"Dhar,Maharashtra,India",City
Mahoba,"Mahoba,Madhya Pradesh,India",City
Mandla,"Mandla,Uttar Pradesh,India",City
Deoli,"Deoli,Odisha,India",City
Kallur,"Kallur,Maharashtra,India",City
Parasia,"Parasia,Bihar,India",City
Khalari,"Khalari,North Chotanagpur Division,Jharkhand,India",City
Musahari,"Musahari,Madhya Pradesh,India",City
Samanda,"Samanda,Gujarat,India",City
Jairampur,"Jairampur,Jhansi Division,Uttar Pradesh,India",City
Kallur,"Kallur,Kerala,India",City
Mandla,"Mandla,Chhattisgarh,India",City
Kathua,"Kathua,Bihar,India",City
Saidabad,"Saidabad,Madhya Pradesh,India",City
Devsar,"Devsar,Haryana,India",City
Jairampur,"Jairampur,Uttar Pradesh,India",City
Narela,"Narela,Jabalpur Division,Madhya Pradesh,India",City
Rajnagar,"Rajnagar,Madhya Pradesh,India",City
Dhar,"Dhar,Himachal Pradesh,India",City
Bhainsa,"Bhainsa,Sagar Division,Madhya Pradesh,India",City
Panagar,"Panagar,Madhya Pradesh,India",City
Jagdispur,"Jagdispur,Kosi Division,Bihar,India",City
Shekhpura,"Shekhpura,Madhya Pradesh,India",City
Bhainsa,"Bhainsa,Gwalior Division,Madhya Pradesh,India",City
Mangrol,"Mangrol,Chambal Division,Madhya Pradesh,India",City
Dholi,"Dholi,Bihar,India",City
Palasa,"Palasa,Gujarat,India",City
Gandhinagar,"Gandhinagar,Madhya Pradesh,India",City
Dhar,"Dhar,Narmadapuram Division,Madhya Pradesh,India",City
Sohagpur,"Sohagpur,Surguja Division,Chhattisgarh,India",City
Dholka,"Dholka,Dholka,Gujarat,India",City
Parasiya,"Parasiya,Bhopal Division,Madhya Pradesh,India",City
Kotwali,"Kotwali,Maharashtra,India",City
Shamshabad,"Shamshabad,Uttar Pradesh,India",City
Joda,"Joda,Odisha,India",City
Hanumat Kheda,"Hanumat Kheda,Madhya Pradesh,India",City
Anandapur,"Anandapur,Odisha,India",City
Dhar,"Dhar,Indore Division,Madhya Pradesh,India",City
Jagdishpur,"Jagdishpur,Darbhanga Division,Bihar,India",City
Nagaon,"Nagaon,Maharashtra,India",City
Mandla,"Mandla,Maharashtra,India",City
Achalpur,"Achalpur,Uttar Pradesh,India",City
Karanja,"Karanja,Aurangabad Division,Maharashtra,India",City
Amalner,"Amalner,Aurangabad Division,Maharashtra,India",City
Nagar,"Nagar,Chitrakoot Division,Uttar Pradesh,India",City
Gandhinagar,"Gandhinagar,Konkan Division,Maharashtra,India",City
Umred,"Umred,Madhya Pradesh,India",City
Musabani,"Musabani,Musabani,Jharkhand,India",City
Narsapur,"Narsapur,Aurangabad Division,Maharashtra,India",City
Teghra,"Teghra,Darbhanga Division,Bihar,India",City
Khalari,"Khalari,Bihar,India",City
Deoli,"Deoli,Madhya Pradesh,India",City
Bhainsa,"Bhainsa,Sagar Division,Madhya Pradesh,India",City
Maharajpur,"Maharajpur,Uttar Pradesh,India",City
Sonapur,"Sonapur,Amravati Division,Maharashtra,India",City
Maharaj Pur,"Maharaj Pur,Bihar,India",City
Kathua,"Kathua,Uttar Pradesh,India",City
Jagdishpur,"Jagdishpur,Varanasi Division,Uttar Pradesh,India",City
Uppal,"Uppal,Karnataka,India",City
Lahar,"Lahar,Sagar Division,Madhya Pradesh,India",City
Chandrapura,"Chandrapura,Gujarat,India",City
Sirsi,"Sirsi,Sirsi,Karnataka,India",City
Dholi,"Dholi,Uttarakhand,India",City
Deoli,"Deoli,Madhya Pradesh,India",City
Kallur,"Kallur,Karnataka,India",City
Wani,"Wani,Madhya Pradesh,India",City
Hanumat Kheda,"Hanumat Kheda,Madhya Pradesh,India",City
Chandrapura,"Chandrapura,Madhya Pradesh,India",City
Bisrampur,"Bisrampur,Uttar Pradesh,India",City
Ladpura,"Ladpura,Uttar Pradesh,India",City
Narsapur,"Narsapur,Maharashtra,India",City
Umargam,"Umargam,Gujarat,India",City
Bhainsa,"Bhainsa,Uttar Pradesh,India",City
Jagdish Pur,"Jagdish Pur,Varanasi Division,Uttar Pradesh,India",City
Parasia,"Parasia,Bihar,India",City
Jagdishpur,"Jagdishpur,Ayodhya Division,Uttar Pradesh,India",City
Simdega,"Simdega,Simdega,Jharkhand,India",City
Shekhpura,"Shekhpura,Bihar,India",City
Deoli,"Deoli,Santhal Pargana Division,Jharkhand,India",City
Mhow,"Mhow,Bhopal Division,Madhya Pradesh,India",City
Amalner,"Amalner,Maharashtra,India",City
Kallur,"Kallur,Belgaum Division,Karnataka,India",City
Jamui,"Jamui,Uttar Pradesh,India",City
Khalari,"Khalari,Uttar Pradesh,India",City
Wani,"Wani,Amravati Division,Maharashtra,India",City
Mandav,"Mandav,Madhya Pradesh,India",City
Dhar,"Dhar,Himachal Pradesh,India",City
Narela,"Narela,Madhya Pradesh,India",City
Devsar,"Devsar,Haryana,India",City
Umargam,"Umargam,Umargam,Gujarat,India",City
Lohardaga,"Lohardaga,Lohardaga,Jharkhand,India",City
Belpahar,"Belpahar,Odisha,India",City
Hingoli,"Hingoli,Hingoli,Maharashtra,India",City
Bhainsa,"Bhainsa,Raipur Division,Chhattisgarh,India",City
Mangrol,"Mangrol,Bhopal Division,Madhya Pradesh,India",City
Gandhinagar,"Gandhinagar,Amravati Division,Maharashtra,India",City
Bhainsa,"Bhainsa,Gwalior Division,Madhya Pradesh,India",City
Bhainsa,"Bhainsa,Durg Division,Chhattisgarh,India",City
Kollur,"Kollur,Kalaburagi Division,Karnataka,India",City
Karanja,"Karanja,Nagpur Division,Maharashtra,India",City
Kotma,"Kotma,Madhya Pradesh,India",City
Sarsi,"Sarsi,Maharashtra,India",City
Bisrampur,"Bisrampur,Jharkhand,India",City
Burla,"Burla,Odisha,India",City
Patratu,"Patratu,Jharkhand,India",City
Gopalganj,"Gopalganj,West Bengal,India",City
Deoli,"Deoli,Prayagraj Division,Uttar Pradesh,India",City
Amreli,"Amreli,Gujarat,India",City
Parasiya,"Parasiya,Madhya Pradesh,India",City
Parasia,"Parasia,West Bengal,India",City
Bhainsa,"Bhainsa,Jabalpur Division,Madhya Pradesh,India",City
Shekhpura,"Shekhpura,Uttar Pradesh,India",City
Bagasara,"Bagasara,Gujarat,India",City
Rajnagar,"Rajnagar,Gwalior Division,Madhya Pradesh,India",City
Achalpur,"Achalpur,Achalpur,Maharashtra,India",City
Dagar,"Dagar,Uttarakhand,India",City
Deoli,"Deoli,Meerut Division,Uttar Pradesh,India",City
Jamkhandi,"Jamkhandi,Kalaburagi Division,Karnataka,India",City
Sarsi,"Sarsi,Madhya Pradesh,India",City
Jagdispur,"Jagdispur,Bihar,India",City
Dhar,"Dhar,Narmadapuram Division,Madhya Pradesh,India",City
Chandil,"Chandil,Chandil,Jharkhand,India",City
Mangrol,"Mangrol,Gwalior Division,Madhya Pradesh,India",City
Ganguvari Sigadam,"Ganguvari Sigadam,Andhra Pradesh,India",Municipality
Nancowry,"Nancowry,Andaman and Nicobar Islands,India",Municipality
Maddur,"Maddur,Telangana,India",Municipality
Keshoraipatan,"Keshoraipatan,Rajasthan,India",Municipality
Berikhas,"Berikhas,Haryana,India",Municipality
Penumuluru,"Penumuluru,Andhra Pradesh,India",Municipality
Neem Ka Thana,"Neem Ka Thana,Rajasthan,India",Municipality
Ayanavaram,"Ayanavaram,Tamil Nadu,India",Municipality
Idar,"Idar,Gujarat,India",Municipality
Pindwara,"Pindwara,Rajasthan,India",Municipality
Sahjanwa,"Sahjanwa,Uttar Pradesh,India",Municipality
Dhamangaon,"Dhamangaon,Maharashtra,India",Municipality
Keelakkarai,"Keelakkarai,Tamil Nadu,India",Municipality
Polavaram,"Polavaram,Andhra Pradesh,India",Municipality
Nekarikallu,"Nekarikallu,Andhra Pradesh,India",Municipality
Vav,"Vav,Gujarat,India",Municipality
Chhuriya,"Chhuriya,Chhattisgarh,India",Municipality
Sitapur,"Sitapur,Chhattisgarh,India",Municipality
Pharsabahar,"Pharsabahar,Chhattisgarh,India",Municipality
Wanaparthy,"Wanaparthy,Telangana,India",Municipality
Barpeta Circle,"Barpeta Circle,Assam,India",Municipality
Krishnaraja Nagar,"Krishnaraja Nagar,Karnataka,India",Municipality
Janakavaram Panguluru,"Janakavaram Panguluru,Andhra Pradesh,India",Municipality
Gidam,"Gidam,Chhattisgarh,India",Municipality
Unguturu,"Unguturu,Andhra Pradesh,India",Municipality
Gospadu,"Gospadu,Andhra Pradesh,India",Municipality
Baberu,"Baberu,Uttar Pradesh,India",Municipality
Barnagar Circle,"Barnagar Circle,Assam,India",Municipality
Ambegaon,"Ambegaon,Maharashtra,India",Municipality
Karaikkudi,"Karaikkudi,Tamil Nadu,India",Municipality
Kaptipada,"Kaptipada,Odisha,India",Municipality
Pakardanr,"Pakardanr,Jharkhand,India",Municipality
Dholera,"Dholera,Gujarat,India",Municipality
Penagalur,"Penagalur,Andhra Pradesh,India",Municipality
Arani,"Arani,Tamil Nadu,India",Municipality
Bajna,"Bajna,Madhya Pradesh,India",Municipality
Fatehpur,"Fatehpur,Ayodhya Division,Uttar Pradesh,India",Municipality
Kusmi,"Kusmi,Madhya Pradesh,India",Municipality
Mukundapuram,"Mukundapuram,Kerala,India",Municipality
Porumamilla,"Porumamilla,Andhra Pradesh,India",Municipality
Kushalgarh,"Kushalgarh,Rajasthan,India",Municipality
Aurangabad,"Aurangabad,Bihar,India",Municipality
Tittakudi,"Tittakudi,Tamil Nadu,India",Municipality
Mankachar Circle,"Mankachar Circle,Assam,India",Municipality
Nagri,"Nagri,Jharkhand,India",Municipality
Jasdan,"Jasdan,Gujarat,India",Municipality
Kaithlal,"Kaithlal,Gujarat,India",Municipality
Nungba,"Nungba,Manipur,India",Municipality
Maharajgang,"Maharajgang,Uttar Pradesh,India",Municipality
Kendraparha,"Kendraparha,Odisha,India",Municipality
Nambulipulikunta,"Nambulipulikunta,Andhra Pradesh,India",Municipality
Biraul,"Biraul,Bihar,India",Municipality
Ghatsila,"Ghatsila,Jharkhand,India",Municipality
Mahendragarh,"Mahendragarh,Haryana,India",Municipality
Chhatarpur,"Chhatarpur,Jharkhand,India",Municipality
Jatara,"Jatara,Madhya Pradesh,India",Municipality
Sarwar,"Sarwar,Rajasthan,India",Municipality
Machhakunda,"Machhakunda,Odisha,India",Municipality
Afzalpur,"Afzalpur,Karnataka,India",Municipality
Madnur,"Madnur,Telangana,India",Municipality
Shankarpalle,"Shankarpalle,Telangana,India",Municipality
Cherttala,"Cherttala,Kerala,India",Municipality
Kishanganj,"Kishanganj,Rajasthan,India",Municipality
Mahad,"Mahad,Maharashtra,India",Municipality
Virajpet,"Virajpet,Karnataka,India",Municipality
Narnaul,"Narnaul,Haryana,India",Municipality
Pathargama,"Pathargama,Jharkhand,India",Municipality
Tiruvalla,"Tiruvalla,Kerala,India",Municipality
Boinpalli,"Boinpalli,Telangana,India",Municipality
Veraval,"Veraval,Gujarat,India",Municipality
Holalkere,"Holalkere,Karnataka,India",Municipality
Aravakurichi,"Aravakurichi,Tamil Nadu,India",Municipality
Seagon,"Seagon,Madhya Pradesh,India",Municipality
Karsog,"Karsog,Himachal Pradesh,India",Municipality
Chintapalli,"Chintapalli,Telangana,India",Municipality
Hanumana,"Hanumana,Madhya Pradesh,India",Municipality
Ghaghra,"Ghaghra,Jharkhand,India",Municipality
Tinsukia,"Tinsukia,Assam,India",City
Nagaon,"Nagaon,Assam,India",City
Dimapur,"Dimapur,Nagaland,India",City
Kohima,"Kohima,Kohima,Nagaland,India",City
Jorhat,"Jorhat,Assam,India",City
Laipham Siphai,"Laipham Siphai,Manipur,India",City
Aizawl,"Aizawl,Mizoram,India",City
Bongaigaon,"Bongaigaon,Assam,India",City
Kahikuchi,"Kahikuchi,Assam,India",City
Pat Gaon,"Pat Gaon,Assam,India",City
Changsari,"Changsari,Assam,India",City
Baihata Chariali,"Baihata Chariali,Assam,India",City
No.1 Bonda Grant,"No.1 Bonda Grant,Assam,India",City
Jagiroad,"Jagiroad,Assam,India",City
Jorabat,"Jorabat,Assam,India",City
Manali,"Manali,Manali,Himachal Pradesh,India",City
Mandi,"Mandi,Himachal Pradesh,India",City
Anandpur Sahib,"Anandpur Sahib,Punjab,India",City
Rupnagar,"Rupnagar,Rupnagar,Punjab,India",City
Mussoorie,"Mussoorie,Uttarakhand,India",City
Sudhowala,"Sudhowala,Uttarakhand,India",City
Bhania Wala,"Bhania Wala,Uttarakhand,India",Neighborhood
Doiwala,"Doiwala,Uttarakhand,India",City
Bharu Wala Grant,"Bharu Wala Grant,Uttarakhand,India",City
Sewla Khurd,"Sewla Khurd,Uttarakhand,India",City
Harrawala,"Harrawala,Uttarakhand,India",City
Khandraiwala,"Khandraiwala,Uttarakhand,India",City
Raiwala,"Raiwala,Uttarakhand,India",City
Jwalapur,"Jwalapur,Uttarakhand,India",City
Ranipur,"Ranipur,Uttarakhand,India",City
Daulara,"Daulara,Uttar Pradesh,India",City
Mansurpur,"Mansurpur,Moradabad Division,Uttar Pradesh,India",City
Rampur,"Rampur,Rampur,Uttar Pradesh,India",City
Pakwara,"Pakwara,Uttar Pradesh,India",City
Bagadpur,"Bagadpur,Uttar Pradesh,India",City
Amroha,"Amroha,Amroha,Uttar Pradesh,India",City
Jamanpur Emnipur,"Jamanpur Emnipur,Uttar Pradesh,India",City
Gajraula,"Gajraula,Uttar Pradesh,India",City
Chaubara,"Chaubara,Uttar Pradesh,India",City
Badarkha,"Badarkha,Uttar Pradesh,India",City
Gordhanpur,"Gordhanpur,Uttar Pradesh,India",City
Bhowapur Mastan Nagar,"Bhowapur Mastan Nagar,Uttar Pradesh,India",City
Simbhaoli,"Simbhaoli,Uttar Pradesh,India",City
Najibabad,"Najibabad,Najibabad,Uttar Pradesh,India",City
Bijnor,"Bijnor,Bijnor,Uttar Pradesh,India",City
Mustafabad,"Mustafabad,Uttar Pradesh,India",City
Bahadarpur,"Bahadarpur,Uttar Pradesh,India",City
Munawwarpur Khurd,"Munawwarpur Khurd,Uttar Pradesh,India",City
Khanupur,"Khanupur,Uttar Pradesh,India",City
Mansurpur,"Mansurpur,Saharanpur Division,Uttar Pradesh,India",City
Bhainsi,"Bhainsi,Uttar Pradesh,India",City
Khatauli Rural,"Khatauli Rural,Uttar Pradesh,India",City
Khatauli,"Khatauli,Uttar Pradesh,India",City
Muzaffarnagar,"Muzaffarnagar,Muzaffarnagar,Uttar Pradesh,India",City
Rampur,"Rampur,Saharanpur Division,Uttar Pradesh,India",City
Shamli,"Shamli,Shamli,Uttar Pradesh,India",City
Shamli Rural,"Shamli Rural,Uttar Pradesh,India",City
Baraut,"Baraut,Baraut,Uttar Pradesh,India",City
Bisokhar,"Bisokhar,Uttar Pradesh,India",Neighborhood
Daulatpur Fakhrabad Urf Kayast,"Daulatpur Fakhrabad Urf Kayast,Uttar Pradesh,India",City
Aminagar Urf Bhurbaral,"Aminagar Urf Bhurbaral,Uttar Pradesh,India",City
Mohiuddinpur,"Mohiuddinpur,Uttar Pradesh,India",City
Sakoti,"Sakoti,Uttar Pradesh,India",City
Mataur,"Mataur,Uttar Pradesh,India",City
Siwaya-Jamalullapur,"Siwaya-Jamalullapur,Uttar Pradesh,India",City
Daurala Rural,"Daurala Rural,Uttar Pradesh,India",City
Upeda,"Upeda,Uttar Pradesh,India",City
Jasrup Nagar,"Jasrup Nagar,Uttar Pradesh,India",City
Hapur,"Hapur,Hapur,Uttar Pradesh,India",City
Modinagar,"Modinagar,Modinagar,Uttar Pradesh,India",City
Lakhan,"Lakhan,Uttar Pradesh,India",City
Parson,"Parson,Uttar Pradesh,India",City
Pilkhuwa,"Pilkhuwa,Uttar Pradesh,India",City
Akbapur,"Akbapur,Uttar Pradesh,India",City
Bulandshahr,"Bulandshahr,Bulandshahr,Uttar Pradesh,India",City
Sikandrabad,"Sikandrabad,Uttar Pradesh,India",City
Eachachhar,"Eachachhar,Uttar Pradesh,India",City
Badauli Bangar,"Badauli Bangar,Uttar Pradesh,India",City
Badauli Khader,"Badauli Khader,Uttar Pradesh,India",City
Pirthla,"Pirthla,Haryana,India",City
Palwal,"Palwal,Palwal,Haryana,India",City
Sahapur Khurd,"Sahapur Khurd,Haryana,India",City
Kail Gaon,"Kail Gaon,Haryana,India",City
Gothda Mohbtabad,"Gothda Mohbtabad,Haryana,India",City
Shahpur Govardhanpur Bangar,"Shahpur Govardhanpur Bangar,Uttar Pradesh,India",City
Habibpur,"Habibpur,Uttar Pradesh,India",City
Nalgadha,"Nalgadha,Uttar Pradesh,India",City
Gulavali,"Gulavali,Uttar Pradesh,India",City
Jhatta,"Jhatta,Uttar Pradesh,India",City
Tilpata Karanwas,"Tilpata Karanwas,Uttar Pradesh,India",City
Hansi Rural,"Hansi Rural,Haryana,India",City
Narnaul,"Narnaul,Narnaul,Haryana,India",City
Mahendragarh,"Mahendragarh,Mahendragarh,Haryana,India",Neighborhood
Jhunjhunu,"Jhunjhunu,Rajasthan,India",City
Gangwa,"Gangwa,Haryana,India",City
Mahajan Fieldfiring Range,"Mahajan Fieldfiring Range,Rajasthan,India",City
Kot Kapura,"Kot Kapura,Punjab,India",City
3 A,"3 A,Rajasthan,India",City
Bhagtupura,"Bhagtupura,Punjab,India",City
Kapurthala,"Kapurthala,Kapurthala,Punjab,India",City
Tharike,"Tharike,Punjab,India",City
Banga,"Banga,Punjab,India",City
Una,"Una,Una,Himachal Pradesh,India",City
Batala,"Batala,Batala,Punjab,India",City
Budha Theh,"Budha Theh,Punjab,India",City
Beas,"Beas,Punjab,India",City
Anjar,"Anjar,Anjar,Gujarat,India",City
Khamdhrol,"Khamdhrol,Gujarat,India",City
Gondal,"Gondal,Gondal,Gujarat,India",City
Morbi,"Morbi,Morbi,Gujarat,India",City
Kotharia,"Kotharia,Gujarat,India",City
Chhatral,"Chhatral,Gujarat,India",City
Bileshvarpura,"Bileshvarpura,Gujarat,India",City
Shertha,"Shertha,Gujarat,India",City
Palwasana (part),"Palwasana (part),Gujarat,India",City
Unjha,"Unjha,Unjha,Gujarat,India",City
Deesa,"Deesa,Deesa,Gujarat,India",City
Siddhpur,"Siddhpur,Gujarat,India",City
Santpur,"Santpur,Rajasthan,India",City
Himatnagar,"Himatnagar,Himatnagar,Gujarat,India",City
Ranip,"Ranip,Gujarat,India",City
Kathwada,"Kathwada,Gujarat,India",City
Badrabad,"Badrabad,Gujarat,India",City
Changodar,"Changodar,Gujarat,India",City
Luwara,"Luwara,Gujarat,India",City
Nabipur,"Nabipur,Gujarat,India",City
Varedia,"Varedia,Gujarat,India",City
Borsad,"Borsad,Borsad,Gujarat,India",City
Untiya,"Untiya,Gujarat,India",City
Maretha,"Maretha,Gujarat,India",City
Halol,"Halol,Halol,Gujarat,India",City
Dahod,"Dahod,Dahod,Gujarat,India",City
Dewas,"Dewas,Dewas,Madhya Pradesh,India",City
Ujjain,"Ujjain,Ujjain,Madhya Pradesh,India",City
Mandsaur,"Mandsaur,Mandsaur,Madhya Pradesh,India",City
Rajsamand,"Rajsamand,Rajasthan,India",City
Chittorgarh,"Chittorgarh,Rajasthan,India",City
Bhilwara,"Bhilwara,Bhilwara,Rajasthan,India",City
Kishangarh,"Kishangarh,Kishangarh,Rajasthan,India",City
Choondari,"Choondari,Rajasthan,India",City
Sikar,"Sikar,Sikar,Rajasthan,India",City
Samrathpura Rural,"Samrathpura Rural,Rajasthan,India",City
Reengus,"Reengus,Rajasthan,India",City
Manoharpur,"Manoharpur,Rajasthan,India",City
Shahpura,"Shahpura,Shahpura,Rajasthan,India",City
Vidara Rural,"Vidara Rural,Rajasthan,India",City
Behror,"Behror,Rajasthan,India",City
Majrakath,"Majrakath,Rajasthan,India",City
Dausa,"Dausa,Dausa,Rajasthan,India",City
Kookas,"Kookas,Rajasthan,India",City
Bagrana,"Bagrana,Rajasthan,India",City
Bassi,"Bassi,Bassi,Rajasthan,India",City
Chhatikara,"Chhatikara,Uttar Pradesh,India",City
Rajpur Khadar,"Rajpur Khadar,Uttar Pradesh,India",City
Mahuan,"Mahuan,Uttar Pradesh,India",City
Bharatpur,"Bharatpur,Bharatpur,Rajasthan,India",City
Dholpur,"Dholpur,Rajasthan,India",City
Shikohabad,"Shikohabad,Uttar Pradesh,India",City
Tundla,"Tundla,Tundla,Uttar Pradesh,India",City
Basai,"Basai,Uttar Pradesh,India",City
Bainpur Mustkil,"Bainpur Mustkil,Uttar Pradesh,India",City
Banmore,"Banmore,Madhya Pradesh,India",City
Bina,"Bina,Bina,Madhya Pradesh,India",City
Lalitpur,"Lalitpur,Lalitpur,Uttar Pradesh,India",City
Dadri,"Dadri,Dadri,Uttar Pradesh,India",City
Vidisha,"Vidisha,Vidisha,Madhya Pradesh,India",City
Tusyana,"Tusyana,Uttar Pradesh,India",City
Obaidullaganj,"Obaidullaganj,Madhya Pradesh,India",City
Chhapraula,"Chhapraula,Uttar Pradesh,India",City
Gehun Kheda,"Gehun Kheda,Madhya Pradesh,India",City
Ithaira,"Ithaira,Uttar Pradesh,India",City
Harda,"Harda,Harda,Madhya Pradesh,India",City
Bisrakh Jalalpur,"Bisrakh Jalalpur,Uttar Pradesh,India",City
Damoh,"Damoh,Damoh,Madhya Pradesh,India",City
Chipyana Khurd Urf Tigri,"Chipyana Khurd Urf Tigri,Uttar Pradesh,India",Neighborhood
Dehri,"Dehri,Bihar,India",Neighborhood
Chotpur,"Chotpur,Uttar Pradesh,India",City
Mughalsarai Railway Settlement,"Mughalsarai Railway Settlement,Uttar Pradesh,India",City
Mahiuddin Pur Kanawni,"Mahiuddin Pur Kanawni,Uttar Pradesh,India",City
Bhadohi Nagar Palika,"Bhadohi Nagar Palika,Uttar Pradesh,India",City
Masuri,"Masuri,Uttar Pradesh,India",City
Jaunpur,"Jaunpur,Jaunpur,Uttar Pradesh,India",City
Dasna Dehat,"Dasna Dehat,Uttar Pradesh,India",City
Sahjanwa,"Sahjanwa,Sahjanwa,Uttar Pradesh,India",City
Dasna,"Dasna,Uttar Pradesh,India",City
Mau,"Mau,Azamgarh Division,Uttar Pradesh,India",City
Basantpur Saitli,"Basantpur Saitli,Uttar Pradesh,India",City
Ballia,"Ballia,Ballia,Uttar Pradesh,India",City
Asalat Nagar,"Asalat Nagar,Uttar Pradesh,India",City
Buxar,"Buxar,Bihar,India",City
Muradnagar,"Muradnagar,Uttar Pradesh,India",Neighborhood
Kamalabad Barhauli,"Kamalabad Barhauli,Uttar Pradesh,India",City
Sarna Murad Nagar,"Sarna Murad Nagar,Uttar Pradesh,India",City
Barel,"Barel,Uttar Pradesh,India",City
Ukhlarsi,"Ukhlarsi,Uttar Pradesh,India",Neighborhood
Faizabad,"Faizabad,Uttar Pradesh,India",City
Mohammadpur Dwedha,"Mohammadpur Dwedha,Uttar Pradesh,India",City
Uattardhona,"Uattardhona,Uttar Pradesh,India",City
Yusufpur Manota,"Yusufpur Manota,Uttar Pradesh,India",City
Badhamau,"Badhamau,Uttar Pradesh,India",City
Sadabad Jakhaiva,"Sadabad Jakhaiva,Uttar Pradesh,India",City
Malesemau,"Malesemau,Uttar Pradesh,India",City
Pavi Sadakpur,"Pavi Sadakpur,Uttar Pradesh,India",City
Makhdoom Pur,"Makhdoom Pur,Uttar Pradesh,India",City
Bahadurgarh,"Bahadurgarh,Bahadurgarh,Haryana,India",City
Mohanlalganj,"Mohanlalganj,Uttar Pradesh,India",City
Asoda Todran,"Asoda Todran,Haryana,India",City
Banthra Sikander Pur,"Banthra Sikander Pur,Uttar Pradesh,India",City
Sankhol,"Sankhol,Haryana,India",City
Kalli Pashchim,"Kalli Pashchim,Uttar Pradesh,India",City
Patli Hajipur,"Patli Hajipur,Haryana,India",City
Ujariyaon,"Ujariyaon,Uttar Pradesh,India",City
Mohammadpur Jharsa,"Mohammadpur Jharsa,Haryana,India",City
Kushehri,"Kushehri,Uttar Pradesh,India",City
Sarhol,"Sarhol,Haryana,India",City
Husain Nagar,"Husain Nagar,Uttar Pradesh,India",City
Inayatpur,"Inayatpur,Haryana,India",City
Tilhar,"Tilhar,Tilhar,Uttar Pradesh,India",City
Sarai Alawardi,"Sarai Alawardi,Haryana,India",City
Jagatpura,"Jagatpura,Uttarakhand,India",City
Sikanderpur Ghosi,"Sikanderpur Ghosi,Haryana,India",City
Kalyanpur,"Kalyanpur,Uttarakhand,India",City
Haiderpur,"Haiderpur,Haryana,India",Neighborhood
Sobhaganj,"Sobhaganj,West Bengal,India",City
Bandhwari,"Bandhwari,Haryana,India",City
Dabgram,"Dabgram,West Bengal,India",City
Samaspur,"Samaspur,Haryana,India",City
Bagdogra,"Bagdogra,West Bengal,India",City
Adampur,"Adampur,Haryana,India",City
Jalpaiguri,"Jalpaiguri,Jalpaiguri,West Bengal,India",City
Sohna,"Sohna,Sohna,Haryana,India",City
Kishanganj,"Kishanganj,Kishanganj,Bihar,India",City
Bhiwadi,"Bhiwadi,Rajasthan,India",City
Bagdob,"Bagdob,Bihar,India",City
Bhora Kalan,"Bhora Kalan,Haryana,India",City
Muzaffarpur,"Muzaffarpur,Bihar,India",City
Binola,"Binola,Haryana,India",City
Paigamber Pur Kolhua,"Paigamber Pur Kolhua,Bihar,India",City
Panchgaon,"Panchgaon,Haryana,India",City
Khas Mahal Digha Diara,"Khas Mahal Digha Diara,Bihar,India",City
Fazalwas,"Fazalwas,Haryana,India",City
Digha Diara,"Digha Diara,Bihar,India",City
Sehrawan,"Sehrawan,Haryana,India",City
Darbhanga,"Darbhanga,Darbhanga,Bihar,India",District
Narsinghpur,"Narsinghpur,Haryana,India",Neighborhood
Madhubani,"Madhubani,Madhubani,Bihar,India",City
Kukrola,"Kukrola,Haryana,India",City
Khagaria,"Khagaria,Khagaria,Bihar,India",City
Haileymandi,"Haileymandi,Haryana,India",City
Jehanabad,"Jehanabad,Bihar,India",City
Alamgirpur,"Alamgirpur,Haryana,India",City
Nawada,"Nawada,Bihar,India",City
Dharuhera,"Dharuhera,Haryana,India",City
Gomoh,"Gomoh,Jharkhand,India",City
Kapriwas,"Kapriwas,Haryana,India",City
Dumardaga,"Dumardaga,Jharkhand,India",City
Khaliawas,"Khaliawas,Haryana,India",City
Purulia,"Purulia,West Bengal,India",City
Rewari,"Rewari,Rewari,Haryana,India",City
Asansol,"Asansol,Asansol,West Bengal,India",City
Suthana,"Suthana,Haryana,India",City
Bamunara,"Bamunara,West Bengal,India",City
Deodhai,"Deodhai,Haryana,India",City
Bishnupur,"Bishnupur,Bishnupur,West Bengal,India",City
Asalwas,"Asalwas,Haryana,India",City
Pakuria,"Pakuria,West Bengal,India",City
Jaliawas,"Jaliawas,Haryana,India",City
Bhadreswar,"Bhadreswar,West Bengal,India",City
Bawal,"Bawal,Bawal,Haryana,India",City
Kalyani,"Kalyani,Kalyani,West Bengal,India",City
Mohanpur,"Mohanpur,Haryana,India",City
Kanchrapara M,"Kanchrapara M,West Bengal,India",City
Googal Kota,"Googal Kota,Rajasthan,India",City
Panihati,"Panihati,West Bengal,India",City
Para Mohalla,"Para Mohalla,Haryana,India",City
Uttarpara,"Uttarpara,West Bengal,India",City
Garhi Bohar,"Garhi Bohar,Haryana,India",City
Baranagar,"Baranagar,West Bengal,India",City
Sampla,"Sampla,Sampla,Haryana,India",City
Habra,"Habra,West Bengal,India",City
Badh Khalsa,"Badh Khalsa,Haryana,India",City
Chakdaha,"Chakdaha,West Bengal,India",City
Khewra,"Khewra,Haryana,India",City
Ranaghat,"Ranaghat,Ranaghat,West Bengal,India",City
Kishora,"Kishora,Haryana,India",City
Pandua,"Pandua,West Bengal,India",City
Ferozepur Khadar,"Ferozepur Khadar,Haryana,India",Neighborhood
Berhampore,"Berhampore,West Bengal,India",City
Murthal Khas,"Murthal Khas,Haryana,India",City
Sainthia,"Sainthia,West Bengal,India",City
Nangal Khurd,"Nangal Khurd,Haryana,India",City
Raiganj,"Raiganj,Raiganj,West Bengal,India",City
Kumashpur,"Kumashpur,Haryana,India",Neighborhood
New Town,"New Town,West Bengal,India",City
Barhi,"Barhi,Haryana,India",City
Nibra,"Nibra,West Bengal,India",City
Chirsmi,"Chirsmi,Haryana,India",City
Maheshtala,"Maheshtala,West Bengal,India",City
Ganaur,"Ganaur,Ganaur,Haryana,India",City
Argari,"Argari,West Bengal,India",City
Jurasi Saraf Khas,"Jurasi Saraf Khas,Haryana,India",City
Naupala,"Naupala,West Bengal,India",City
Passina Kalan,"Passina Kalan,Haryana,India",Neighborhood
Bagnan,"Bagnan,West Bengal,India",City
Sarai Kohand,"Sarai Kohand,Haryana,India",City
Kolaghat,"Kolaghat,West Bengal,India",City
Badauli,"Badauli,Haryana,India",City
Urali,"Urali,Odisha,India",City
Simla Molana,"Simla Molana,Haryana,India",City
Alarpur,"Alarpur,Odisha,India",City
Panipat Taraf Makhdum Zadgan,"Panipat Taraf Makhdum Zadgan,Haryana,India",City
Jagatpur,"Jagatpur,Odisha,India",City
Panipat Taraf Afghan,"Panipat Taraf Afghan,Haryana,India",City
Belda,"Belda,West Bengal,India",City
Panipat Taraf Ansar,"Panipat Taraf Ansar,Haryana,India",Neighborhood
Kharagpur Railway Settlement,"Kharagpur Railway Settlement,West Bengal,India",City
Gohana,"Gohana,Gohana,Haryana,India",City
Bargarh,"Bargarh,Odisha,India",City
Narkatari,"Narkatari,Haryana,India",City
Bhatapara,"Bhatapara,Bhatapara,Chhattisgarh,India",City
Umri,"Umri,Haryana,India",City
Gudhiyari,"Gudhiyari,Chhattisgarh,India",Neighborhood
Jirbari,"Jirbari,Haryana,India",City
Kothagudem,"Kothagudem,Kothagudem,Telangana,India",City
Samana Bahu,"Samana Bahu,Haryana,India",City
Perecherla,"Perecherla,Andhra Pradesh,India",City
Hansi,"Hansi,Hansi,Haryana,India",City
Nandigama,"Nandigama,Andhra Pradesh,India",City
Bhiwani,"Bhiwani,Bhiwani,Haryana,India",City
Vaddeswaram,"Vaddeswaram,Andhra Pradesh,India",Neighborhood
Fatehpur,"Fatehpur,Fatehpur,Rajasthan,India",City
Namburu,"Namburu,Andhra Pradesh,India",City
Ratangarh,"Ratangarh,Ratangarh,Rajasthan,India",City
Chinakakani,"Chinakakani,Andhra Pradesh,India",City
Mandi Dabwali,"Mandi Dabwali,Haryana,India",City
Pedavadlapudi,"Pedavadlapudi,Andhra Pradesh,India",City
Malout,"Malout,Punjab,India",City
Done Atkuru,"Done Atkuru,Andhra Pradesh,India",City
Faridkot,"Faridkot,Faridkot,Punjab,India",City
Atkuru,"Atkuru,Andhra Pradesh,India",City
6 Z,"6 Z,Rajasthan,India",City
Hanuman Junction,"Hanuman Junction,Andhra Pradesh,India",City
Gumtala Sub Urban,"Gumtala Sub Urban,Punjab,India",City
Samarlakota,"Samarlakota,Andhra Pradesh,India",City
Khankot,"Khankot,Punjab,India",City
Nidadavole,"Nidadavole,Nidadavole,Andhra Pradesh,India",City
Mullanpur Dakha,"Mullanpur Dakha,Punjab,India",City
Tanuku,"Tanuku,Andhra Pradesh,India",City
Phillaur,"Phillaur,Phillaur,Punjab,India",City
Thagarapuvalasa,"Thagarapuvalasa,Andhra Pradesh,India",City
Talwandi Kalan,"Talwandi Kalan,Punjab,India",City
Valimeraka,"Valimeraka,Andhra Pradesh,India",City
Phagwara,"Phagwara,Phagwara,Punjab,India",City
Anakapalle,"Anakapalle,Andhra Pradesh,India",Neighborhood
Gurdaspur,"Gurdaspur,Gurdaspur,Punjab,India",City
Rebaka,"Rebaka,Andhra Pradesh,India",City
Urmar Tanda,"Urmar Tanda,Punjab,India",City
Bayyavaram,"Bayyavaram,Andhra Pradesh,India",City
Meharbanpur,"Meharbanpur,Punjab,India",City
Payakaraopeta,"Payakaraopeta,Payakaraopeta,Andhra Pradesh,India",City
Beechhwal Rural,"Beechhwal Rural,Rajasthan,India",City
Dharmapuri,"Dharmapuri,Andhra Pradesh,India",City
Gangana,"Gangana,Rajasthan,India",City
Jammu Narayana Puram Rural,"Jammu Narayana Puram Rural,Andhra Pradesh,India",City
Barmer,"Barmer,Barmer,Rajasthan,India",City
Tenali,"Tenali,Andhra Pradesh,India",City
Junagadh,"Junagadh,Gujarat,India",City
Singarayakonda,"Singarayakonda,Singarayakonda,Andhra Pradesh,India",City
Shapar,"Shapar,Gujarat,India",City
Kovur,"Kovur,Kovur,Andhra Pradesh,India",City
Pipaliya,"Pipaliya,Gujarat,India",City
Kanupuru Bit - I,"Kanupuru Bit - I,Andhra Pradesh,India",City
Chotila,"Chotila,Chotila,Gujarat,India",City
Venkatachalam,"Venkatachalam,Venkatachalam,Andhra Pradesh,India",City
Madhapar Part,"Madhapar Part,Gujarat,India",City
Puttur,"Puttur,Puttur,Andhra Pradesh,India",City
Viramgam,"Viramgam,Viramgam,Gujarat,India",City
Sullurupeta,"Sullurupeta,Andhra Pradesh,India",City
Kadi,"Kadi,Kadi,Gujarat,India",City
Padur,"Padur,Tamil Nadu,India",City
Mahabalipuram,"Mahabalipuram,Tamil Nadu,India",City
Nandasan,"Nandasan,Gujarat,India",City
Pudupakkam,"Pudupakkam,Tamil Nadu,India",City
Visnagar,"Visnagar,Visnagar,Gujarat,India",City
Egattur,"Egattur,Tamil Nadu,India",City
Patan,"Patan,Patan,Gujarat,India",City
Adayalampattu,"Adayalampattu,Tamil Nadu,India",City
Palanpur,"Palanpur,Palanpur,Gujarat,India",City
Manjampakkam,"Manjampakkam,Tamil Nadu,India",City
Chhapi,"Chhapi,Gujarat,India",City
Ponneri,"Ponneri,Ponneri,Tamil Nadu,India",City
Kui,"Kui,Rajasthan,India",City
Cholavaram,"Cholavaram,Tamil Nadu,India",City
Abu Road,"Abu Road,Abu Road,Rajasthan,India",City
Padianallur,"Padianallur,Tamil Nadu,India",City
Chikhodra,"Chikhodra,Gujarat,India",City
Pattabiram,"Pattabiram,Tamil Nadu,India",City
Mahemdavad,"Mahemdavad,Gujarat,India",City
Thiruninravur,"Thiruninravur,Tamil Nadu,India",City
Enasan,"Enasan,Gujarat,India",City
Sikkarayapuram,"Sikkarayapuram,Tamil Nadu,India",City
Khodiyar,"Khodiyar,Gujarat,India",City
Mevalurkuppam,"Mevalurkuppam,Tamil Nadu,India",City
Bavla,"Bavla,Gujarat,India",Municipality
Thiruvallur,"Thiruvallur,Tamil Nadu,India",City
Vasad,"Vasad,Gujarat,India",City
Enathur,"Enathur,Tamil Nadu,India",City
Khanpur,"Khanpur,Gujarat,India",City
Nattapettai,"Nattapettai,Tamil Nadu,India",City
Kotali,"Kotali,Gujarat,India",City
Neervalur,"Neervalur,Tamil Nadu,India",City
Dethan,"Dethan,Gujarat,India",City
Thirumudivakkam,"Thirumudivakkam,Tamil Nadu,India",City
Nagda,"Nagda,Nagda,Madhya Pradesh,India",City
Old Perungalathur,"Old Perungalathur,Tamil Nadu,India",City
Jaora,"Jaora,Madhya Pradesh,India",City
Paranur,"Paranur,Tamil Nadu,India",City
Neemuch,"Neemuch,Madhya Pradesh,India",City
Karunguzhi,"Karunguzhi,Tamil Nadu,India",City
Sukher,"Sukher,Rajasthan,India",City
Saram,"Saram,Tamil Nadu,India",City
Gordhan Vilas Rural,"Gordhan Vilas Rural,Rajasthan,India",City
Salai,"Salai,Tamil Nadu,India",City
Bagru,"Bagru,Rajasthan,India",City
Sathanur,"Sathanur,Tamil Nadu,India",City
Phulera,"Phulera,Phulera,Rajasthan,India",City
Vikravandi,"Vikravandi,Vikravandi,Tamil Nadu,India",City
Khatoo,"Khatoo,Rajasthan,India",City
Mundiyampakkam,"Mundiyampakkam,Tamil Nadu,India",City
Paota,"Paota,Rajasthan,India",City
Pedagam,"Pedagam,Tamil Nadu,India",City
Kotputli,"Kotputli,Kotputli,Rajasthan,India",City
Kandamanadi,"Kandamanadi,Tamil Nadu,India",City
Janaksinghpura,"Janaksinghpura,Rajasthan,India",City
Viluppuram,"Viluppuram,Tamil Nadu,India",City
Shahjahanpur,"Shahjahanpur,Rajasthan,India",City
Villianur,"Villianur,Villianur,Puducherry,India",City
Doodhli,"Doodhli,Rajasthan,India",City
Ariyankuppam,"Ariyankuppam,Puducherry,India",City
Chomu,"Chomu,Chomu,Rajasthan,India",City
Kalapet,"Kalapet,India",City
Jaitpura,"Jaitpura,Rajasthan,India",City
Meiyur,"Meiyur,Tamil Nadu,India",City
Akeda Chaud,"Akeda Chaud,Rajasthan,India",City
Karaikal,"Karaikal,Karaikal,Puducherry,India",City
Nindar,"Nindar,Rajasthan,India",City
Kumbakonam,"Kumbakonam,Tamil Nadu,India",City
Sawai Madhopur,"Sawai Madhopur,Sawai Madhopur,Rajasthan,India",City
Thiruvarur,"Thiruvarur,Thiruvarur,Tamil Nadu,India",City
Gangapur,"Gangapur,Rajasthan,India",City
Pallapatti,"Pallapatti,Tamil Nadu,India",City
Syalawas Khurd Rural,"Syalawas Khurd Rural,Rajasthan,India",City
Vadipatti,"Vadipatti,Vadipatti,Tamil Nadu,India",City
Sikandra,"Sikandra,Rajasthan,India",City
Meenakshi Nagar,"Meenakshi Nagar,Tamil Nadu,India",Neighborhood
Chaubara,"Chaubara,Rajasthan,India",City
Chinthamani,"Chinthamani,Tamil Nadu,India",City
Govardhan,"Govardhan,Uttar Pradesh,India",City
K.Pudur,"K.Pudur,Tamil Nadu,India",Neighborhood
Chhata,"Chhata,Chhata,Uttar Pradesh,India",City
Anbu Nagar,"Anbu Nagar,Tamil Nadu,India",City
Hodal,"Hodal,Hodal,Haryana,India",City
Urappanur,"Urappanur,Tamil Nadu,India",City
Khera Sarai,"Khera Sarai,Haryana,India",City
Kooraikundu,"Kooraikundu,Tamil Nadu,India",City
Khatela Sarai,"Khatela Sarai,Haryana,India",City
Tenkasi,"Tenkasi,Tamil Nadu,India",City
Kosi Kalan,"Kosi Kalan,Uttar Pradesh,India",City
Vadakkuvalliyur,"Vadakkuvalliyur,Tamil Nadu,India",City
Kosikalan Rural,"Kosikalan Rural,Uttar Pradesh,India",City
Nemom,"Nemom,Kerala,India",City
Tundla Kham,"Tundla Kham,Uttar Pradesh,India",City
Nellanad,"Nellanad,Kerala,India",City
Dhandhupura,"Dhandhupura,Uttar Pradesh,India",City
Kilimanoor,"Kilimanoor,Kerala,India",City
Hathras,"Hathras,Hathras,Uttar Pradesh,India",City
Manikkal,"Manikkal,Kerala,India",City
Mainpuri,"Mainpuri,Mainpuri,Uttar Pradesh,India",City
Pazhayakunnummel,"Pazhayakunnummel,Kerala,India",City
Datia,"Datia,Datia,Madhya Pradesh,India",City
Thazhuthala,"Thazhuthala,Kerala,India",City
Ganj Basoda,"Ganj Basoda,Madhya Pradesh,India",City
Mayyanad,"Mayyanad,Kerala,India",City
Bina Railway Colony,"Bina Railway Colony,Madhya Pradesh,India",City
Koonthalloor,"Koonthalloor,Kerala,India",City
Guna,"Guna,Guna,Madhya Pradesh,India",City
Chavara,"Chavara,Kerala,India",City
Budhni,"Budhni,Budhni,Madhya Pradesh,India",City
Pandalam,"Pandalam,Kerala,India",City
Itarsi,"Itarsi,Itarsi,Madhya Pradesh,India",City
Perumthuruthy,"Perumthuruthy,Kerala,India",City
Katni,"Katni,Madhya Pradesh,India",City
Perumbaikad,"Perumbaikad,Kerala,India",City
GCF Jabalpur,"GCF Jabalpur,Madhya Pradesh,India",City
Kovilpatti,"Kovilpatti,Kovilpatti,Tamil Nadu,India",City
Chhatarpur,"Chhatarpur,Chhatarpur,Madhya Pradesh,India",City
Sattur,"Sattur,Sattur,Tamil Nadu,India",City
Maihar,"Maihar,Maihar,Madhya Pradesh,India",City
Theni,"Theni,Tamil Nadu,India",City
Chak Imam Ali,"Chak Imam Ali,Uttar Pradesh,India",City
Kaduthuruthy,"Kaduthuruthy,Kerala,India",City
Shahdol,"Shahdol,Madhya Pradesh,India",City
Perumbavoor,"Perumbavoor,Kerala,India",City
Ambikapur,"Ambikapur,Chhattisgarh,India",City
Kizhakkummuri,"Kizhakkummuri,Kerala,India",City
Arrah,"Arrah,Bihar,India",City
Koratty,"Koratty,Kerala,India",City
Sasaram,"Sasaram,Sasaram,Bihar,India",City
Athani,"Athani,Kerala,India",City
Maruadih Rly. Settlement,"Maruadih Rly. Settlement,Uttar Pradesh,India",City
Kalady,"Kalady,Kerala,India",City
Gopiganj,"Gopiganj,Uttar Pradesh,India",City
Aluva,"Aluva,Kerala,India",City
Khalilabad,"Khalilabad,Khalilabad,Uttar Pradesh,India",City
Varapuzha,"Varapuzha,Kerala,India",City
Azamgarh,"Azamgarh,Azamgarh,Uttar Pradesh,India",City
Kodungallur,"Kodungallur,Kerala,India",City
Misraulia,"Misraulia,Bihar,India",City
Ezhupunna,"Ezhupunna,Kerala,India",City
Bettiah,"Bettiah,Bettiah,Bihar,India",City
Kodamthuruth,"Kodamthuruth,Kerala,India",City
Bargadi Magath,"Bargadi Magath,Uttar Pradesh,India",City
Cherthala South,"Cherthala South,Kerala,India",City
Bahraich,"Bahraich,Uttar Pradesh,India",City
Karuvatta,"Karuvatta,Kerala,India",City
Phaphamau,"Phaphamau,Uttar Pradesh,India",City
Ullal,"Ullal,Mysore Division,Karnataka,India",City
Raebareli,"Raebareli,Raebareli,Uttar Pradesh,India",City
New Mahe,"New Mahe,Kerala,India",City
Sarsawan,"Sarsawan,Uttar Pradesh,India",City
Kasaragod,"Kasaragod,Kasaragod,Kerala,India",City
Ahmamau,"Ahmamau,Uttar Pradesh,India",City
Hassan,"Hassan,Hassan,Karnataka,India",City
Deeh,"Deeh,Uttar Pradesh,India",City
Hunsur,"Hunsur,Karnataka,India",City
Rania,"Rania,Uttar Pradesh,India",City
Kondotty,"Kondotty,Kondotty,Kerala,India",City
Banda,"Banda,Banda,Uttar Pradesh,India",City
Karipur,"Karipur,Kerala,India",City
Orai,"Orai,Uttar Pradesh,India",City
Parappanangadi,"Parappanangadi,Kerala,India",City
Sitapur,"Sitapur,Sitapur,Uttar Pradesh,India",City
Tirurangadi,"Tirurangadi,Tirurangadi,Kerala,India",City
Shahjahanpur,"Shahjahanpur,Shahjahanpur,Uttar Pradesh,India",City
Vatakara,"Vatakara,Kerala,India",City
Alipurduar,"Alipurduar,West Bengal,India",City
Guruvayur,"Guruvayur,Kerala,India",City
Darjeeling,"Darjeeling,West Bengal,India",City
Tirur,"Tirur,Tirur,Kerala,India",City
Bara Mohansingh,"Bara Mohansingh,West Bengal,India",City
Puthanathani,"Puthanathani,Kerala,India",City
Mathapari,"Mathapari,West Bengal,India",City
Kottakkal,"Kottakkal,Kerala,India",City
Islampur,"Islampur,West Bengal,India",City
Kuttippuram,"Kuttippuram,Kerala,India",City
Danapur,"Danapur,Bihar,India",City
Perumpilavu,"Perumpilavu,Kerala,India",City
Majhauli Mahmadpur Buzurg,"Majhauli Mahmadpur Buzurg,Bihar,India",City
Angadipuram,"Angadipuram,Kerala,India",City
Saharsa,"Saharsa,Bihar,India",City
Killannur,"Killannur,Kerala,India",City
Jasidih,"Jasidih,Jharkhand,India",City
Eranellur,"Eranellur,Kerala,India",City
Madhupur,"Madhupur,Jharkhand,India",City
Peramangalam,"Peramangalam,Kerala,India",City
Giridih,"Giridih,Giridih,Jharkhand,India",City
Kalletumkara,"Kalletumkara,Kerala,India",City
Jamalpur,"Jamalpur,Bihar,India",City
Kodakara,"Kodakara,Kerala,India",City
Begusarai,"Begusarai,Begusarai,Bihar,India",City
Nandikkara,"Nandikkara,Kerala,India",City
Fatwah,"Fatwah,Bihar,India",City
Vadakkencherry,"Vadakkencherry,Kerala,India",City
Manpur,"Manpur,Bihar,India",City
Vadakkancheri-II,"Vadakkancheri-II,Kerala,India",City
Chas,"Chas,Chas,Jharkhand,India",City
Walayar,"Walayar,Kerala,India",City
Hazaribagh,"Hazaribagh,Jharkhand,India",City
Vellalore,"Vellalore,Tamil Nadu,India",City
Ramgarh Cantonment,"Ramgarh Cantonment,Jharkhand,India",City
Neelikonampalayam,"Neelikonampalayam,Tamil Nadu,India",Neighborhood
Mesra,"Mesra,Jharkhand,India",City
Ponnaiah Raja Puram,"Ponnaiah Raja Puram,Tamil Nadu,India",City
Saraidhella,"Saraidhella,Jharkhand,India",City
Malumichampatti,"Malumichampatti,Tamil Nadu,India",City
Mihijam,"Mihijam,Jharkhand,India",City
Kovaipudur,"Kovaipudur,Tamil Nadu,India",Neighborhood
Raniganj,"Raniganj,West Bengal,India",City
Pudussery East,"Pudussery East,Kerala,India",City
Andal,"Andal,West Bengal,India",City
Kuzhalmannam,"Kuzhalmannam,Kerala,India",City
Banskopa,"Banskopa,West Bengal,India",City
Ooty,"Ooty,Tamil Nadu,India",City
Kanksa,"Kanksa,West Bengal,India",City
Thudiyalur,"Thudiyalur,Tamil Nadu,India",Neighborhood
Gangpur,"Gangpur,West Bengal,India",City
Karumathampatti,"Karumathampatti,Tamil Nadu,India",City
Dankuni,"Dankuni,West Bengal,India",City
Thekkalur,"Thekkalur,Tamil Nadu,India",City
Dakshin Rajyadharpur,"Dakshin Rajyadharpur,West Bengal,India",City
Nambiampalayam,"Nambiampalayam,Tamil Nadu,India",City
Chandannagar,"Chandannagar,Chandannagar,West Bengal,India",City
Avinashi,"Avinashi,Tamil Nadu,India",City
Manushpur,"Manushpur,West Bengal,India",City
Chettipalayam,"Chettipalayam,Tamil Nadu,India",City
Bandel,"Bandel,West Bengal,India",Neighborhood
Vadamugam Kangayapalayam,"Vadamugam Kangayapalayam,Tamil Nadu,India",City
Kodalia,"Kodalia,West Bengal,India",City
Pallipalayam,"Pallipalayam,Tamil Nadu,India",City
Chinsurah,"Chinsurah,West Bengal,India",City
Dharapuram,"Dharapuram,Dharapuram,Tamil Nadu,India",City
Bhatpara,"Bhatpara,West Bengal,India",City
Manapparai,"Manapparai,Manapparai,Tamil Nadu,India",City
North Barrackpur,"North Barrackpur,West Bengal,India",City
Thiruverumbur,"Thiruverumbur,Tamil Nadu,India",City
Barrackpur Cantonment,"Barrackpur Cantonment,West Bengal,India",City
Kallakurichi,"Kallakurichi,Tamil Nadu,India",City
Ashoknagar Kalyangarh,"Ashoknagar Kalyangarh,West Bengal,India",City
Gudamalai R.F.,"Gudamalai R.F.,Tamil Nadu,India",City
Badkulla,"Badkulla,West Bengal,India",City
Kanagagiri,"Kanagagiri,Tamil Nadu,India",City
Kalna,"Kalna,Kalna,West Bengal,India",City
Kadayampatti,"Kadayampatti,Kadayampatti,Tamil Nadu,India",City
Nabadwip,"Nabadwip,West Bengal,India",City
Dharmapuri,"Dharmapuri,Tamil Nadu,India",City
Krishnanagar,"Krishnanagar,West Bengal,India",City
Jolarpet,"Jolarpet,Tamil Nadu,India",City
Katwa,"Katwa,Katwa,West Bengal,India",City
Annamalai R.F.,"Annamalai R.F.,Tamil Nadu,India",City
Bolpur,"Bolpur,Bolpur,West Bengal,India",City
Melvisharam,"Melvisharam,Tamil Nadu,India",City
Rampurhat,"Rampurhat,Rampurhat,West Bengal,India",City
Perumugai,"Perumugai,Tamil Nadu,India",City
Raghunathganj,"Raghunathganj,West Bengal,India",City
Gudiyatham,"Gudiyatham,Tamil Nadu,India",City
Farakka,"Farakka,West Bengal,India",City
Vaniyambadi,"Vaniyambadi,Vaniyambadi,Tamil Nadu,India",City
Basirhat,"Basirhat,West Bengal,India",City
Kuppam,"Kuppam,Kuppam,Andhra Pradesh,India",City
Baruipur,"Baruipur,Baruipur,West Bengal,India",City
Mallasandiram,"Mallasandiram,Tamil Nadu,India",City
South Dumdum,"South Dumdum,West Bengal,India",City
Addakurukki,"Addakurukki,Tamil Nadu,India",City
Khanpur Kolian,"Khanpur Kolian,Haryana,India",City
Kalara,"Kalara,West Bengal,India",City
Chambenahalli,"Chambenahalli,Karnataka,India",City
Thanesar,"Thanesar,Thanesar,Haryana,India",City
Jala Dhulagiri,"Jala Dhulagiri,West Bengal,India",City
Koralur,"Koralur,Karnataka,India",City
Charhuni Jattan,"Charhuni Jattan,Haryana,India",City
Raghudebpur,"Raghudebpur,West Bengal,India",City
Haralur,"Haralur,Karnataka,India",Neighborhood
Madanpur,"Madanpur,Haryana,India",City
Mahespur,"Mahespur,West Bengal,India",City
Byatarayanapura CMC and OG Part,"Byatarayanapura CMC and OG Part,Karnataka,India",City
Shahbad,"Shahbad,Haryana,India",City
Tamluk,"Tamluk,West Bengal,India",City
Bellahalli,"Bellahalli,Karnataka,India",City
Shahzadpur,"Shahzadpur,Haryana,India",City
Raksa Chak,"Raksa Chak,West Bengal,India",City
Hunachur,"Hunachur,Karnataka,India",City
Goripur,"Goripur,Haryana,India",City
Contai,"Contai,West Bengal,India",City
Kodigehalli,"Kodigehalli,Karnataka,India",City
Ladwa,"Ladwa,Haryana,India",City
Chatrapur,"Chatrapur,Odisha,India",City
Ganakal Village,"Ganakal Village,Karnataka,India",City
Dodwa,"Dodwa,Haryana,India",City
Khosalpur,"Khosalpur,Odisha,India",City
Uttarahalli -Manavarthekaval,"Uttarahalli -Manavarthekaval,Karnataka,India",City
Taraori,"Taraori,Haryana,India",City
Jatni,"Jatni,Odisha,India",City
Channapatna,"Channapatna,Channapatna,Karnataka,India",City
Nilokheri,"Nilokheri,Nilokheri,Haryana,India",Neighborhood
Charampa,"Charampa,Odisha,India",City
Anekal,"Anekal,Anekal,Karnataka,India",City
Manak Majra,"Manak Majra,Haryana,India",City
Digha,"Digha,West Bengal,India",City
Zuzuvadi,"Zuzuvadi,Tamil Nadu,India",Neighborhood
Jhanjhari,"Jhanjhari,Haryana,India",City
Jhargram,"Jhargram,West Bengal,India",City
Attibele,"Attibele,Karnataka,India",Neighborhood
Dadupur,"Dadupur,Haryana,India",City
Balangir,"Balangir,Balangir,Odisha,India",City
Kada Agrahara,"Kada Agrahara,Karnataka,India",City
Uchana,"Uchana,Haryana,India",City
Masanganj,"Masanganj,Chhattisgarh,India",Neighborhood
Visveshwara Nagar,"Visveshwara Nagar,Karnataka,India",City
Baldhi Part,"Baldhi Part,Haryana,India",City
Purena,"Purena,Chhattisgarh,India",City
K.Shettihalli,"K.Shettihalli,Karnataka,India",City
Kutail,"Kutail,Haryana,India",City
Bhandara,"Bhandara,Bhandara,Maharashtra,India",City
Ilavala Hobli,"Ilavala Hobli,Karnataka,India",City
Gharaunda (part),"Gharaunda (part),Haryana,India",City
Bellampalle,"Bellampalle,Telangana,India",City
Sundahalli,"Sundahalli,Karnataka,India",City
Gharaunda,"Gharaunda,Gharaunda,Haryana,India",City
Mancherial,"Mancherial,Telangana,India",City
Mandya,"Mandya,Mandya,Karnataka,India",City
Phusgarh Part,"Phusgarh Part,Haryana,India",City
Peddapalli,"Peddapalli,Peddapalli,Telangana,India",City
Somanahalli,"Somanahalli,Karnataka,India",City
Deoband,"Deoband,Deoband,Uttar Pradesh,India",City
Kazipet,"Kazipet,Telangana,India",City
Kunigal,"Kunigal,Kunigal,Karnataka,India",City
Noorpur Dehat,"Noorpur Dehat,Uttar Pradesh,India",City
Hanamkonda,"Hanamkonda,Telangana,India",City
Tiptur,"Tiptur,Tiptur,Karnataka,India",City
Manglaur,"Manglaur,Uttarakhand,India",City
Mahabubabad,"Mahabubabad,Telangana,India",City
Mydala,"Mydala,Karnataka,India",City
Talhedi,"Talhedi,Uttarakhand,India",City
Nadikudi,"Nadikudi,Andhra Pradesh,India",City
Pandithanahalli,"Pandithanahalli,Karnataka,India",City
Bhagwanpur,"Bhagwanpur,Uttarakhand,India",City
Piduguralla,"Piduguralla,Piduguralla,Andhra Pradesh,India",City
Basavapatna,"Basavapatna,Karnataka,India",City
Chhutmalpur,"Chhutmalpur,Uttar Pradesh,India",City
Dachepalle,"Dachepalle,Andhra Pradesh,India",City
Binnamangala,"Binnamangala,Karnataka,India",City
Saharanpur,"Saharanpur,Saharanpur,Uttar Pradesh,India",City
Sattenapalle,"Sattenapalle,Andhra Pradesh,India",City
Chikkaballapur,"Chikkaballapur,Karnataka,India",City
Jagadhri,"Jagadhri,Jagadhri,Haryana,India",City
Kanchikacherla,"Kanchikacherla,Kanchikacherla,Andhra Pradesh,India",City
Koduru,"Koduru,Andhra Pradesh,India",City
Central Hope Town,"Central Hope Town,Uttarakhand,India",City
Guntupalli,"Guntupalli,Andhra Pradesh,India",City
Rajampet,"Rajampet,Rajampet,Andhra Pradesh,India",City
Dharampur,"Dharampur,Himachal Pradesh,India",City
Kunchanapalli,"Kunchanapalli,Andhra Pradesh,India",City
Kadapa,"Kadapa,Andhra Pradesh,India",City
Solan,"Solan,Solan,Himachal Pradesh,India",City
Pedakakani,"Pedakakani,Andhra Pradesh,India",City
Mydukur,"Mydukur,Andhra Pradesh,India",City
Pinjore,"Pinjore,Haryana,India",City
Atmakur Rural,"Atmakur Rural,Andhra Pradesh,India",City
S.Mydukur,"S.Mydukur,Andhra Pradesh,India",City
Kalka,"Kalka,Kalka,Haryana,India",City
Penamaluru,"Penamaluru,Andhra Pradesh,India",City
Dhone,"Dhone,Andhra Pradesh,India",City
Parwanoo,"Parwanoo,Himachal Pradesh,India",City
Duggirala,"Duggirala,Andhra Pradesh,India",City
Ramarajupalle,"Ramarajupalle,Andhra Pradesh,India",City
Bhagwanpur,"Bhagwanpur,Haryana,India",City
Hubli-Dharwad,"Hubli-Dharwad,Karnataka,India",City
Sukteri,"Sukteri,Haryana,India",City
Rajanagaram,"Rajanagaram,Rajanagaram,Andhra Pradesh,India",City
Harihar,"Harihar,Karnataka,India",City
Judian,"Judian,Haryana,India",City
Kovvur,"Kovvur,Andhra Pradesh,India",City
Nuvem,"Nuvem,Goa,India",City
Panchkula,"Panchkula,Haryana,India",City
Tadepalligudem,"Tadepalligudem,Andhra Pradesh,India",City
Mohra,"Mohra,Haryana,India",City
Amalapuram,"Amalapuram,Andhra Pradesh,India",City
Verna,"Verna,Goa,India",City
Nagla,"Nagla,Punjab,India",City
Pithapuram,"Pithapuram,Pithapuram,Andhra Pradesh,India",City
Bir Dandrala,"Bir Dandrala,Punjab,India",City
Bheemunipatnam,"Bheemunipatnam,Andhra Pradesh,India",City
Dabolim,"Dabolim,Goa,India",City
Dera Bassi,"Dera Bassi,Punjab,India",City
Tuni,"Tuni,Tuni,Andhra Pradesh,India",City
Janetpur,"Janetpur,Punjab,India",City
Nallapadu Rural,"Nallapadu Rural,Andhra Pradesh,India",City
Ponda,"Ponda,Ponda,Goa,India",City
Gholu Majra,"Gholu Majra,Punjab,India",City
Tangutur,"Tangutur,Tangutur,Andhra Pradesh,India",City
Velha Goa,"Velha Goa,Goa,India",City
Lehli,"Lehli,Punjab,India",City
Kavali,"Kavali,Kavali,Andhra Pradesh,India",City
Bambolim,"Bambolim,Goa,India",City
Mehmadpur,"Mehmadpur,Punjab,India",City
Naidupeta,"Naidupeta,Andhra Pradesh,India",City
Lalru,"Lalru,Punjab,India",City
L.A.Sagaram,"L.A.Sagaram,Andhra Pradesh,India",City
Sangolda,"Sangolda,Goa,India",City
Jharmari,"Jharmari,Punjab,India",City
Srikalahasti,"Srikalahasti,Andhra Pradesh,India",City
Nizampur,"Nizampur,Haryana,India",City
Renigunta,"Renigunta,Renigunta,Andhra Pradesh,India",Neighborhood
Candolim,"Candolim,Goa,India",City
Rajpura,"Rajpura,Rajpura,Punjab,India",Neighborhood
Gummidipoondi,"Gummidipoondi,Tamil Nadu,India",City
Guirim,"Guirim,Goa,India",City
Kharar,"Kharar,Kharar,Punjab,India",City
Salavankuppam,"Salavankuppam,Tamil Nadu,India",City
Ichalkaranji,"Ichalkaranji,Maharashtra,India",City
Bhabat,"Bhabat,Punjab,India",City
Semmanjeri,"Semmanjeri,Tamil Nadu,India",City
Gandhinagar,"Gandhinagar,Maharashtra,India",City
Nayagaon,"Nayagaon,Punjab,India",City
Navalur,"Navalur,Tamil Nadu,India",City
Peth Vadgaon,"Peth Vadgaon,Maharashtra,India",City
Kurali,"Kurali,Punjab,India",City
Siruseri,"Siruseri,Tamil Nadu,India",City
Uran Islampur,"Uran Islampur,Maharashtra,India",City
Morinda,"Morinda,Punjab,India",City
Kanathur Reddykuppam,"Kanathur Reddykuppam,Tamil Nadu,India",Neighborhood
Karad,"Karad,Karad,Maharashtra,India",City
Behrampur Dhaha,"Behrampur Dhaha,Punjab,India",City
St.Thomas Mount,"St.Thomas Mount,Tamil Nadu,India",Neighborhood
Malkapur,"Malkapur,Pune Division,Maharashtra,India",City
Asmanpur,"Asmanpur,Punjab,India",City
Minjur,"Minjur,Tamil Nadu,India",City
Varade,"Varade,Maharashtra,India",City
Mandi Gobindgarh,"Mandi Gobindgarh,Punjab,India",City
Nazarathpettai,"Nazarathpettai,Tamil Nadu,India",City
Chiplun,"Chiplun,Chiplun,Maharashtra,India",City
Fatehgarh Sahib,"Fatehgarh Sahib,Punjab,India",City
Thirumazhisai,"Thirumazhisai,Tamil Nadu,India",City
Wadhe,"Wadhe,Maharashtra,India",City
Chuharpur Araian,"Chuharpur Araian,Punjab,India",City
Kuthambakkam,"Kuthambakkam,Tamil Nadu,India",City
Malavli,"Malavli,Maharashtra,India",City
Nabha,"Nabha,Nabha,Punjab,India",City
Veppambaattu,"Veppambaattu,Tamil Nadu,India",City
Kamshet,"Kamshet,Maharashtra,India",City
Bhawanigarh,"Bhawanigarh,Punjab,India",City
Manavalanagar,"Manavalanagar,Tamil Nadu,India",City
Urse,"Urse,Maharashtra,India",City
Sunam Udham Singh Wala,"Sunam Udham Singh Wala,Punjab,India",City
Thiruttani,"Thiruttani,Tamil Nadu,India",City
Gahunje,"Gahunje,Maharashtra,India",City
Dhuri,"Dhuri,Dhuri,Punjab,India",City
Meenakshi Nagar,"Meenakshi Nagar,Tamil Nadu,India",City
Talegaon Dabhade R,"Talegaon Dabhade R,Maharashtra,India",City
Malerkotla,"Malerkotla,Punjab,India",City
Uthirampattu,"Uthirampattu,Tamil Nadu,India",City
Kharabwadi,"Kharabwadi,Maharashtra,India",City
Doraha,"Doraha,Punjab,India",City
Kaveripakkam,"Kaveripakkam,Tamil Nadu,India",City
Moi,"Moi,Maharashtra,India",City
Sahnewal,"Sahnewal,Punjab,India",City
Attuputhur,"Attuputhur,Tamil Nadu,India",City
Dattwadi,"Dattwadi,Maharashtra,India",City
Sahnewal Khurd,"Sahnewal Khurd,Punjab,India",City
Santhavelur,"Santhavelur,Tamil Nadu,India",City
Chimbali,"Chimbali,Maharashtra,India",City
Jagraon,"Jagraon,Jagraon,Punjab,India",City
Sriperumbudur,"Sriperumbudur,Sriperumbudur,Tamil Nadu,India",City
Kurali,"Kurali,Maharashtra,India",City
Mirpur,"Mirpur,Haryana,India",City
Vandalur,"Vandalur,Tamil Nadu,India",Neighborhood
Chandoli,"Chandoli,Maharashtra,India",City
Shamshabad Patti,"Shamshabad Patti,Haryana,India",City
Guduvancheri,"Guduvancheri,Tamil Nadu,India",City
Shikrapur,"Shikrapur,Maharashtra,India",City
Sirsa,"Sirsa,Sirsa,Haryana,India",City
Hanumanthai,"Hanumanthai,Tamil Nadu,India",Neighborhood
Kondhapuri,"Kondhapuri,Maharashtra,India",City
Fatehabad,"Fatehabad,Fatehabad,Haryana,India",City
Pattaravakkam,"Pattaravakkam,Tamil Nadu,India",City
Sanaswadi,"Sanaswadi,Maharashtra,India",City
Kaithal,"Kaithal,Kaithal,Haryana,India",City
Chengalpattu,"Chengalpattu,Tamil Nadu,India",City
Lonikand,"Lonikand,Maharashtra,India",City
Narwana,"Narwana,Narwana,Haryana,India",City
Pazhaveli,"Pazhaveli,Tamil Nadu,India",City
Loni Kalbhor,"Loni Kalbhor,Maharashtra,India",City
Jind,"Jind,Jind,Haryana,India",City
Maiyur,"Maiyur,Tamil Nadu,India",City
Yewalewadi,"Yewalewadi,Maharashtra,India",City
Julani,"Julani,Haryana,India",City
Palayanur,"Palayanur,Tamil Nadu,India",City
Shirwal,"Shirwal,Maharashtra,India",City
Meham,"Meham,Haryana,India",City
Salavadi,"Salavadi,Tamil Nadu,India",City
Shirur,"Shirur,Maharashtra,India",City
Rajgarh,"Rajgarh,Bikaner Division,Rajasthan,India",City
V. Marudur,"V. Marudur,Tamil Nadu,India",City
Tardobachiwadi,"Tardobachiwadi,Maharashtra,India",City
Hanumangarh,"Hanumangarh,Hanumangarh,Rajasthan,India",City
Vadalur R.F.,"Vadalur R.F.,Tamil Nadu,India",City
Tuljapur,"Tuljapur,Tuljapur,Maharashtra,India",City
Sri Muktsar Sahib,"Sri Muktsar Sahib,Sri Muktsar Sahib,Punjab,India",City
Begambur,"Begambur,Tamil Nadu,India",Neighborhood
Wadi,"Wadi,Karnataka,India",City
Abohar,"Abohar,Abohar,Punjab,India",City
Naganakulam,"Naganakulam,Tamil Nadu,India",City
Vikarabad,"Vikarabad,Vikarabad,Telangana,India",City
Sri Ganganagar,"Sri Ganganagar,Rajasthan,India",City
Samayanallur,"Samayanallur,Tamil Nadu,India",City
Raichur,"Raichur,Raichur,Karnataka,India",City
Nurpur,"Nurpur,Punjab,India",City
Thalaiyuthu,"Thalaiyuthu,Tamil Nadu,India",City
Nalgonda,"Nalgonda,Nalgonda,Telangana,India",City
Goraya,"Goraya,Punjab,India",City
Valliyur,"Valliyur,Tamil Nadu,India",City
Chityala,"Chityala,Telangana,India",City
Nawanshahr,"Nawanshahr,Punjab,India",City
Ramavarmapuram,"Ramavarmapuram,Tamil Nadu,India",City
Alair,"Alair,Telangana,India",City
Hambewal,"Hambewal,Punjab,India",City
Balaramapuram,"Balaramapuram,Kerala,India",City
Gudur,"Gudur,Telangana,India",City
Sapror,"Sapror,Punjab,India",City
Kazhakkoottam,"Kazhakkoottam,Kerala,India",City
Pagidipalli,"Pagidipalli,Telangana,India",City
Mehat,"Mehat,Punjab,India",City
Kaniyapuram,"Kaniyapuram,Kerala,India",City
Domara Pocham Pally,"Domara Pocham Pally,Telangana,India",City
Mukerian,"Mukerian,Mukerian,Punjab,India",City
Veiloor,"Veiloor,Kerala,India",City
Kurmalguda,"Kurmalguda,Telangana,India",City
Dasuya,"Dasuya,Punjab,India",City
Chathannoor,"Chathannoor,Kerala,India",City
Thimmapur,"Thimmapur,Telangana,India",City
Bhogpur,"Bhogpur,Punjab,India",City
Kottarakkara,"Kottarakkara,Kerala,India",City
Cherlaguda,"Cherlaguda,Telangana,India",City
Rayya,"Rayya,Punjab,India",City
Nangiarkulangara,"Nangiarkulangara,Kerala,India",City
Raikal,"Raikal,Telangana,India",City
Pathankot,"Pathankot,Pathankot,Punjab,India",City
Kuttapuzha,"Kuttapuzha,Kerala,India",City
Chilkamarri,"Chilkamarri,Telangana,India",City
Pali,"Pali,Pali,Rajasthan,India",City
Changanassery,"Changanassery,Kerala,India",City
Zaheerabad,"Zaheerabad,Zaheerabad,Telangana,India",City
Limbdi,"Limbdi,Limbdi,Gujarat,India",City
Kavumbhagom,"Kavumbhagom,Kerala,India",City
Kamptee,"Kamptee,Kamptee,Maharashtra,India",City
Adalaj,"Adalaj,Gujarat,India",City
Nattakom,"Nattakom,Kerala,India",City
Khamgaon,"Khamgaon,Maharashtra,India",City
Modasa,"Modasa,Modasa,Gujarat,India",City
Srivilliputhur,"Srivilliputhur,Tamil Nadu,India",City
Bhusawal,"Bhusawal,Bhusawal,Maharashtra,India",City
Zundal,"Zundal,Gujarat,India",City
Rajapalayam,"Rajapalayam,Tamil Nadu,India",City
Kopargaon,"Kopargaon,Kopargaon,Maharashtra,India",City
Visalpur,"Visalpur,Gujarat,India",City
Thodupuzha,"Thodupuzha,Kerala,India",City
Shrirampur,"Shrirampur,Maharashtra,India",City
Sanand,"Sanand,Sanand,Gujarat,India",City
Koothattukulam,"Koothattukulam,Kerala,India",City
Ahmednagar,"Ahmednagar,Maharashtra,India",City
Shela,"Shela,Gujarat,India",City
Muvattupuzha,"Muvattupuzha,Muvattupuzha,Kerala,India",City
Awal Khed,"Awal Khed,Maharashtra,India",City
Bagodara,"Bagodara,Gujarat,India",City
Kothamangalam,"Kothamangalam,Kerala,India",City
Malegaon,"Malegaon,Maharashtra,India",City
Bholav Part,"Bholav Part,Gujarat,India",City
Pezhakkappilly,"Pezhakkappilly,Kerala,India",City
Palod,"Palod,Gujarat,India",City
Palej,"Palej,Gujarat,India",City
Muringur Vadakkummuri,"Muringur Vadakkummuri,Kerala,India",City
Valak,"Valak,Gujarat,India",City
Karjan,"Karjan,Karjan,Gujarat,India",City
Angamaly,"Angamaly,Kerala,India",City
Sayan,"Sayan,Gujarat,India",City
Godhra,"Godhra,Godhra,Gujarat,India",City
Chelamattom part,"Chelamattom part,Kerala,India",City
Chalthan,"Chalthan,Gujarat,India",City
Ratlam,"Ratlam,Ratlam,Madhya Pradesh,India",City
Koonammavu,"Koonammavu,Kerala,India",City
Bardoli,"Bardoli,Bardoli,Gujarat,India",City
Nathdwara,"Nathdwara,Nathdwara,Rajasthan,India",City
Thiruvankulam,"Thiruvankulam,Kerala,India",City
Vyara,"Vyara,Vyara,Gujarat,India",City
Beawar,"Beawar,Rajasthan,India",City
Manakunnam,"Manakunnam,Kerala,India",City
Abrama,"Abrama,Gujarat,India",City
Madarpura,"Madarpura,Rajasthan,India",City
Vadayar,"Vadayar,Kerala,India",City
Parnera,"Parnera,Gujarat,India",City
Dahmi Kalan,"Dahmi Kalan,Rajasthan,India",City
Cherthala,"Cherthala,Kerala,India",City
Morai,"Morai,Gujarat,India",City
Hathod,"Hathod,Rajasthan,India",City
Paravur,"Paravur,Kerala,India",City
Bhilad,"Bhilad,Gujarat,India",City
Sheeshyoo,"Sheeshyoo,Rajasthan,India",City
Someshwara,"Someshwara,Karnataka,India",Neighborhood
Samroli,"Samroli,Gujarat,India",City
Neemrana,"Neemrana,Rajasthan,India",City
Thalassery,"Thalassery,Kerala,India",City
Dahanu,"Dahanu,Maharashtra,India",City
Dausa Khurd Rural,"Dausa Khurd Rural,Rajasthan,India",City
Elayavoor,"Elayavoor,Kerala,India",City
Shahapur,"Shahapur,Shahapur,Maharashtra,India",City
Kukas,"Kukas,Rajasthan,India",City
Puzhathi,"Puzhathi,Kerala,India",City
Titwala,"Titwala,Maharashtra,India",City
Shri Kishanpura,"Shri Kishanpura,Rajasthan,India",City
Bantwal,"Bantwal,Karnataka,India",City
Kon,"Kon,Maharashtra,India",City
Bandikui,"Bandikui,Rajasthan,India",City
Manjeri,"Manjeri,Kerala,India",City
Kongaon,"Kongaon,Maharashtra,India",City
Bhojpura,"Bhojpura,Rajasthan,India",City
Feroke,"Feroke,Kerala,India",City
Khadawali,"Khadawali,Maharashtra,India",City
Semri,"Semri,Uttar Pradesh,India",City
Moonniyur,"Moonniyur,Kerala,India",City
Vaveghar,"Vaveghar,Maharashtra,India",City
Chhata Rural,"Chhata Rural,Uttar Pradesh,India",City
Pantheeramkavu,"Pantheeramkavu,Kerala,India",City
Deodal,"Deodal,Maharashtra,India",City
Bamani Khera,"Bamani Khera,Haryana,India",City
Thamarassery,"Thamarassery,Kerala,India",City
Chinchoti,"Chinchoti,Maharashtra,India",City
Barhana,"Barhana,Uttar Pradesh,India",City
Kalpetta,"Kalpetta,Kerala,India",City
Bilalpada,"Bilalpada,Maharashtra,India",City
Rudau Mustaqil,"Rudau Mustaqil,Uttar Pradesh,India",City
Azhiyur,"Azhiyur,Kerala,India",City
Sandor,"Sandor,Maharashtra,India",City
Kuberpur,"Kuberpur,Uttar Pradesh,India",City
Valanchery,"Valanchery,Kerala,India",City
Tarkhad,"Tarkhad,Maharashtra,India",Neighborhood
Etah,"Etah,Etah,Uttar Pradesh,India",City
Tavanur,"Tavanur,Kerala,India",City
Navghar-Manikpur,"Navghar-Manikpur,Maharashtra,India",City
Etawah,"Etawah,Etawah,Uttar Pradesh,India",City
Mullurkara,"Mullurkara,Kerala,India",City
Kasheli,"Kasheli,Maharashtra,India",City
Morena,"Morena,Madhya Pradesh,India",City
Shoranur,"Shoranur,Kerala,India",City
Nadode,"Nadode,Maharashtra,India",City
Dabra,"Dabra,Dabra,Madhya Pradesh,India",City
Pattambi,"Pattambi,Pattambi,Kerala,India",City
Dhamani,"Dhamani,Maharashtra,India",City
Jhansi Rly. Settl,"Jhansi Rly. Settl,Uttar Pradesh,India",City
Cheruthuruthi,"Cheruthuruthi,Kerala,India",City
Kusgaon Budruk,"Kusgaon Budruk,Maharashtra,India",City
Sehore,"Sehore,Sehore,Madhya Pradesh,India",City
Pananchery,"Pananchery,Kerala,India",City
Jagdalpur,"Jagdalpur,Chhattisgarh,India",City
Narmadapuram,"Narmadapuram,Madhya Pradesh,India",City
Kaiparambu,"Kaiparambu,Kerala,India",City
Pudukkottai,"Pudukkottai,Pudukkottai,Tamil Nadu,India",City
Pipariya,"Pipariya,Madhya Pradesh,India",City
Thalore,"Thalore,Kerala,India",City
Pallavaram,"Pallavaram,Pallavaram,Tamil Nadu,India",Neighborhood
Narsinghpur,"Narsinghpur,Madhya Pradesh,India",City
Amballur,"Amballur,Kerala,India",City
Titagarh,"Titagarh,West Bengal,India",Neighborhood
Rewa,"Rewa,Madhya Pradesh,India",City
Pudukad,"Pudukad,Kerala,India",City
Mandoli,"Mandoli,Delhi,India",Neighborhood
Daiwghat,"Daiwghat,Uttar Pradesh,India",City
Potta,"Potta,Kerala,India",City
Dharmasala,"Dharmasala,Dharmasala,Odisha,India",City
Jhusi,"Jhusi,Uttar Pradesh,India",City
Kannampalayam,"Kannampalayam,Tamil Nadu,India",Neighborhood
Thiruporur,"Thiruporur,Tamil Nadu,India",City
Medininagar,"Medininagar,Jharkhand,India",City
Ondipudur,"Ondipudur,Tamil Nadu,India",Neighborhood
Wanadongri,"Wanadongri,Maharashtra,India",City
Aurangabad,"Aurangabad,Aurangabad,Bihar,India",City
Kurichi,"Kurichi,Tamil Nadu,India",Neighborhood
Oddepalle,"Oddepalle,Andhra Pradesh,India",City
Mughalsarai,"Mughalsarai,Uttar Pradesh,India",City
Podanur,"Podanur,Tamil Nadu,India",Neighborhood
Kanakkary,"Kanakkary,Kerala,India",City
Mirzapur,"Mirzapur,Mirzapur,Uttar Pradesh,India",City
Ettimadai R.F.,"Ettimadai R.F.,Tamil Nadu,India",City
Nilamel,"Nilamel,Kerala,India",City
Shivdaspur,"Shivdaspur,Uttar Pradesh,India",City
Kanjikode,"Kanjikode,Kerala,India",City
Nilambur,"Nilambur,Nilambur,Kerala,India",City
Shahganj,"Shahganj,Uttar Pradesh,India",City
Pirayiri,"Pirayiri,Kerala,India",City
Chichala,"Chichala,Maharashtra,India",City
Basti,"Basti,Basti,Uttar Pradesh,India",City
Talamalai R.F.,"Talamalai R.F.,Tamil Nadu,India",City
Irugur,"Irugur,Tamil Nadu,India",City
Ghazipur,"Ghazipur,Uttar Pradesh,India",City
Sembianallur,"Sembianallur,Tamil Nadu,India",City
Pale Gaon,"Pale Gaon,Maharashtra,India",City
Chapra,"Chapra,Bihar,India",City
Perumanallur,"Perumanallur,Tamil Nadu,India",City
Mithi Rohar,"Mithi Rohar,Gujarat,India",City
Siwan,"Siwan,Siwan,Bihar,India",City
A.Thirumuruganpoondi,"A.Thirumuruganpoondi,Tamil Nadu,India",City
Kolenchery,"Kolenchery,Kerala,India",City
Anora Kala,"Anora Kala,Uttar Pradesh,India",City
Kangeyam,"Kangeyam,Tamil Nadu,India",City
Balotra,"Balotra,Rajasthan,India",City
Gonda,"Gonda,Gonda,Uttar Pradesh,India",City
Udumalaipettai,"Udumalaipettai,Tamil Nadu,India",City
Ayodhya,"Ayodhya,Uttar Pradesh,India",City
Neelagiri,"Neelagiri,Tamil Nadu,India",City
Jaisalmer,"Jaisalmer,Jaisalmer,Rajasthan,India",City
Pilkhawan,"Pilkhawan,Uttar Pradesh,India",City
Agaram,"Agaram,Tamil Nadu,India",City
Mohkam Pur Kala,"Mohkam Pur Kala,Uttarakhand,India",City
Sultanpur,"Sultanpur,Sultanpur,Uttar Pradesh,India",City
Bikshandarkoil,"Bikshandarkoil,Tamil Nadu,India",Neighborhood
Kudal,"Kudal,Maharashtra,India",City
Bela Pratapgarh,"Bela Pratapgarh,Uttar Pradesh,India",City
Samayapuram,"Samayapuram,Tamil Nadu,India",City
Thiruvaniyoor,"Thiruvaniyoor,Kerala,India",City
Fatehpur,"Fatehpur,Uttar Pradesh,India",City
Ulundurpet,"Ulundurpet,Tamil Nadu,India",City
Vellakoil,"Vellakoil,Tamil Nadu,India",City
Chhandwal,"Chhandwal,Uttar Pradesh,India",City
Rasipuram,"Rasipuram,Tamil Nadu,India",City
Dwarapudi Village,"Dwarapudi Village,Andhra Pradesh,India",City
Semra,"Semra,Uttar Pradesh,India",City
A.Reddihalli,"A.Reddihalli,Tamil Nadu,India",City
Chachu Majra,"Chachu Majra,Punjab,India",City
Ardonamau,"Ardonamau,Uttar Pradesh,India",City
Nallampalli,"Nallampalli,Nallampalli,Tamil Nadu,India",Neighborhood
Vandanam,"Vandanam,Kerala,India",City
Mau,"Mau,Lucknow Division,Uttar Pradesh,India",City
Tirupathur,"Tirupathur,Tamil Nadu,India",City
Aruppukkottai,"Aruppukkottai,Aruppukkottai,Tamil Nadu,India",City
Hariharpur,"Hariharpur,Uttar Pradesh,India",City
Ambur,"Ambur,Ambur,Tamil Nadu,India",City
Bundi,"Bundi,Bundi,Rajasthan,India",City
Farrukhabad,"Farrukhabad,Farrukhabad,Uttar Pradesh,India",City
Somalapuram,"Somalapuram,Tamil Nadu,India",City
Kichha,"Kichha,Kichha,Uttarakhand,India",City
Sandila,"Sandila,Sandila,Uttar Pradesh,India",City
Virupakshipuram,"Virupakshipuram,Tamil Nadu,India",City
Palakollu,"Palakollu,Palakollu,Andhra Pradesh,India",City
Hardoi,"Hardoi,Hardoi,Uttar Pradesh,India",City
Kudiyanakuppam,"Kudiyanakuppam,Tamil Nadu,India",City
Taroda Bk.,"Taroda Bk.,Maharashtra,India",City
Maholiya Sheopar,"Maholiya Sheopar,Uttar Pradesh,India",City
Natrampalli,"Natrampalli,Natrampalli,Tamil Nadu,India",City
Laxminarayanpura,"Laxminarayanpura,Rajasthan,India",City
Tanda Range,"Tanda Range,Uttarakhand,India",City
Kundarapalli,"Kundarapalli,Tamil Nadu,India",City
Bhatkal,"Bhatkal,Bhatkal,Karnataka,India",City
Nainital,"Nainital,Nainital,Uttarakhand,India",City
Bangarapet,"Bangarapet,Bangarapet,Karnataka,India",City
Kallelibhagom,"Kallelibhagom,Kerala,India",City
Cooch Behar,"Cooch Behar,West Bengal,India",City
Tamaka,"Tamaka,Karnataka,India",City
Attavanai Pallagoundanpalayam,"Attavanai Pallagoundanpalayam,Tamil Nadu,India",City
Matigara,"Matigara,West Bengal,India",City
Thigala Chowdadenahalli,"Thigala Chowdadenahalli,Karnataka,India",City
Gobindpur,"Gobindpur,Jharkhand,India",City
Gangtok,"Gangtok,Sikkim,India",City
Varthur,"Varthur,Karnataka,India",Neighborhood
Ammanambakkam,"Ammanambakkam,Tamil Nadu,India",City
Sitamarhi,"Sitamarhi,Bihar,India",City
Bandapura,"Bandapura,Karnataka,India",City
Parassala,"Parassala,Kerala,India",City
Khabra urf Kiratpur Gurdas,"Khabra urf Kiratpur Gurdas,Bihar,India",City
Byrathi,"Byrathi,Karnataka,India",Neighborhood
Attappallam,"Attappallam,Kerala,India",City
Lakhani Bigha,"Lakhani Bigha,Bihar,India",City
Kudlu,"Kudlu,Karnataka,India",City
Amalsad,"Amalsad,Gujarat,India",City
Khagaul,"Khagaul,Bihar,India",Neighborhood
Kasavanahalli,"Kasavanahalli,Karnataka,India",Neighborhood
Palwancha,"Palwancha,Telangana,India",City
Hajipur,"Hajipur,Hajipur,Bihar,India",City
Sathanur,"Sathanur,Karnataka,India",City
Dumka,"Dumka,Jharkhand,India",City
Terasiya,"Terasiya,Bihar,India",City
Hosathota,"Hosathota,Karnataka,India",City
Jaisinghpur Khera,"Jaisinghpur Khera,Haryana,India",City
Bhagwanpur,"Bhagwanpur,Bihar,India",City
Boovanahalli,"Boovanahalli,Karnataka,India",City
Keezhillam,"Keezhillam,Kerala,India",City
Basdeopur,"Basdeopur,Bihar,India",City
Kodigenahalli,"Kodigenahalli,Karnataka,India",City
Sikenderguda,"Sikenderguda,Telangana,India",City
Bhagalpur,"Bhagalpur,Bihar,India",City
Rajanukunte,"Rajanukunte,Karnataka,India",City
Zanzroli,"Zanzroli,Maharashtra,India",City
Deoghar,"Deoghar,Jharkhand,India",City
Heggadadevanapura,"Heggadadevanapura,Karnataka,India",City
Kollayil,"Kollayil,Kerala,India",City
Nipania,"Nipania,Bihar,India",City
Makali,"Makali,Karnataka,India",City
Padra,"Padra,Padra,Gujarat,India",City
Lakhisarai,"Lakhisarai,Lakhisarai,Bihar,India",City
Dasanapura,"Dasanapura,Karnataka,India",City
Kullu,"Kullu,Kullu,Himachal Pradesh,India",City
Barh,"Barh,Barh,Bihar,India",City
Challegatta,"Challegatta,Karnataka,India",Neighborhood
Laxmipura,"Laxmipura,Gujarat,India",City
Bakhtiarpur,"Bakhtiarpur,Bihar,India",Neighborhood
Ramasandra,"Ramasandra,Karnataka,India",City
Kardal,"Kardal,Maharashtra,India",City
Bihar Sharif,"Bihar Sharif,Bihar Sharif,Bihar,India",City
Madavara,"Madavara,Karnataka,India",City
Sundar Nagar,"Sundar Nagar,Sundar Nagar,Himachal Pradesh,India",City
Jhumri Telaiya,"Jhumri Telaiya,Jharkhand,India",City
Ullal,"Ullal,Bangalore Division,Karnataka,India",City
Jaggaiahpet,"Jaggaiahpet,Andhra Pradesh,India",City
Bagbera colony,"Bagbera colony,Jharkhand,India",City
Dobbsapet,"Dobbsapet,Karnataka,India",City
Suri,"Suri,West Bengal,India",City
Mallasandra,"Mallasandra,Karnataka,India",City
Panagarh,"Panagarh,West Bengal,India",City
Badamanavarathekaval,"Badamanavarathekaval,Karnataka,India",Neighborhood
Arambag,"Arambag,West Bengal,India",City
Ramanagara,"Ramanagara,Karnataka,India",City
Bamchandaipur,"Bamchandaipur,West Bengal,India",City
Doddakammanahalli,"Doddakammanahalli,Karnataka,India",Neighborhood
Memari,"Memari,West Bengal,India",City
Doddanagamangala Village,"Doddanagamangala Village,Karnataka,India",City
Kanchrapara,"Kanchrapara,West Bengal,India",City
Bhovi Palya,"Bhovi Palya,Karnataka,India",City
Baidyabati,"Baidyabati,West Bengal,India",City
Avalapalli Hudco,"Avalapalli Hudco,Tamil Nadu,India",City
Barrackpore,"Barrackpore,West Bengal,India",Neighborhood
Hale Kesare,"Hale Kesare,Karnataka,India",City
North Dumdum,"North Dumdum,West Bengal,India",Neighborhood
Yelawala,"Yelawala,Karnataka,India",Neighborhood
Muragachha,"Muragachha,West Bengal,India",City
Guthalu,"Guthalu,Karnataka,India",City
Katihar,"Katihar,Katihar,Bihar,India",City
Thimmalapura,"Thimmalapura,Karnataka,India",City
Bangaon,"Bangaon,Bangaon,West Bengal,India",City
Sira,"Sira,Sira,Karnataka,India",City
Ghuni,"Ghuni,West Bengal,India",Neighborhood
Hiriyur,"Hiriyur,Hiriyur,Karnataka,India",City
Alampur,"Alampur,West Bengal,India",City
Maroor,"Maroor,Andhra Pradesh,India",City
Jangalpur,"Jangalpur,West Bengal,India",City
Nijagal,"Nijagal,Karnataka,India",City
Debra,"Debra,West Bengal,India",City
Dobbaspet,"Dobbaspet,Karnataka,India",City
Panskura,"Panskura,West Bengal,India",City
K.G Govindapura,"K.G Govindapura,Karnataka,India",City
Haldia,"Haldia,West Bengal,India",City
Kurubarakunte,"Kurubarakunte,Karnataka,India",City
Dhenkanal,"Dhenkanal,Dhenkanal,Odisha,India",City
Proddatur,"Proddatur,Proddatur,Andhra Pradesh,India",City
Barang,"Barang,Odisha,India",City
Adoni,"Adoni,Adoni,Andhra Pradesh,India",City
Byasanagar,"Byasanagar,Odisha,India",City
Guntakal,"Guntakal,Guntakal,Andhra Pradesh,India",Neighborhood
Uttara,"Uttara,Odisha,India",City
Gadag-Betageri,"Gadag-Betageri,Karnataka,India",City
Puri,"Puri,Odisha,India",City
Gadag-Betigeri,"Gadag-Betigeri,Karnataka,India",City
Bhadrak,"Bhadrak,Bhadrak,Odisha,India",City
Haveri,"Haveri,Haveri,Karnataka,India",City
Balasore,"Balasore,Odisha,India",City
Ranebennur,"Ranebennur,Karnataka,India",City
Soro,"Soro,Odisha,India",City
Arsikere,"Arsikere,Karnataka,India",City
Midnapore,"Midnapore,West Bengal,India",City
Chikkamagaluru,"Chikkamagaluru,Chikkamagaluru,Karnataka,India",City
Brajrajnagar,"Brajrajnagar,Odisha,India",City
Birur,"Birur,Karnataka,India",Neighborhood
Telipara,"Telipara,Chhattisgarh,India",Neighborhood
Kadur,"Kadur,Kadur,Karnataka,India",City
Atal Nagar-Nava Raipur,"Atal Nagar-Nava Raipur,Chhattisgarh,India",City
Tenka,"Tenka,Karnataka,India",City
Tikrapara,"Tikrapara,Chhattisgarh,India",City
Corlim,"Corlim,Goa,India",City
Charoda,"Charoda,Chhattisgarh,India",City
Verem,"Verem,Goa,India",City
Smriti Nagar,"Smriti Nagar,Chhattisgarh,India",Neighborhood
Chicalim,"Chicalim,Goa,India",City
Nehru Nagar,"Nehru Nagar,Chhattisgarh,India",Neighborhood
New Vaddem,"New Vaddem,Goa,India",City
Suryapet,"Suryapet,Telangana,India",City
Mapusa,"Mapusa,Goa,India",City
Kesaram,"Kesaram,Telangana,India",City
Nipani,"Nipani,Karnataka,India",City
Kodad,"Kodad,Kodad,Telangana,India",City
Kagal,"Kagal,Maharashtra,India",City
Miryalaguda,"Miryalaguda,Telangana,India",City
Sangli Miraj Kupwad,"Sangli Miraj Kupwad,Maharashtra,India",City
Gannavaram,"Gannavaram,Gannavaram,Andhra Pradesh,India",City
Miraj,"Miraj,Miraj,Maharashtra,India",City
Kaza,"Kaza,Andhra Pradesh,India",City
Peth,"Peth,Maharashtra,India",City
Gudivada,"Gudivada,Gudivada,Andhra Pradesh,India",City
Mahalunge Ingale,"Mahalunge Ingale,Maharashtra,India",City
Anaparthi,"Anaparthi,Anaparthi,Andhra Pradesh,India",City
Vitthal Nagar,"Vitthal Nagar,Maharashtra,India",City
Tallavalasa,"Tallavalasa,Andhra Pradesh,India",City
Chakan,"Chakan,Maharashtra,India",City
Gopalapatnam (rural),"Gopalapatnam (rural),Andhra Pradesh,India",City
Rajgurunagar,"Rajgurunagar,Maharashtra,India",City
Gangavaram,"Gangavaram,Andhra Pradesh,India",City
Khandale,"Khandale,Maharashtra,India",City
Elamanchili,"Elamanchili,Andhra Pradesh,India",City
Mangadewadi,"Mangadewadi,Maharashtra,India",City
Annavaram,"Annavaram,Andhra Pradesh,India",City
Shivare,"Shivare,Maharashtra,India",City
Vizianagaram,"Vizianagaram,Andhra Pradesh,India",City
Varve Bk,"Varve Bk,Maharashtra,India",City
Srikakulam,"Srikakulam,Andhra Pradesh,India",City
Kurkumbh,"Kurkumbh,Maharashtra,India",City
Kasibugga,"Kasibugga,Andhra Pradesh,India",City
Daund,"Daund,Maharashtra,India",City
Chirala,"Chirala,Andhra Pradesh,India",City
Yavat,"Yavat,Maharashtra,India",City
Narasaraopeta,"Narasaraopeta,Andhra Pradesh,India",City
Ranjangaon,"Ranjangaon,Maharashtra,India",City
Gudur,"Gudur,Gudur,Andhra Pradesh,India",City
Saradwadi Gav,"Saradwadi Gav,Maharashtra,India",City
Tada,"Tada,Tada,Andhra Pradesh,India",City
Pandharpur,"Pandharpur,Pandharpur,Maharashtra,India",City
Sri City,"Sri City,Andhra Pradesh,India",City
Beed,"Beed,Maharashtra,India",City
Kavaraipettai,"Kavaraipettai,Tamil Nadu,India",Neighborhood
Yadgiri,"Yadgiri,Karnataka,India",City
Kelambakkam,"Kelambakkam,Tamil Nadu,India",City
Mahbubnagar,"Mahbubnagar,Telangana,India",City
Thiruvidanthai,"Thiruvidanthai,Tamil Nadu,India",City
Jadcherla,"Jadcherla,Jadcherla,Telangana,India",City
Kolapakkam,"Kolapakkam,Tamil Nadu,India",City
Polepalle,"Polepalle,Telangana,India",City
Mambakkam,"Mambakkam,Tamil Nadu,India",City
Choutuppal,"Choutuppal,Telangana,India",City
Kazhipattur,"Kazhipattur,Tamil Nadu,India",City
Koyalagudem,"Koyalagudem,Telangana,India",City
Muthukadu,"Muthukadu,Tamil Nadu,India",Neighborhood
Narketpalle,"Narketpalle,Telangana,India",City
Kotivakkam,"Kotivakkam,Tamil Nadu,India",City
Pittampally,"Pittampally,Telangana,India",City
Ankaputhur,"Ankaputhur,Tamil Nadu,India",City
Jangaon,"Jangaon,Telangana,India",City
Thandalam,"Thandalam,Tamil Nadu,India",City
Yamnampet,"Yamnampet,Telangana,India",City
Puthagaram,"Puthagaram,Tamil Nadu,India",City
Devarayamjal,"Devarayamjal,Telangana,India",City
Siruniam,"Siruniam,Tamil Nadu,India",City
Seethariguda,"Seethariguda,Telangana,India",City
Nadukuthagai,"Nadukuthagai,Tamil Nadu,India",City
Rai Durg,"Rai Durg,Telangana,India",City
Kakkalur,"Kakkalur,Tamil Nadu,India",City
Medbowli,"Medbowli,Telangana,India",City
Arakkonam,"Arakkonam,Tamil Nadu,India",City
Bongloor,"Bongloor,Telangana,India",City
Arappanacheri,"Arappanacheri,Tamil Nadu,India",City
Palmakole,"Palmakole,Telangana,India",City
Nemili,"Nemili,Tamil Nadu,India",City
Muchintal,"Muchintal,Telangana,India",City
Mannivakkam,"Mannivakkam,Tamil Nadu,India",City
Posettyguda,"Posettyguda,Telangana,India",City
Padappai,"Padappai,Tamil Nadu,India",City
Hariguda,"Hariguda,Telangana,India",City
Thailavaram,"Thailavaram,Tamil Nadu,India",City
Tondpalle,"Tondpalle,Telangana,India",City
Kattankulathur,"Kattankulathur,Tamil Nadu,India",City
Devatabowli,"Devatabowli,Telangana,India",City
Maraimalai Nagar,"Maraimalai Nagar,Tamil Nadu,India",City
Shadnagar,"Shadnagar,Telangana,India",Neighborhood
Tindivanam,"Tindivanam,Tindivanam,Tamil Nadu,India",City
Sangareddy,"Sangareddy,Telangana,India",City
Kutteripattu,"Kutteripattu,Tamil Nadu,India",City
Kamareddy,"Kamareddy,Kamareddy,Telangana,India",City
Thavalakuppam,"Thavalakuppam,Puducherry,India",City
Kucharam,"Kucharam,Telangana,India",City
Neyveli T.S,"Neyveli T.S,Tamil Nadu,India",City
Immapur,"Immapur,Telangana,India",City
Chidambaram,"Chidambaram,Chidambaram,Tamil Nadu,India",City
Pothugal,"Pothugal,Telangana,India",City
Nagapattinam,"Nagapattinam,Tamil Nadu,India",City
Jagtial,"Jagtial,Jagtial,Telangana,India",City
Viraganur,"Viraganur,Tamil Nadu,India",Neighborhood
Parbhani,"Parbhani,Parbhani,Maharashtra,India",City
Sathamangalam,"Sathamangalam,Tamil Nadu,India",Neighborhood
Nanded-Waghala,"Nanded-Waghala,Maharashtra,India",City
Kodikulam,"Kodikulam,Tamil Nadu,India",Neighborhood
Chandrapur,"Chandrapur,Maharashtra,India",City
Thiruparankundram,"Thiruparankundram,Tamil Nadu,India",City
Digdoh,"Digdoh,Maharashtra,India",City
Ramanathapuram,"Ramanathapuram,Ramanathapuram,Tamil Nadu,India",City
Chhindwara,"Chhindwara,Chhindwara,Madhya Pradesh,India",City
Marthandam,"Marthandam,Tamil Nadu,India",City
Amravati,"Amravati,Maharashtra,India",City
Neyyattinkara,"Neyyattinkara,Neyyattinkara,Kerala,India",City
Murtizapur,"Murtizapur,Murtizapur,Maharashtra,India",City
Venjarammoodu,"Venjarammoodu,Kerala,India",City
Shegaon,"Shegaon,Shegaon,Maharashtra,India",City
Ayoor,"Ayoor,Kerala,India",City
Khandwa,"Khandwa,Khandwa,Madhya Pradesh,India",City
Kottiyam,"Kottiyam,Kerala,India",City
Burhanpur,"Burhanpur,Burhanpur,Madhya Pradesh,India",City
Parippally,"Parippally,Kerala,India",City
Chalisgaon,"Chalisgaon,Maharashtra,India",City
Karavaram,"Karavaram,Kerala,India",City
Pachora,"Pachora,Pachora,Maharashtra,India",City
Kallambalam,"Kallambalam,Kerala,India",City
Pandharpur,"Pandharpur,Aurangabad Division,Maharashtra,India",City
Attingal,"Attingal,Kerala,India",City
Dharmapur,"Dharmapur,Maharashtra,India",City
Kulasekharapuram,"Kulasekharapuram,Kerala,India",City
Nandgaon,"Nandgaon,Nandgaon,Maharashtra,India",City
Karunagappalli,"Karunagappalli,Kerala,India",City
Yeola,"Yeola,Yeola,Maharashtra,India",City
Krishnapuram,"Krishnapuram,Kerala,India",City
Rahata,"Rahata,Rahata,Maharashtra,India",City
Oachira,"Oachira,Kerala,India",City
Shirdi,"Shirdi,Maharashtra,India",City
Thiruvalla,"Thiruvalla,Kerala,India",City
Rahta Pimplas,"Rahta Pimplas,Maharashtra,India",City
Chingavanam,"Chingavanam,Kerala,India",City
Rahuri,"Rahuri,Rahuri,Maharashtra,India",City
Vadaveeranaickenpatty,"Vadaveeranaickenpatty,Tamil Nadu,India",City
Kolhar Budruk,"Kolhar Budruk,Maharashtra,India",City
Pala,"Pala,Kerala,India",City
Kolhar Kh,"Kolhar Kh,Maharashtra,India",City
Chalakudy,"Chalakudy,Kerala,India",City
Sangamner,"Sangamner,Maharashtra,India",City
Nedumbassery,"Nedumbassery,Kerala,India",Neighborhood
Alephata,"Alephata,Maharashtra,India",City
Karukutty,"Karukutty,Kerala,India",City
Manchar,"Manchar,Maharashtra,India",City
Vadakkumbhagom,"Vadakkumbhagom,Kerala,India",City
Deolali,"Deolali,Maharashtra,India",City
North Paravur,"North Paravur,Kerala,India",City
Sinnar,"Sinnar,Maharashtra,India",City
Thalayolaparambu,"Thalayolaparambu,Kerala,India",City
Piraman,"Piraman,Gujarat,India",City
Thuravoor Thekku,"Thuravoor Thekku,Kerala,India",City
Kadodara,"Kadodara,Gujarat,India",City
Pattanakkad,"Pattanakkad,Kerala,India",City
Vareli,"Vareli,Gujarat,India",City
Aryad South,"Aryad South,Kerala,India",City
Gothan,"Gothan,Gujarat,India",City
Ambalapuzha,"Ambalapuzha,Ambalapuzha,Kerala,India",City
Sachin INA,"Sachin INA,Gujarat,India",City
Payyanur,"Payyanur,Kerala,India",City
Karala,"Karala,Gujarat,India",City
Kanhangad,"Kanhangad,Kerala,India",City
Palsana,"Palsana,Palsana,Gujarat,India",City
Channarayapatna,"Channarayapatna,Channarayapatna,Karnataka,India",City
Pardi Parnera,"Pardi Parnera,Gujarat,India",City
Cheruvannur,"Cheruvannur,Kerala,India",City
Killa-pardi,"Killa-pardi,Gujarat,India",City
Ramanattukara,"Ramanattukara,Kerala,India",City
Rentlav,"Rentlav,Gujarat,India",City
Mahe,"Mahe,Puducherry,India",City
Silvassa,"Silvassa,Dadra and Nagar Haveli and Daman and Diu,India",City
Koyilandy,"Koyilandy,Kerala,India",City
Valwada,"Valwada,Gujarat,India",City
Kunnamkulam,"Kunnamkulam,Kunnamkulam,Kerala,India",City
Alipor,"Alipor,Gujarat,India",City
Kurumbathur,"Kurumbathur,Kerala,India",City
Bilimora,"Bilimora,Gujarat,India",City
Edappal,"Edappal,Kerala,India",City
Jalalpore,"Jalalpore,Gujarat,India",City
Ottapalam,"Ottapalam,Kerala,India",City
Ghol,"Ghol,Maharashtra,India",City
Wadakkanchery,"Wadakkanchery,Kerala,India",City
Mokhavane,"Mokhavane,Maharashtra,India",City
Anjur,"Anjur,Kerala,India",City
Kasara,"Kasara,Maharashtra,India",City
Nenmanikkara,"Nenmanikkara,Kerala,India",City
Shirol,"Shirol,Konkan Division,Maharashtra,India",City
Irinjalakuda,"Irinjalakuda,Kerala,India",City
Atgaon,"Atgaon,Maharashtra,India",City
Perambra,"Perambra,Kerala,India",City
Asangaon,"Asangaon,Maharashtra,India",City
Puthukkad,"Puthukkad,Kerala,India",City
Arjunali,"Arjunali,Maharashtra,India",City
Sulur,"Sulur,Sulur,Tamil Nadu,India",City
Kaman,"Kaman,Maharashtra,India",City
Singanallur,"Singanallur,Tamil Nadu,India",Neighborhood
Waliv,"Waliv,Maharashtra,India",City
Madukkarai,"Madukkarai,Tamil Nadu,India",Neighborhood
Maljipada,"Maljipada,Maharashtra,India",City
Kuniyamuthur,"Kuniyamuthur,Tamil Nadu,India",Neighborhood
Ranjnoli,"Ranjnoli,Maharashtra,India",City
Pudussery Central,"Pudussery Central,Kerala,India",City
Dive Anjur,"Dive Anjur,Maharashtra,India",City
Pudussery West,"Pudussery West,Kerala,India",City
Nilje Gaon,"Nilje Gaon,Maharashtra,India",City
Kannadi-I,"Kannadi-I,Kerala,India",City
Wahal,"Wahal,Maharashtra,India",City
Kuzhalmannam-I,"Kuzhalmannam-I,Kerala,India",City
Vayal,"Vayal,Maharashtra,India",City
Mettupalayam,"Mettupalayam,Tamil Nadu,India",City
Isambe,"Isambe,Maharashtra,India",City
Kurudampalayam,"Kurudampalayam,Tamil Nadu,India",City
Rees,"Rees,Maharashtra,India",City
Narasimhanaickenpalayam,"Narasimhanaickenpalayam,Tamil Nadu,India",Neighborhood
Rasayani,"Rasayani,Maharashtra,India",City
Neelambur,"Neelambur,Tamil Nadu,India",City
Adai,"Adai,Maharashtra,India",City
Kaniyur,"Kaniyur,Tamil Nadu,India",City
Vichumbe,"Vichumbe,Maharashtra,India",Neighborhood
Pudupalayam,"Pudupalayam,Tamil Nadu,India",City
Lonavala,"Lonavala,Maharashtra,India",City
South Nallur,"South Nallur,Tamil Nadu,India",City
Khed,"Khed,Maharashtra,India",City
Kanchipuram,"Kanchipuram,Kanchipuram,Tamil Nadu,India",City
Palladam,"Palladam,Palladam,Tamil Nadu,India",City
Tiruvottiyur,"Tiruvottiyur,Tiruvottiyur,Tamil Nadu,India",Neighborhood
Palani,"Palani,Palani,Tamil Nadu,India",City
Tambaram,"Tambaram,Tamil Nadu,India",Neighborhood
S.Kannanur,"S.Kannanur,Tamil Nadu,India",City
Chandausi,"Chandausi,Chandausi,Uttar Pradesh,India",Neighborhood
Thirumandurai,"Thirumandurai,Tamil Nadu,India",City
Halisahar,"Halisahar,West Bengal,India",Neighborhood
Edaikkal,"Edaikkal,Tamil Nadu,India",City
Bally,"Bally,West Bengal,India",Neighborhood
Avathanapatti,"Avathanapatti,Tamil Nadu,India",City
Rishra,"Rishra,West Bengal,India",Neighborhood
Tiruvannamalai,"Tiruvannamalai,Tiruvannamalai,Tamil Nadu,India",City
Tumkur,"Tumkur,Karnataka,India",Neighborhood
Pallikonda,"Pallikonda,Tamil Nadu,India",City
Uluberia,"Uluberia,Uluberia,West Bengal,India",Neighborhood
Arcot,"Arcot,Tamil Nadu,India",City
Karawal Nagar,"Karawal Nagar,Delhi,India",Neighborhood
Ranipet,"Ranipet,Tamil Nadu,India",City
Naihati,"Naihati,West Bengal,India",Neighborhood
Veppur,"Veppur,Tamil Nadu,India",City
Ambattur,"Ambattur,Tamil Nadu,India",Neighborhood
Murukambattu,"Murukambattu,Andhra Pradesh,India",City
Champdani,"Champdani,West Bengal,India",Neighborhood
Thekkupattu,"Thekkupattu,Tamil Nadu,India",City
Rajpur Sonarpur,"Rajpur Sonarpur,West Bengal,India",City Region
Malur,"Malur,Malur,Karnataka,India",City
Orakol,"Orakol,Odisha,India",City
Hoskote,"Hoskote,Hoskote,Karnataka,India",City
Mulakuzha,"Mulakuzha,Kerala,India",City
Hullur Amanikere,"Hullur Amanikere,Karnataka,India",City
Deo Ka Harwara,"Deo Ka Harwara,Rajasthan,India",City
Kothnur,"Kothnur,Karnataka,India",Neighborhood
Jaggampeta,"Jaggampeta,Jaggampeta,Andhra Pradesh,India",City
Geddalahalli,"Geddalahalli,Karnataka,India",City
Dediyasan Part,"Dediyasan Part,Gujarat,India",City
Pujanahalli,"Pujanahalli,Karnataka,India",City
Kiratpur Sahib,"Kiratpur Sahib,Punjab,India",City
Sidedahalli,"Sidedahalli,Karnataka,India",City
Kuravilangad,"Kuravilangad,Kerala,India",City
Thippagondanahalli,"Thippagondanahalli,Karnataka,India",City
Baghpat,"Baghpat,Baghpat,Uttar Pradesh,India",City
Kengalkempohalli,"Kengalkempohalli,Karnataka,India",City
Acoi Village,"Acoi Village,Goa,India",City
Bommanahalli,"Bommanahalli,Karnataka,India",City
Kunnathidavaka,"Kunnathidavaka,Kerala,India",City
Budihal,"Budihal,Karnataka,India",City
Gangavathi,"Gangavathi,Karnataka,India",City
Bhavikere,"Bhavikere,Karnataka,India",City
Sanivarapupeta,"Sanivarapupeta,Andhra Pradesh,India",City
Kambipura,"Kambipura,Karnataka,India",City
Nalagarh,"Nalagarh,Nalagarh,Himachal Pradesh,India",City
Kommaghatta,"Kommaghatta,Karnataka,India",City
Jetalpur,"Jetalpur,Gujarat,India",City
Doddamannugudde Forest,"Doddamannugudde Forest,Karnataka,India",City
Unnamalaikadai,"Unnamalaikadai,Tamil Nadu,India",City
Bolappanahalli,"Bolappanahalli,Karnataka,India",City
Kovalam,"Kovalam,Kerala,India",City
Jigani,"Jigani,Karnataka,India",City
Laxmangarh,"Laxmangarh,Rajasthan,India",City
Bommasandra,"Bommasandra,Karnataka,India",Neighborhood
Madhira,"Madhira,Madhira,Telangana,India",City
Moranapalli,"Moranapalli,Tamil Nadu,India",City
Bhuntar,"Bhuntar,Bhuntar,Himachal Pradesh,India",City
Nanjangud,"Nanjangud,Nanjangud,Karnataka,India",City
Munger,"Munger,Munger,Bihar,India",City
Srirangapatna,"Srirangapatna,Karnataka,India",City
Athipatttu,"Athipatttu,Tamil Nadu,India",City
Maddur,"Maddur,Maddur,Karnataka,India",City
Hardhyanpura,"Hardhyanpura,Rajasthan,India",City
Karabylu,"Karabylu,Karnataka,India",City
Shivpuri,"Shivpuri,Shivpuri,Madhya Pradesh,India",City
Dharmavaram,"Dharmavaram,Dharmavaram,Andhra Pradesh,India",City
Wankaner,"Wankaner,Wankaner,Gujarat,India",City
Hindupuram,"Hindupuram,Andhra Pradesh,India",City
Nere,"Nere,Maharashtra,India",City
Gauribidanur,"Gauribidanur,Karnataka,India",Neighborhood
Kadiri,"Kadiri,Kadiri,Andhra Pradesh,India",City
Tadipatri,"Tadipatri,Andhra Pradesh,India",City
Kainsir,"Kainsir,Odisha,India",City
Nandyala,"Nandyala,Andhra Pradesh,India",City
Perumanna Klari Gramapanchayat,"Perumanna Klari Gramapanchayat,Kerala,India",City
Pullur,"Pullur,Telangana,India",City
Sompura,"Sompura,Karnataka,India",City
Bhadravathi,"Bhadravathi,Bhadravathi,Karnataka,India",City
Palase,"Palase,Maharashtra,India",City
Kundapura,"Kundapura,Kundapura,Karnataka,India",City
Melila,"Melila,Kerala,India",City
Bramavara,"Bramavara,Karnataka,India",City
Nidubrolu,"Nidubrolu,Andhra Pradesh,India",City
Navelim Village,"Navelim Village,Goa,India",City
Bhind,"Bhind,Bhind,Madhya Pradesh,India",City
Cortalim,"Cortalim,Goa,India",City
Kodur,"Kodur,Andhra Pradesh,India",City
Ella,"Ella,Goa,India",City
Rayachoty,"Rayachoty,Andhra Pradesh,India",City
Kasimkota,"Kasimkota,Andhra Pradesh,India",City
Chimbel,"Chimbel,Goa,India",City
Araria,"Araria,Araria,Bihar,India",City
Neugi Nagar,"Neugi Nagar,Goa,India",City
Babhaleshwar,"Babhaleshwar,Maharashtra,India",City
Calangute,"Calangute,Goa,India",City
Thrikkalathoor,"Thrikkalathoor,Kerala,India",City
Mormugao,"Mormugao,Goa,India",City
Krishnareddi Thagelu,"Krishnareddi Thagelu,Andhra Pradesh,India",City
Baga,"Baga,Goa,India",City
Dhanupura,"Dhanupura,Uttar Pradesh,India",City
Saligao,"Saligao,Goa,India",City
Pilibhit,"Pilibhit,Pilibhit,Uttar Pradesh,India",City
Shiroli,"Shiroli,Maharashtra,India",City
Dongargaon,"Dongargaon,Maharashtra,India",City
Vathar Tarf Vadgaon,"Vathar Tarf Vadgaon,Maharashtra,India",City
Jaysingpur,"Jaysingpur,Maharashtra,India",City
Pirwadi,"Pirwadi,Maharashtra,India",City
Dhangarwadi,"Dhangarwadi,Maharashtra,India",City
Khandala,"Khandala,Khandala,Maharashtra,India",City
Khadewadi,"Khadewadi,Maharashtra,India",City
Vadgaon,"Vadgaon,Maharashtra,India",City
Talegaon Dabhade,"Talegaon Dabhade,Maharashtra,India",City
Mahalunge,"Mahalunge,Maharashtra,India",City
Sunarwadi,"Sunarwadi,Maharashtra,India",City
Nanekarwadi,"Nanekarwadi,Maharashtra,India",Neighborhood
Koregaon Bhima,"Koregaon Bhima,Maharashtra,India",City
Autadwadi Handewadi,"Autadwadi Handewadi,Maharashtra,India",Neighborhood
Virobawadi,"Virobawadi,Maharashtra,India",City
Boripardhi,"Boripardhi,Maharashtra,India",City
Baramati,"Baramati,Baramati,Maharashtra,India",City
Mohol,"Mohol,Mohol,Maharashtra,India",City
Kurduvadi,"Kurduvadi,Maharashtra,India",City
Bagalkote,"Bagalkote,Karnataka,India",City
Wadi ACC,"Wadi ACC,Karnataka,India",City
Yerravalli,"Yerravalli,Telangana,India",City
Lakkaram,"Lakkaram,Telangana,India",City
Lingoji Guda,"Lingoji Guda,Telangana,India",City
Golla Guda Rural,"Golla Guda Rural,Telangana,India",City
Bhuvanagiri,"Bhuvanagiri,Telangana,India",City
Bibinagar,"Bibinagar,Bibinagar,Telangana,India",City
Ghatkesar,"Ghatkesar,Ghatkesar,Telangana,India",City
Kandlakoya,"Kandlakoya,Telangana,India",City
Dundigal,"Dundigal,Telangana,India",City
Kaziguda,"Kaziguda,Telangana,India",City
Himayath Sagar,"Himayath Sagar,Telangana,India",City
Turkayamjal,"Turkayamjal,Telangana,India",City
Manneguda,"Manneguda,Telangana,India",City
Sreenagar,"Sreenagar,Telangana,India",City
Ibrahimpatnam,"Ibrahimpatnam,Telangana,India",City
Pashambanda,"Pashambanda,Telangana,India",City
Gandiguda,"Gandiguda,Telangana,India",Neighborhood
Farooqnagar,"Farooqnagar,Telangana,India",City
Siddipet,"Siddipet,Telangana,India",City
Ibrahimpur,"Ibrahimpur,Telangana,India",City
Ghanpur,"Ghanpur,Telangana,India",City
Armur,"Armur,Armur,Telangana,India",City
Bidar,"Bidar,Bidar,Karnataka,India",City
Ballarpur,"Ballarpur,Ballarpur,Maharashtra,India",City
Hinganghat,"Hinganghat,Hinganghat,Maharashtra,India",City
Yavatmal,"Yavatmal,Yavatmal,Maharashtra,India",City
Wardha,"Wardha,Wardha,Maharashtra,India",City
Butibori,"Butibori,Maharashtra,India",City
Bori,"Bori,Maharashtra,India",City
Jalna,"Jalna,Jalna,Maharashtra,India",City
Wadgaon Kolhati,"Wadgaon Kolhati,Maharashtra,India",City
Manmad,"Manmad,Maharashtra,India",City
Sawali Vihir Bk.,"Sawali Vihir Bk.,Maharashtra,India",City
Nagapur,"Nagapur,Maharashtra,India",City
Palwe Kh.,"Palwe Kh.,Maharashtra,India",Neighborhood
Ghulewadi,"Ghulewadi,Maharashtra,India",City
Narayangaon,"Narayangaon,Maharashtra,India",City
Igatpuri,"Igatpuri,Igatpuri,Maharashtra,India",City
Ghoti Budruk,"Ghoti Budruk,Maharashtra,India",City
Khambale,"Khambale,Maharashtra,India",City
Kasara Khu.,"Kasara Khu.,Maharashtra,India",City
Pipodara,"Pipodara,Gujarat,India",City
Kim,"Kim,Gujarat,India",City
Kosamba,"Kosamba,Gujarat,India",City
Dhamdod,"Dhamdod,Gujarat,India",City
Valthan,"Valthan,Gujarat,India",City
Haripura,"Haripura,Gujarat,India",City
Khadsad,"Khadsad,Gujarat,India",City
Kamrej,"Kamrej,Kamrej,Gujarat,India",Neighborhood
Amboli,"Amboli,Gujarat,India",City
Choryasi,"Choryasi,Gujarat,India",City
Pardi,"Pardi,Gujarat,India",City
Un,"Un,Gujarat,India",City
Kansad,"Kansad,Gujarat,India",City
Mahuvar,"Mahuvar,Gujarat,India",City
Baleshwar,"Baleshwar,Gujarat,India",City
Tidhara,"Tidhara,Gujarat,India",City
Marwad,"Marwad,Dadra and Nagar Haveli and Daman and Diu,India",City
Chikhli,"Chikhli,Chikhli,Gujarat,India",City
Thala,"Thala,Gujarat,India",City
Rajwada,"Rajwada,Gujarat,India",City
Saphale,"Saphale,Maharashtra,India",City
Manor,"Manor,Maharashtra,India",City
Palghar,"Palghar,Palghar,Maharashtra,India",City
Ambivli,"Ambivli,Maharashtra,India",City
Padgha,"Padgha,Maharashtra,India",City
Vasind,"Vasind,Maharashtra,India",City
Navghar,"Navghar,Maharashtra,India",Neighborhood
Shirsad,"Shirsad,Maharashtra,India",City
Dhaniv,"Dhaniv,Maharashtra,India",City
sativli,"sativli,Maharashtra,India",Neighborhood
Pelhar,"Pelhar,Maharashtra,India",Neighborhood
Sasunavghar,"Sasunavghar,Maharashtra,India",Neighborhood
Kumbhivali,"Kumbhivali,Maharashtra,India",City
Madap,"Madap,Maharashtra,India",City
Ambivali T. Tungartan,"Ambivali T. Tungartan,Maharashtra,India",City
Kon,"Kon,Maharashtra,India",Neighborhood
Karjat,"Karjat,Karjat,Maharashtra,India",City
Khopoli,"Khopoli,Maharashtra,India",City
Dahivati Tarf Boreti,"Dahivati Tarf Boreti,Maharashtra,India",City
Rajnandgaon,"Rajnandgaon,Chhattisgarh,India",City
Loni,"Loni,Uttar Pradesh,India",Neighborhood
Serampore,"Serampore,West Bengal,India",Neighborhood
Madhyamgram,"Madhyamgram,West Bengal,India",Neighborhood
Panvel,"Panvel,Panvel,Maharashtra,India",Neighborhood
Ganganagar,"Ganganagar,Karnataka,India",Neighborhood
Hastsal,"Hastsal,Delhi,India",Neighborhood
Kulti,"Kulti,West Bengal,India",City
Dahegam,"Dahegam,Gujarat,India",City
Alamcode,"Alamcode,Kerala,India",City
Chemancheri,"Chemancheri,Kerala,India",City
Saktigarh,"Saktigarh,West Bengal,India",City
Khaira,"Khaira,Maharashtra,India",City
Rangia,"Rangia,Assam,India",City
Alur,"Alur,Tamil Nadu,India",City
Venganoor,"Venganoor,Kerala,India",City
Panchgani,"Panchgani,Maharashtra,India",City
Venkatapuram,"Venkatapuram,Tamil Nadu,India",City
Vangaon,"Vangaon,Maharashtra,India",City
Mharal Bk,"Mharal Bk,Maharashtra,India",City
Babina,"Babina,Uttar Pradesh,India",City
Venniyour,"Venniyour,Kerala,India",City
Balugaon,"Balugaon,Odisha,India",City
Karakambadi Rural,"Karakambadi Rural,Andhra Pradesh,India",City
Thonnakkal,"Thonnakkal,Kerala,India",City
Deoguradia,"Deoguradia,Madhya Pradesh,India",City
Sharah Kajani,"Sharah Kajani,Rajasthan,India",City
Baripada,"Baripada,Odisha,India",City
Tonk,"Tonk,Tonk,Rajasthan,India",City
Rampura Phul,"Rampura Phul,Rampura Phul,Punjab,India",City
Warasgaon,"Warasgaon,Maharashtra,India",City
Bilaspur,"Bilaspur,Bilaspur,Himachal Pradesh,India",City
Vagator,"Vagator,Goa,India",City
Manarcadu,"Manarcadu,Kerala,India",City
Iringal,"Iringal,Kerala,India",City
Kalaparru,"Kalaparru,Andhra Pradesh,India",City
Manjalloor,"Manjalloor,Kerala,India",City
Pothencode,"Pothencode,Kerala,India",City
Wadapally,"Wadapally,Telangana,India",City
Yerpadu,"Yerpadu,Andhra Pradesh,India",City
Diamond Harbour,"Diamond Harbour,Diamond Harbour,West Bengal,India",City
Nandakumar,"Nandakumar,West Bengal,India",City
Siolim,"Siolim,Goa,India",City
Kumily,"Kumily,Kerala,India",City
Dehu,"Dehu,Maharashtra,India",City
Mutsandra,"Mutsandra,Karnataka,India",City
Yellareddy Guda,"Yellareddy Guda,Telangana,India",City
Veleru,"Veleru,Andhra Pradesh,India",City
Navalpattu,"Navalpattu,Tamil Nadu,India",City
Machilipatnam,"Machilipatnam,Machilipatnam,Andhra Pradesh,India",City
Walajapet,"Walajapet,Walajapet,Tamil Nadu,India",City
Aikaranad North,"Aikaranad North,Kerala,India",City
Jitu,"Jitu,West Bengal,India",City
Govindgarh,"Govindgarh,Rajasthan,India",City
Velloor,"Velloor,Kerala,India",City
Mannoor,"Mannoor,Kerala,India",City
Pileru,"Pileru,Pileru,Andhra Pradesh,India",Neighborhood
Doddasiddavvanahalli,"Doddasiddavvanahalli,Karnataka,India",City
Thokottu,"Thokottu,Karnataka,India",City
Bihta,"Bihta,Bihar,India",City
Mohania,"Mohania,Bihar,India",City
Varamballi,"Varamballi,Karnataka,India",City
Janjgir,"Janjgir,Chhattisgarh,India",City
Purnia,"Purnia,Bihar,India",City
Sahibzada Ajit Singh Nagar,"Sahibzada Ajit Singh Nagar,Punjab,India",City
Firozpur,"Firozpur,Punjab,India",City
Pune International Airport,"Pune International Airport,Maharashtra,India",Airport
Indira Gandhi International Airport (Delhi Airport),"Indira Gandhi International Airport (Delhi Airport),Delhi,India",Airport
Kempegowda International Airport Bengaluru,"Kempegowda International Airport Bengaluru,Karnataka,India",Airport
Rajamahendravaram,"Rajamahendravaram,Andhra Pradesh,India",City
Gurugram,"Gurugram,Haryana,India",City
Dadra and Nagar Haveli and Daman and Diu,"Dadra and Nagar Haveli and Daman and Diu,India",Union Territory
Jalgaon,"Jalgaon,Nashik Division,Maharashtra,India",City
Prayagraj,"Prayagraj,Uttar Pradesh,India",City
Belagavi,"Belagavi,Karnataka,India",City
Chhatrapati Shivaji Maharaj International Airport,"Chhatrapati Shivaji Maharaj International Airport,Maharashtra,India",Airport
Vasai-Virar,"Vasai-Virar,Maharashtra,India",City
Vapi,"Vapi,Gujarat,India",Municipality
Vellore,"Vellore,Tamil Nadu,India",Municipality
Siliguri,"Siliguri,West Bengal,India",Municipality
Korba,"Korba,Chhattisgarh,India",Municipality
Vadodara,"Vadodara,Gujarat,India",Municipality
Bhiwandi,"Bhiwandi,Maharashtra,India",Municipality
Haldwani,"Haldwani,Uttarakhand,India",Municipality
Hosur,"Hosur,Tamil Nadu,India",Municipality
Navsari,"Navsari,Gujarat,India",Municipality
Aurangabad,"Aurangabad,Maharashtra,India",Municipality
Kurnool,"Kurnool,Andhra Pradesh,India",Municipality
Erode,"Erode,Tamil Nadu,India",Municipality
Thane,"Thane,Maharashtra,India",Municipality
Baddi,"Baddi,Himachal Pradesh,India",Municipality
Sangrur,"Sangrur,Punjab,India",Municipality
Chittoor,"Chittoor,Andhra Pradesh,India",Municipality
Meerut,"Meerut,Uttar Pradesh,India",Municipality
Mysuru,"Mysuru,Karnataka,India",Municipality
Nashik,"Nashik,Maharashtra,India",Municipality
Silchar,"Silchar,Assam,India",Municipality
Nagpur,"Nagpur,Maharashtra,India",Municipality
Nadiad,"Nadiad,Gujarat,India",Municipality
Barnala,"Barnala,Punjab,India",Municipality
Jamnagar,"Jamnagar,Gujarat,India",Municipality
Chengannur,"Chengannur,Kerala,India",Municipality
Rohtak,"Rohtak,Haryana,India",Municipality
Ghaziabad,"Ghaziabad,Uttar Pradesh,India",Municipality
Alwar,"Alwar,Rajasthan,India",Municipality
Patiala,"Patiala,Punjab,India",Municipality
Thiruvananthapuram,"Thiruvananthapuram,Kerala,India",Municipality
Jaipur,"Jaipur,Rajasthan,India",Municipality
Bhavnagar,"Bhavnagar,Gujarat,India",Municipality
Ajmer,"Ajmer,Rajasthan,India",Municipality
Dehradun,"Dehradun,Uttarakhand,India",Municipality
Salem,"Salem,Tamil Nadu,India",Municipality
Bareilly,"Bareilly,Uttar Pradesh,India",Municipality
Kalyan,"Kalyan,Maharashtra,India",Municipality
Karimnagar,"Karimnagar,Telangana,India",Municipality
Haridwar,"Haridwar,Uttarakhand,India",Municipality
Bhimavaram,"Bhimavaram,Andhra Pradesh,India",Municipality
Dhule,"Dhule,Maharashtra,India",Municipality
Kangra,"Kangra,Himachal Pradesh,India",Municipality
Kottayam,"Kottayam,Kerala,India",Municipality
Tirunelveli,"Tirunelveli,Tamil Nadu,India",Municipality
Unnao,"Unnao,Uttar Pradesh,India",Municipality
Lucknow,"Lucknow,Uttar Pradesh,India",Municipality
Ongole,"Ongole,Andhra Pradesh,India",Municipality
Shivamogga,"Shivamogga,Karnataka,India",Municipality
Kalaburagi,"Kalaburagi,Karnataka,India",Municipality
Samastipur,"Samastipur,Bihar,India",Municipality
Bilaspur,"Bilaspur,Chhattisgarh,India",Municipality
Faridabad,"Faridabad,Haryana,India",Municipality
Kollam,"Kollam,Kerala,India",Municipality
Latur,"Latur,Maharashtra,India",Municipality
Gandhidham,"Gandhidham,Gujarat,India",Municipality
Karur,"Karur,Tamil Nadu,India",Municipality
Dharwad,"Dharwad,Karnataka,India",Municipality
Secunderabad,"Secunderabad,Telangana,India",Municipality
Gandhinagar,"Gandhinagar,Gujarat,India",Municipality
Panipat,"Panipat,Haryana,India",Municipality
Rishikesh,"Rishikesh,Uttarakhand,India",Municipality
Indore,"Indore,Madhya Pradesh,India",Municipality
Sambalpur,"Sambalpur,Odisha,India",Municipality
Puducherry,"Puducherry,Puducherry,India",Municipality
Raigarh,"Raigarh,Chhattisgarh,India",Municipality
Jharsuguda,"Jharsuguda,Odisha,India",Municipality
Satara,"Satara,Maharashtra,India",Municipality
Varanasi,"Varanasi,Uttar Pradesh,India",Municipality
Roorkee,"Roorkee,Uttarakhand,India",Municipality
Durgapur,"Durgapur,West Bengal,India",Municipality
Kannur,"Kannur,Kerala,India",Municipality
Agra,"Agra,Uttar Pradesh,India",Municipality
Vijayapura,"Vijayapura,Karnataka,India",Municipality
Jabalpur,"Jabalpur,Madhya Pradesh,India",Municipality
Bhuj,"Bhuj,Gujarat,India",Municipality
Cuttack,"Cuttack,Odisha,India",Municipality
Jodhpur,"Jodhpur,Rajasthan,India",Municipality
Palakkad,"Palakkad,Kerala,India",Municipality
Moradabad,"Moradabad,Uttar Pradesh,India",Municipality
Sagar,"Sagar,Madhya Pradesh,India",Municipality
Sivakasi,"Sivakasi,Tamil Nadu,India",Municipality
Bharuch,"Bharuch,Gujarat,India",Municipality
Nanded,"Nanded,Maharashtra,India",Municipality
Eluru,"Eluru,Andhra Pradesh,India",Municipality
Virudhunagar,"Virudhunagar,Tamil Nadu,India",Municipality
Hisar,"Hisar,Haryana,India",Municipality
Bikaner,"Bikaner,Rajasthan,India",Municipality
Hoshiarpur,"Hoshiarpur,Punjab,India",Municipality
Jhansi,"Jhansi,Uttar Pradesh,India",Municipality
Sonipat,"Sonipat,Haryana,India",Municipality
Kozhikode,"Kozhikode,Kerala,India",Municipality
Durg,"Durg,Chhattisgarh,India",Municipality
Anand,"Anand,Gujarat,India",Municipality
Ranchi,"Ranchi,Jharkhand,India",Municipality
Udupi,"Udupi,Karnataka,India",Municipality
Nellore,"Nellore,Andhra Pradesh,India",Municipality
Raipur,"Raipur,Chhattisgarh,India",Municipality
Valsad,"Valsad,Gujarat,India",Municipality
Karnal,"Karnal,Haryana,India",Municipality
Thanjavur,"Thanjavur,Tamil Nadu,India",Municipality
Rajkot,"Rajkot,Gujarat,India",Municipality
Ballari,"Ballari,Karnataka,India",Municipality
Brahmapur,"Brahmapur,Odisha,India",Municipality
Mathura,"Mathura,Uttar Pradesh,India",Municipality
Bathinda,"Bathinda,Punjab,India",Municipality
Sangagiri,"Sangagiri,Tamil Nadu,India",City
Sirsai,"Sirsai,Goa,India",City
Pilern,"Pilern,Goa,India",City
Santhacruz,"Santhacruz,Goa,India",City
Sankval,"Sankval,Goa,India",City
Nagve,"Nagve,Goa,India",City
Naveli,"Naveli,Goa,India",City
Talasari,"Talasari,Maharashtra,India",Municipality
Asgaon,"Asgaon,Goa,India",City
Vasco Da Gama,"Vasco Da Gama,Goa,India",City
Madgaon,"Madgaon,Goa,India",City
Baingini,"Baingini,Goa,India",City
Perinthalmanna,"Perinthalmanna,Kerala,India",City
Penha de Franc,"Penha de Franc,Goa,India",City
Kalol,"Kalol,Gujarat,India",City
Baikunthpur,"Baikunthpur,Chhattisgarh,India",City
Keshod,"Keshod,Gujarat,India",Municipality
Mangrol,"Mangrol,Gujarat,India",Municipality
Tadepalle,"Tadepalle,Andhra Pradesh,India",Municipality
Deoli,"Deoli,Maharashtra,India",Municipality
Baikunthpur,"Baikunthpur,Chhattisgarh,India",Municipality
Narayanpur,"Narayanpur,Telangana,India",Municipality
Mandla,"Mandla,Jabalpur Division,Madhya Pradesh,India",Municipality
Gangavaram,"Gangavaram,Andhra Pradesh,India",Municipality
Elamanchili,"Elamanchili,Andhra Pradesh,India",Municipality
Kalol,"Kalol,Gujarat,India",Municipality
Gangavaram,"Gangavaram,Andhra Pradesh,India",Municipality
Tenkasi,"Tenkasi,Tamil Nadu,India",Municipality
Elamanchili,"Elamanchili,Andhra Pradesh,India",Municipality
Tenkasi,"Tenkasi,Tamil Nadu,India",Municipality
Berla,"Berla,Rajasthan,India",City
Rajpur,"Rajpur,Gujarat,India",City
Rajpur,"Rajpur,Gujarat,India",City
Basna,"Basna,Rajasthan,India",City
Basna,"Basna,Rajasthan,India",City
Narayanpur,"Narayanpur,Gwalior Division,Madhya Pradesh,India",City
Berla,"Berla,Rajasthan,India",City
Narayanpur,"Narayanpur,Sagar Division,Madhya Pradesh,India",City
Narayanpur,"Narayanpur,Gwalior Division,Madhya Pradesh,India",City
Narayanpur,"Narayanpur,Sagar Division,Madhya Pradesh,India",City
Narayanpur,"Narayanpur,Uttar Pradesh,India",City
Narayanpur,"Narayanpur,Prayagraj Division,Uttar Pradesh,India",City
Narayanpur,"Narayanpur,Prayagraj Division,Uttar Pradesh,India",City
Narayanpur,"Narayanpur,Uttar Pradesh,India",City
Nagri,"Nagri,Jharkhand,India",City
Nagri,"Nagri,Jharkhand,India",City
Narayanpur,"Narayanpur,Karnataka,India",City
Narayanpur,"Narayanpur,Karnataka,India",City
Khargone,"Khargone,Madhya Pradesh,India",City
Rampuria,"Rampuria,Madhya Pradesh,India",City
Rengali,"Rengali,Odisha,India",City
Dholi,"Dholi,Gujarat,India",City
Ladpura,"Ladpura,Madhya Pradesh,India",City
Mangrol,"Mangrol,Gujarat,India",City
Rampuria,"Rampuria,Madhya Pradesh,India",City
Ladpura,"Ladpura,Madhya Pradesh,India",City
Khargone,"Khargone,Madhya Pradesh,India",City
Lahar,"Lahar,Madhya Pradesh,India",City
Deoli,"Deoli,Ujjain Division,Madhya Pradesh,India",City
Deoli,"Deoli,Indore Division,Madhya Pradesh,India",City
Mandla,"Mandla,Jabalpur Division,Madhya Pradesh,India",City
Deoli,"Deoli,Maharashtra,India",City
Keshod,"Keshod,Gujarat,India",City
Dholi,"Dholi,Gujarat,India",City
Deoli,"Deoli,Indore Division,Madhya Pradesh,India",City
Deoli,"Deoli,Ujjain Division,Madhya Pradesh,India",City
Sunabeda,"Sunabeda,Odisha,India",City
Rengali,"Rengali,Odisha,India",City
Sunabeda,"Sunabeda,Odisha,India",City
Lahar,"Lahar,Madhya Pradesh,India",City
Kalol,"Kalol,Gujarat,India",Municipality
Mangrol,"Mangrol,Gujarat,India",Municipality
Baikunthpur,"Baikunthpur,Chhattisgarh,India",City
Rajpur,"Rajpur,Gujarat,India",City
Rajpur,"Rajpur,Gujarat,India",City
Basna,"Basna,Rajasthan,India",City
Berla,"Berla,Rajasthan,India",City
Narayanpur,"Narayanpur,Gwalior Division,Madhya Pradesh,India",City
Narayanpur,"Narayanpur,Sagar Division,Madhya Pradesh,India",City
Narayanpur,"Narayanpur,Uttar Pradesh,India",City
Narayanpur,"Narayanpur,Prayagraj Division,Uttar Pradesh,India",City
Narayanpur,"Narayanpur,Uttar Pradesh,India",City
Narayanpur,"Narayanpur,Karnataka,India",City
Mangrol,"Mangrol,Gujarat,India",City
Dholi,"Dholi,Gujarat,India",City
Dholi,"Dholi,Gujarat,India",City
Ladpura,"Ladpura,Madhya Pradesh,India",City
Keshod,"Keshod,Gujarat,India",City
Rengali,"Rengali,Odisha,India",City
Rampuria,"Rampuria,Madhya Pradesh,India",City
Mandla,"Mandla,Jabalpur Division,Madhya Pradesh,India",City
Rengali,"Rengali,Odisha,India",City
Deoli,"Deoli,Maharashtra,India",City
Deoli,"Deoli,Indore Division,Madhya Pradesh,India",City
Deoli,"Deoli,Ujjain Division,Madhya Pradesh,India",City
Sunabeda,"Sunabeda,Odisha,India",City
Lahar,"Lahar,Madhya Pradesh,India",City
Khargone,"Khargone,Madhya Pradesh,India",City
Kalol,"Kalol,Gujarat,India",City
Rajpur,"Rajpur,Gujarat,India",City
Rajpur,"Rajpur,Gujarat,India",City
Mangrol,"Mangrol,Gujarat,India",City
Dholi,"Dholi,Gujarat,India",City
Rengali,"Rengali,Odisha,India",City
Rengali,"Rengali,Odisha,India",City
Rengali,"Rengali,Odisha,India",City
Tadepalle,"Tadepalle,Andhra Pradesh,India",City
Tadepalle,"Tadepalle,Andhra Pradesh,India",City
Amrapali Leisure Valley,"Amrapali Leisure Valley,Uttar Pradesh,India",City
Nacharam,"Nacharam,Telangana,India",City
Shankar Vihar,"Shankar Vihar,Delhi,India",City
Raj Ghat,"Raj Ghat,Delhi,India",City
Nallagandla,"Nallagandla,Telangana,India",City
Balagere,"Balagere,Karnataka,India",City
Devasthanagalu,"Devasthanagalu,Karnataka,India",Neighborhood
Gnana Bharathi,"Gnana Bharathi,Karnataka,India",City
Sus,"Sus,Maharashtra,India",City
Manapakkam,"Manapakkam,Tamil Nadu,India",City
Seawoods,"Seawoods,Maharashtra,India",City
Pimple Nilakh,"Pimple Nilakh,Maharashtra,India",City
Rayasandra,"Rayasandra,Karnataka,India",City
Yamuna Bank,"Yamuna Bank,Delhi,India",City
Central Delhi,"Central Delhi,Delhi,India",District
Kancheepuram,"Kancheepuram,Tamil Nadu,India",District
South Delhi,"South Delhi,Delhi,India",District
West Delhi,"West Delhi,Delhi,India",District
North West Delhi,"North West Delhi,Delhi,India",District
East Delhi,"East Delhi,Delhi,India",District
Rangareddy,"Rangareddy,Telangana,India",District
Shahdara,"Shahdara,Delhi,India",District
Sholinganallur,"Sholinganallur,Tamil Nadu,India",City
Ahmadabad,"Ahmadabad,Gujarat,India",Municipality
Katraj,"Katraj,Maharashtra,India",City
Ravet,"Ravet,Maharashtra,India",City
Nizampet,"Nizampet,Telangana,India",City
Chinchwad,"Chinchwad,Maharashtra,India",City
Madipakkam,"Madipakkam,Tamil Nadu,India",City
Pimpri Colony,"Pimpri Colony,Maharashtra,India",City
Koramangala,"Koramangala,Karnataka,India",City
Financial District,"Financial District,Telangana,India",Neighborhood
Sector 62A,"Sector 62A,Uttar Pradesh,India",City
Rama Krishna Puram,"Rama Krishna Puram,Delhi,India",City
Khairtabad,"Khairtabad,Telangana,India",City
Velachery,"Velachery,Tamil Nadu,India",City
Bhayandar East,"Bhayandar East,Maharashtra,India",City
Jogeshwari East,"Jogeshwari East,Maharashtra,India",City
Vasant Kunj,"Vasant Kunj,Delhi,India",City
Viman Nagar,"Viman Nagar,Maharashtra,India",City
Bhandup West,"Bhandup West,Maharashtra,India",City
George Town,"George Town,Tamil Nadu,India",City
Wakad,"Wakad,Maharashtra,India",City
Nigdi,"Nigdi,Maharashtra,India",City
Alwal,"Alwal,Telangana,India",City
Lajpat Nagar,"Lajpat Nagar,Delhi,India",City
Malad,"Malad,Maharashtra,India",Neighborhood
Mukherjee Nagar,"Mukherjee Nagar,Delhi,India",City
Mulund West,"Mulund West,Maharashtra,India",City
Marol,"Marol,Maharashtra,India",Neighborhood
Brookefield,"Brookefield,Karnataka,India",City
Sangamvadi,"Sangamvadi,Maharashtra,India",City
C V Raman Nagar,"C V Raman Nagar,Karnataka,India",City
Greater Kailash,"Greater Kailash,Delhi,India",City
Fort,"Fort,Maharashtra,India",City
Mumbai Suburban,"Mumbai Suburban,Maharashtra,India",District
Mumbai City,"Mumbai City,Maharashtra,India",District
Sanpada,"Sanpada,Maharashtra,India",City
Virar East,"Virar East,Maharashtra,India",City
Krishnarajapura,"Krishnarajapura,Karnataka,India",City
Medavakkam,"Medavakkam,Tamil Nadu,India",City
Rajajinagar,"Rajajinagar,Karnataka,India",City
Pashan,"Pashan,Maharashtra,India",City
Worli,"Worli,Maharashtra,India",City
Ghansoli,"Ghansoli,Maharashtra,India",City
Sector 62,"Sector 62,Uttar Pradesh,India",City
Laxmi Nagar,"Laxmi Nagar,Delhi,India",City
Jubilee Hills,"Jubilee Hills,Telangana,India",City
Ashok Nagar,"Ashok Nagar,Rajasthan,India",City
Old City,"Old City,Gujarat,India",Neighborhood
Tangra,"Tangra,West Bengal,India",City
Kolivery Village,"Kolivery Village,Maharashtra,India",Neighborhood
Kondhwa,"Kondhwa,Maharashtra,India",City
Nayanda Halli,"Nayanda Halli,Karnataka,India",City
Vashi,"Vashi,Maharashtra,India",City
Mira Road East,"Mira Road East,Maharashtra,India",City
Malad East,"Malad East,Maharashtra,India",City
Halasuru,"Halasuru,Karnataka,India",Neighborhood
Tharamani,"Tharamani,Tamil Nadu,India",City
Mundhwa,"Mundhwa,Maharashtra,India",City
Mahadevapura,"Mahadevapura,Karnataka,India",City
Wagholi,"Wagholi,Maharashtra,India",City
Jayanagar,"Jayanagar,Karnataka,India",City
Ashok Vihar,"Ashok Vihar,Delhi,India",City
Bellandur,"Bellandur,Karnataka,India",City
Indirapuram,"Indirapuram,Uttar Pradesh,India",City
South East Delhi,"South East Delhi,Delhi,India",District
Banjara Hills,"Banjara Hills,Telangana,India",City
Mazgaon,"Mazgaon,Maharashtra,India",City
Kopar Khairane,"Kopar Khairane,Maharashtra,India",City
Bodakdev,"Bodakdev,Gujarat,India",City
Kandivali,"Kandivali,Maharashtra,India",Neighborhood
CBD Belapur,"CBD Belapur,Maharashtra,India",City
Kandivali East,"Kandivali East,Maharashtra,India",City
Perintalmanna,"Perintalmanna,Kerala,India",City
Narayanpur,"Narayanpur,Telangana,India",City
Narayanpur,"Narayanpur,Telangana,India",City
Assagao,"Assagao,Goa,India",City
Penha de Franca,"Penha de Franca,Goa,India",City
Talasri,"Talasri,Maharashtra,India",Municipality
Navelim,"Navelim,Goa,India",City
Nagoa,"Nagoa,Goa,India",City
Sancoale,"Sancoale,Goa,India",City
St. Cruz,"St. Cruz,Goa,India",City
Pilerne,"Pilerne,Goa,India",City
Sircaim,"Sircaim,Goa,India",City
Sankari,"Sankari,Sankari,Tamil Nadu,India",City
Bainguinim,"Bainguinim,Goa,India",City
Narayanpur,"Narayanpur,Telangana,India",City
Narayanpur,"Narayanpur,Telangana,India",City
Narayanpur,"Narayanpur,Telangana,India",City
Narayanpur,"Narayanpur,Telangana,India",City
Mahalunge,"Mahalunge,Maharashtra,India",City
Chandigarh,"Chandigarh,Chandigarh,India",Municipality
New Delhi,"New Delhi,Delhi,India",District
Chennai,"Chennai,Tamil Nadu,India",District
Hyderabad,"Hyderabad,Telangana,India",District
Punjabi Bagh,"Punjabi Bagh,Delhi,India",City
Mehrauli,"Mehrauli,Delhi,India",City
Kolkata,"Kolkata,West Bengal,India",Municipality
Vasant Vihar,"Vasant Vihar,Delhi,India",City
Kondapur,"Kondapur,Telangana,India",City
